[{"created_at":"Mon Aug 15 13:13:23 +0000 2016","id":765174549075951616,"id_str":"765174549075951616","text":"RT @Tim535353: Nice @Twitter Could Be Coming to Your TV https:\/\/t.co\/NuXttu3WiP","truncated":false,"entities":{"hashtags":[],"symbols":[],"user_mentions":[{"screen_name":"Tim535353","name":"Tim Dorsey","id":59,"id_str":"59","indices":[3,13]},{"screen_name":"twitter","name":"Twitter","id":783214,"id_str":"783214","indices":[20,28]}],"urls":[{"url":"https:\/\/t.co\/NuXttu3WiP","expanded_url":"http:\/\/www.vanityfair.com\/news\/2016\/08\/twitter-could-be-coming-to-your-tv","display_url":"vanityfair.com\/news\/2016\/08\/t\u2026","indices":[56,79]}]},"source":"\u003ca href=\"http:\/\/twitter.com\/download\/iphone\" rel=\"nofollow\"\u003eTwitter for iPhone\u003c\/a\u003e","in_reply_to_status_id":null,"in_reply_to_status_id_str":null,"in_reply_to_user_id":null,"in_reply_to_user_id_str":null,"in_reply_to_screen_name":null,"user":{"id":60,"id_str":"60","name":"Andrew Dorsey","screen_name":"andrew","location":"St. Louis","description":"U AINT COOL TILL U ON TWITTER","url":null,"entities":{"description":{"urls":[]}},"protected":false,"followers_count":7104,"friends_count":513,"listed_count":375,"created_at":"Sat Apr 01 03:31:30 +0000 2006","favourites_count":2348,"utc_offset":-21600,"time_zone":"Central America","geo_enabled":true,"verified":false,"statuses_count":2402,"lang":"en","contributors_enabled":false,"is_translator":false,"is_translation_enabled":false,"profile_background_color":"000000","profile_background_image_url":"http:\/\/pbs.twimg.com\/profile_background_images\/142\/12006212.jpg","profile_background_image_url_https":"https:\/\/pbs.twimg.com\/profile_background_images\/142\/12006212.jpg","profile_background_tile":true,"profile_image_url":"http:\/\/pbs.twimg.com\/profile_images\/580428053790232576\/eFx8kwXv_normal.jpg","profile_image_url_https":"https:\/\/pbs.twimg.com\/profile_images\/580428053790232576\/eFx8kwXv_normal.jpg","profile_banner_url":"https:\/\/pbs.twimg.com\/profile_banners\/60\/1394566241","profile_link_color":"FF0000","profile_sidebar_border_color":"FF0000","profile_sidebar_fill_color":"FFC800","profile_text_color":"000000","profile_use_background_image":true,"has_extended_profile":true,"default_profile":false,"default_profile_image":false,"following":false,"follow_request_sent":false,"notifications":false},"geo":null,"coordinates":null,"place":null,"contributors":null,"retweeted_status":{"created_at":"Mon Aug 15 13:10:41 +0000 2016","id":765173870529740800,"id_str":"765173870529740800","text":"Nice @Twitter Could Be Coming to Your TV https:\/\/t.co\/NuXttu3WiP","truncated":false,"entities":{"hashtags":[],"symbols":[],"user_mentions":[{"screen_name":"twitter","name":"Twitter","id":783214,"id_str":"783214","indices":[5,13]}],"urls":[{"url":"https:\/\/t.co\/NuXttu3WiP","expanded_url":"http:\/\/www.vanityfair.com\/news\/2016\/08\/twitter-could-be-coming-to-your-tv","display_url":"vanityfair.com\/news\/2016\/08\/t\u2026","indices":[41,64]}]},"source":"\u003ca href=\"http:\/\/twitter.com\/download\/iphone\" rel=\"nofollow\"\u003eTwitter for iPhone\u003c\/a\u003e","in_reply_to_status_id":null,"in_reply_to_status_id_str":null,"in_reply_to_user_id":null,"in_reply_to_user_id_str":null,"in_reply_to_screen_name":null,"user":{"id":59,"id_str":"59","name":"Tim Dorsey","screen_name":"Tim535353","location":"St. Louis, MO","description":"Marcia husband @marciadorsey Dad Jack @jack Dan @darkside Andrew @andrew FiL Natasha @dropandgiveme20 grandpa twins #59 https:\/\/t.co\/bbOJQPM6YM","url":"https:\/\/t.co\/j2DpcK9mKt","entities":{"url":{"urls":[{"url":"https:\/\/t.co\/j2DpcK9mKt","expanded_url":"http:\/\/matechservices.com","display_url":"matechservices.com","indices":[0,23]}]},"description":{"urls":[{"url":"https:\/\/t.co\/bbOJQPM6YM","expanded_url":"https:\/\/twitter.com\/Tim535353\/status\/792","display_url":"twitter.com\/Tim535353\/stat\u2026","indices":[120,143]}]}},"protected":false,"followers_count":5219,"friends_count":955,"listed_count":73,"created_at":"Sat Apr 01 03:31:30 +0000 2006","favourites_count":14386,"utc_offset":-18000,"time_zone":"Central Time (US & Canada)","geo_enabled":true,"verified":false,"statuses_count":15700,"lang":"en","contributors_enabled":false,"is_translator":false,"is_translation_enabled":false,"profile_background_color":"9AE4E8","profile_background_image_url":"http:\/\/pbs.twimg.com\/profile_background_images\/1772282\/Cold_Day.jpg","profile_background_image_url_https":"https:\/\/pbs.twimg.com\/profile_background_images\/1772282\/Cold_Day.jpg","profile_background_tile":false,"profile_image_url":"http:\/\/pbs.twimg.com\/profile_images\/683310114103816192\/n9WKuBUJ_normal.jpg","profile_image_url_https":"https:\/\/pbs.twimg.com\/profile_images\/683310114103816192\/n9WKuBUJ_normal.jpg","profile_banner_url":"https:\/\/pbs.twimg.com\/profile_banners\/59\/1448734217","profile_link_color":"0000FF","profile_sidebar_border_color":"87BC44","profile_sidebar_fill_color":"E0FF92","profile_text_color":"000000","profile_use_background_image":true,"has_extended_profile":true,"default_profile":false,"default_profile_image":false,"following":false,"follow_request_sent":false,"notifications":false},"geo":null,"coordinates":null,"place":null,"contributors":null,"is_quote_status":false,"retweet_count":13,"favorite_count":27,"favorited":false,"retweeted":false,"possibly_sensitive":false,"lang":"en"},"is_quote_status":false,"retweet_count":13,"favorite_count":0,"favorited":false,"retweeted":false,"possibly_sensitive":false,"lang":"en"},{"created_at":"Sat Aug 13 22:22:08 +0000 2016","id":764587869092532224,"id_str":"764587869092532224","text":"Olympic officials to Iranian fan: Take down sign or leave https:\/\/t.co\/E0nR8fOjsd https:\/\/t.co\/1DzLAoQ0by","truncated":false,"entities":{"hashtags":[],"symbols":[],"user_mentions":[],"urls":[{"url":"https:\/\/t.co\/E0nR8fOjsd","expanded_url":"http:\/\/sports.yahoo.com\/news\/olympic-officials-to-iranian-fan-take-down-sign-or-leave-194533334.html","display_url":"sports.yahoo.com\/news\/olympic-o\u2026","indices":[58,81]}],"media":[{"id":764587867058286592,"id_str":"764587867058286592","indices":[82,105],"media_url":"http:\/\/pbs.twimg.com\/media\/CpxcnTeVMAAoelp.jpg","media_url_https":"https:\/\/pbs.twimg.com\/media\/CpxcnTeVMAAoelp.jpg","url":"https:\/\/t.co\/1DzLAoQ0by","display_url":"pic.twitter.com\/1DzLAoQ0by","expanded_url":"http:\/\/twitter.com\/andrew\/status\/764587869092532224\/photo\/1","type":"photo","sizes":{"thumb":{"w":150,"h":150,"resize":"crop"},"large":{"w":640,"h":479,"resize":"fit"},"small":{"w":640,"h":479,"resize":"fit"},"medium":{"w":640,"h":479,"resize":"fit"}}}]},"extended_entities":{"media":[{"id":764587867058286592,"id_str":"764587867058286592","indices":[82,105],"media_url":"http:\/\/pbs.twimg.com\/media\/CpxcnTeVMAAoelp.jpg","media_url_https":"https:\/\/pbs.twimg.com\/media\/CpxcnTeVMAAoelp.jpg","url":"https:\/\/t.co\/1DzLAoQ0by","display_url":"pic.twitter.com\/1DzLAoQ0by","expanded_url":"http:\/\/twitter.com\/andrew\/status\/764587869092532224\/photo\/1","type":"photo","sizes":{"thumb":{"w":150,"h":150,"resize":"crop"},"large":{"w":640,"h":479,"resize":"fit"},"small":{"w":640,"h":479,"resize":"fit"},"medium":{"w":640,"h":479,"resize":"fit"}}}]},"source":"\u003ca href=\"http:\/\/twitter.com\/download\/iphone\" rel=\"nofollow\"\u003eTwitter for iPhone\u003c\/a\u003e","in_reply_to_status_id":null,"in_reply_to_status_id_str":null,"in_reply_to_user_id":null,"in_reply_to_user_id_str":null,"in_reply_to_screen_name":null,"user":{"id":60,"id_str":"60","name":"Andrew Dorsey","screen_name":"andrew","location":"St. Louis","description":"U AINT COOL TILL U ON TWITTER","url":null,"entities":{"description":{"urls":[]}},"protected":false,"followers_count":7104,"friends_count":513,"listed_count":375,"created_at":"Sat Apr 01 03:31:30 +0000 2006","favourites_count":2348,"utc_offset":-21600,"time_zone":"Central America","geo_enabled":true,"verified":false,"statuses_count":2402,"lang":"en","contributors_enabled":false,"is_translator":false,"is_translation_enabled":false,"profile_background_color":"000000","profile_background_image_url":"http:\/\/pbs.twimg.com\/profile_background_images\/142\/12006212.jpg","profile_background_image_url_https":"https:\/\/pbs.twimg.com\/profile_background_images\/142\/12006212.jpg","profile_background_tile":true,"profile_image_url":"http:\/\/pbs.twimg.com\/profile_images\/580428053790232576\/eFx8kwXv_normal.jpg","profile_image_url_https":"https:\/\/pbs.twimg.com\/profile_images\/580428053790232576\/eFx8kwXv_normal.jpg","profile_banner_url":"https:\/\/pbs.twimg.com\/profile_banners\/60\/1394566241","profile_link_color":"FF0000","profile_sidebar_border_color":"FF0000","profile_sidebar_fill_color":"FFC800","profile_text_color":"000000","profile_use_background_image":true,"has_extended_profile":true,"default_profile":false,"default_profile_image":false,"following":false,"follow_request_sent":false,"notifications":false},"geo":null,"coordinates":null,"place":null,"contributors":null,"is_quote_status":false,"retweet_count":0,"favorite_count":3,"favorited":false,"retweeted":false,"possibly_sensitive":false,"lang":"en"},{"created_at":"Sat Aug 13 16:13:06 +0000 2016","id":764495000616960000,"id_str":"764495000616960000","text":"BOOOOO!!\ud83d\udc4e\ud83c\udffc\ud83d\udc4e\ud83c\udffc\ud83d\ude21 https:\/\/t.co\/RqnPcFKRzB","truncated":false,"entities":{"hashtags":[],"symbols":[],"user_mentions":[],"urls":[{"url":"https:\/\/t.co\/RqnPcFKRzB","expanded_url":"https:\/\/twitter.com\/ramsnfl\/status\/764491306076811264","display_url":"twitter.com\/ramsnfl\/status\u2026","indices":[14,37]}]},"source":"\u003ca href=\"http:\/\/twitter.com\/download\/iphone\" rel=\"nofollow\"\u003eTwitter for iPhone\u003c\/a\u003e","in_reply_to_status_id":null,"in_reply_to_status_id_str":null,"in_reply_to_user_id":null,"in_reply_to_user_id_str":null,"in_reply_to_screen_name":null,"user":{"id":60,"id_str":"60","name":"Andrew Dorsey","screen_name":"andrew","location":"St. Louis","description":"U AINT COOL TILL U ON TWITTER","url":null,"entities":{"description":{"urls":[]}},"protected":false,"followers_count":7104,"friends_count":513,"listed_count":375,"created_at":"Sat Apr 01 03:31:30 +0000 2006","favourites_count":2348,"utc_offset":-21600,"time_zone":"Central America","geo_enabled":true,"verified":false,"statuses_count":2402,"lang":"en","contributors_enabled":false,"is_translator":false,"is_translation_enabled":false,"profile_background_color":"000000","profile_background_image_url":"http:\/\/pbs.twimg.com\/profile_background_images\/142\/12006212.jpg","profile_background_image_url_https":"https:\/\/pbs.twimg.com\/profile_background_images\/142\/12006212.jpg","profile_background_tile":true,"profile_image_url":"http:\/\/pbs.twimg.com\/profile_images\/580428053790232576\/eFx8kwXv_normal.jpg","profile_image_url_https":"https:\/\/pbs.twimg.com\/profile_images\/580428053790232576\/eFx8kwXv_normal.jpg","profile_banner_url":"https:\/\/pbs.twimg.com\/profile_banners\/60\/1394566241","profile_link_color":"FF0000","profile_sidebar_border_color":"FF0000","profile_sidebar_fill_color":"FFC800","profile_text_color":"000000","profile_use_background_image":true,"has_extended_profile":true,"default_profile":false,"default_profile_image":false,"following":false,"follow_request_sent":false,"notifications":false},"geo":null,"coordinates":null,"place":null,"contributors":null,"is_quote_status":true,"quoted_status_id":764491306076811264,"quoted_status_id_str":"764491306076811264","quoted_status":{"created_at":"Sat Aug 13 15:58:25 +0000 2016","id":764491306076811264,"id_str":"764491306076811264","text":"Football is back! #DALvsLA \n\n\ud83c\udfc8: Cowboys vs. Rams\n\u23f0: 5 p.m. PT\n\ud83d\udcfa: @espn\n\ud83d\udcfb: @ESPNLosAngeles\n\ud83d\udcbb: https:\/\/t.co\/m9oFPQhJXI\n\ud83c\udfdf: Gates open at 3 p.m.","truncated":false,"entities":{"hashtags":[{"text":"DALvsLA","indices":[18,26]}],"symbols":[],"user_mentions":[{"screen_name":"espn","name":"ESPN","id":2557521,"id_str":"2557521","indices":[65,70]},{"screen_name":"ESPNLosAngeles","name":"ESPNLosAngeles","id":92911662,"id_str":"92911662","indices":[74,89]}],"urls":[{"url":"https:\/\/t.co\/m9oFPQhJXI","expanded_url":"http:\/\/therams.com","display_url":"therams.com","indices":[93,116]}]},"source":"\u003ca href=\"http:\/\/twitter.com\/download\/iphone\" rel=\"nofollow\"\u003eTwitter for iPhone\u003c\/a\u003e","in_reply_to_status_id":null,"in_reply_to_status_id_str":null,"in_reply_to_user_id":null,"in_reply_to_user_id_str":null,"in_reply_to_screen_name":null,"user":{"id":24109979,"id_str":"24109979","name":"Los Angeles Rams","screen_name":"RamsNFL","location":"Los Angeles, CA","description":"Official Los Angeles Rams Twitter #MobSquad | Snapchat: SnapTheRams","url":"https:\/\/t.co\/ebXKvAkrJV","entities":{"url":{"urls":[{"url":"https:\/\/t.co\/ebXKvAkrJV","expanded_url":"http:\/\/www.therams.com\/","display_url":"therams.com","indices":[0,23]}]},"description":{"urls":[]}},"protected":false,"followers_count":409616,"friends_count":713,"listed_count":4377,"created_at":"Fri Mar 13 02:37:41 +0000 2009","favourites_count":1878,"utc_offset":-25200,"time_zone":"Pacific Time (US & Canada)","geo_enabled":false,"verified":true,"statuses_count":30260,"lang":"en","contributors_enabled":false,"is_translator":false,"is_translation_enabled":false,"profile_background_color":"013364","profile_background_image_url":"http:\/\/pbs.twimg.com\/profile_background_images\/688135604496814080\/MgrdLqYs.jpg","profile_background_image_url_https":"https:\/\/pbs.twimg.com\/profile_background_images\/688135604496814080\/MgrdLqYs.jpg","profile_background_tile":false,"profile_image_url":"http:\/\/pbs.twimg.com\/profile_images\/749050039096315904\/Sb8Hrvsc_normal.jpg","profile_image_url_https":"https:\/\/pbs.twimg.com\/profile_images\/749050039096315904\/Sb8Hrvsc_normal.jpg","profile_banner_url":"https:\/\/pbs.twimg.com\/profile_banners\/24109979\/1470663677","profile_link_color":"C9AF74","profile_sidebar_border_color":"FFFFFF","profile_sidebar_fill_color":"DDEEF6","profile_text_color":"333333","profile_use_background_image":true,"has_extended_profile":false,"default_profile":false,"default_profile_image":false,"following":false,"follow_request_sent":false,"notifications":false},"geo":null,"coordinates":null,"place":null,"contributors":null,"is_quote_status":false,"retweet_count":222,"favorite_count":303,"favorited":false,"retweeted":false,"possibly_sensitive":false,"lang":"en"},"retweet_count":0,"favorite_count":3,"favorited":false,"retweeted":false,"possibly_sensitive":false,"lang":"und"},{"created_at":"Sat Aug 13 14:25:21 +0000 2016","id":764467883166408704,"id_str":"764467883166408704","text":"RT @Darkside: Seriously @netflix you're on \ud83d\udd25@TheGetDown is incredible! #AnotherHit https:\/\/t.co\/D0O9h9k2hM","truncated":false,"entities":{"hashtags":[{"text":"AnotherHit","indices":[71,82]}],"symbols":[],"user_mentions":[{"screen_name":"Darkside","name":"Daniel DarkSide","id":58,"id_str":"58","indices":[3,12]},{"screen_name":"netflix","name":"Netflix US","id":16573941,"id_str":"16573941","indices":[24,32]},{"screen_name":"TheGetDown","name":"The Get Down","id":2437329722,"id_str":"2437329722","indices":[44,55]}],"urls":[],"media":[{"id":764436314708070401,"id_str":"764436314708070401","indices":[83,106],"media_url":"http:\/\/pbs.twimg.com\/media\/CpvSxy-VUAE3ARU.jpg","media_url_https":"https:\/\/pbs.twimg.com\/media\/CpvSxy-VUAE3ARU.jpg","url":"https:\/\/t.co\/D0O9h9k2hM","display_url":"pic.twitter.com\/D0O9h9k2hM","expanded_url":"http:\/\/twitter.com\/Darkside\/status\/764436333745938432\/photo\/1","type":"photo","sizes":{"medium":{"w":1200,"h":826,"resize":"fit"},"large":{"w":1866,"h":1284,"resize":"fit"},"thumb":{"w":150,"h":150,"resize":"crop"},"small":{"w":680,"h":468,"resize":"fit"}},"source_status_id":764436333745938432,"source_status_id_str":"764436333745938432","source_user_id":58,"source_user_id_str":"58"}]},"extended_entities":{"media":[{"id":764436314708070401,"id_str":"764436314708070401","indices":[83,106],"media_url":"http:\/\/pbs.twimg.com\/media\/CpvSxy-VUAE3ARU.jpg","media_url_https":"https:\/\/pbs.twimg.com\/media\/CpvSxy-VUAE3ARU.jpg","url":"https:\/\/t.co\/D0O9h9k2hM","display_url":"pic.twitter.com\/D0O9h9k2hM","expanded_url":"http:\/\/twitter.com\/Darkside\/status\/764436333745938432\/photo\/1","type":"photo","sizes":{"medium":{"w":1200,"h":826,"resize":"fit"},"large":{"w":1866,"h":1284,"resize":"fit"},"thumb":{"w":150,"h":150,"resize":"crop"},"small":{"w":680,"h":468,"resize":"fit"}},"source_status_id":764436333745938432,"source_status_id_str":"764436333745938432","source_user_id":58,"source_user_id_str":"58"}]},"source":"\u003ca href=\"http:\/\/twitter.com\/download\/iphone\" rel=\"nofollow\"\u003eTwitter for iPhone\u003c\/a\u003e","in_reply_to_status_id":null,"in_reply_to_status_id_str":null,"in_reply_to_user_id":null,"in_reply_to_user_id_str":null,"in_reply_to_screen_name":null,"user":{"id":60,"id_str":"60","name":"Andrew Dorsey","screen_name":"andrew","location":"St. Louis","description":"U AINT COOL TILL U ON TWITTER","url":null,"entities":{"description":{"urls":[]}},"protected":false,"followers_count":7104,"friends_count":513,"listed_count":375,"created_at":"Sat Apr 01 03:31:30 +0000 2006","favourites_count":2348,"utc_offset":-21600,"time_zone":"Central America","geo_enabled":true,"verified":false,"statuses_count":2402,"lang":"en","contributors_enabled":false,"is_translator":false,"is_translation_enabled":false,"profile_background_color":"000000","profile_background_image_url":"http:\/\/pbs.twimg.com\/profile_background_images\/142\/12006212.jpg","profile_background_image_url_https":"https:\/\/pbs.twimg.com\/profile_background_images\/142\/12006212.jpg","profile_background_tile":true,"profile_image_url":"http:\/\/pbs.twimg.com\/profile_images\/580428053790232576\/eFx8kwXv_normal.jpg","profile_image_url_https":"https:\/\/pbs.twimg.com\/profile_images\/580428053790232576\/eFx8kwXv_normal.jpg","profile_banner_url":"https:\/\/pbs.twimg.com\/profile_banners\/60\/1394566241","profile_link_color":"FF0000","profile_sidebar_border_color":"FF0000","profile_sidebar_fill_color":"FFC800","profile_text_color":"000000","profile_use_background_image":true,"has_extended_profile":true,"default_profile":false,"default_profile_image":false,"following":false,"follow_request_sent":false,"notifications":false},"geo":null,"coordinates":null,"place":null,"contributors":null,"retweeted_status":{"created_at":"Sat Aug 13 12:19:59 +0000 2016","id":764436333745938432,"id_str":"764436333745938432","text":"Seriously @netflix you're on \ud83d\udd25@TheGetDown is incredible! #AnotherHit https:\/\/t.co\/D0O9h9k2hM","truncated":false,"entities":{"hashtags":[{"text":"AnotherHit","indices":[57,68]}],"symbols":[],"user_mentions":[{"screen_name":"netflix","name":"Netflix US","id":16573941,"id_str":"16573941","indices":[10,18]},{"screen_name":"TheGetDown","name":"The Get Down","id":2437329722,"id_str":"2437329722","indices":[30,41]}],"urls":[],"media":[{"id":764436314708070401,"id_str":"764436314708070401","indices":[69,92],"media_url":"http:\/\/pbs.twimg.com\/media\/CpvSxy-VUAE3ARU.jpg","media_url_https":"https:\/\/pbs.twimg.com\/media\/CpvSxy-VUAE3ARU.jpg","url":"https:\/\/t.co\/D0O9h9k2hM","display_url":"pic.twitter.com\/D0O9h9k2hM","expanded_url":"http:\/\/twitter.com\/Darkside\/status\/764436333745938432\/photo\/1","type":"photo","sizes":{"medium":{"w":1200,"h":826,"resize":"fit"},"large":{"w":1866,"h":1284,"resize":"fit"},"thumb":{"w":150,"h":150,"resize":"crop"},"small":{"w":680,"h":468,"resize":"fit"}}}]},"extended_entities":{"media":[{"id":764436314708070401,"id_str":"764436314708070401","indices":[69,92],"media_url":"http:\/\/pbs.twimg.com\/media\/CpvSxy-VUAE3ARU.jpg","media_url_https":"https:\/\/pbs.twimg.com\/media\/CpvSxy-VUAE3ARU.jpg","url":"https:\/\/t.co\/D0O9h9k2hM","display_url":"pic.twitter.com\/D0O9h9k2hM","expanded_url":"http:\/\/twitter.com\/Darkside\/status\/764436333745938432\/photo\/1","type":"photo","sizes":{"medium":{"w":1200,"h":826,"resize":"fit"},"large":{"w":1866,"h":1284,"resize":"fit"},"thumb":{"w":150,"h":150,"resize":"crop"},"small":{"w":680,"h":468,"resize":"fit"}}}]},"source":"\u003ca href=\"http:\/\/twitter.com\/download\/iphone\" rel=\"nofollow\"\u003eTwitter for iPhone\u003c\/a\u003e","in_reply_to_status_id":null,"in_reply_to_status_id_str":null,"in_reply_to_user_id":null,"in_reply_to_user_id_str":null,"in_reply_to_screen_name":null,"user":{"id":58,"id_str":"58","name":"Daniel DarkSide","screen_name":"Darkside","location":"St louis","description":"I tweet words and film what I see!","url":"https:\/\/t.co\/Uhva50DSni","entities":{"url":{"urls":[{"url":"https:\/\/t.co\/Uhva50DSni","expanded_url":"https:\/\/vimeo.com\/channels\/804967","display_url":"vimeo.com\/channels\/804967","indices":[0,23]}]},"description":{"urls":[]}},"protected":false,"followers_count":4382,"friends_count":534,"listed_count":54,"created_at":"Sat Apr 01 03:31:30 +0000 2006","favourites_count":4171,"utc_offset":-18000,"time_zone":"Central Time (US & Canada)","geo_enabled":true,"verified":false,"statuses_count":7462,"lang":"en","contributors_enabled":false,"is_translator":false,"is_translation_enabled":false,"profile_background_color":"C0BDBD","profile_background_image_url":"http:\/\/pbs.twimg.com\/profile_background_images\/378800000180895266\/cvNwDVxG.png","profile_background_image_url_https":"https:\/\/pbs.twimg.com\/profile_background_images\/378800000180895266\/cvNwDVxG.png","profile_background_tile":true,"profile_image_url":"http:\/\/pbs.twimg.com\/profile_images\/641029296958472192\/WC4QctKg_normal.jpg","profile_image_url_https":"https:\/\/pbs.twimg.com\/profile_images\/641029296958472192\/WC4QctKg_normal.jpg","profile_banner_url":"https:\/\/pbs.twimg.com\/profile_banners\/58\/1398368705","profile_link_color":"000000","profile_sidebar_border_color":"000000","profile_sidebar_fill_color":"E0FF92","profile_text_color":"6AA4A8","profile_use_background_image":true,"has_extended_profile":true,"default_profile":false,"default_profile_image":false,"following":false,"follow_request_sent":false,"notifications":false},"geo":null,"coordinates":null,"place":{"id":"0570f015c264cbd9","url":"https:\/\/api.twitter.com\/1.1\/geo\/id\/0570f015c264cbd9.json","place_type":"city","name":"St Louis","full_name":"St Louis, MO","country_code":"US","country":"United States","contained_within":[],"bounding_box":{"type":"Polygon","coordinates":[[[-90.3205158,38.5331934],[-90.175132,38.5331934],[-90.175132,38.774349],[-90.3205158,38.774349]]]},"attributes":{}},"contributors":null,"is_quote_status":false,"retweet_count":1,"favorite_count":1,"favorited":false,"retweeted":false,"possibly_sensitive":false,"lang":"en"},"is_quote_status":false,"retweet_count":1,"favorite_count":0,"favorited":false,"retweeted":false,"possibly_sensitive":false,"lang":"en"},{"created_at":"Tue Aug 09 14:23:17 +0000 2016","id":763017812453494785,"id_str":"763017812453494785","text":"RT @UnionStationSTL: There's something fishy going on here at Union Station! All the details on the new St. Louis Aquarium are being... htt\u2026","truncated":false,"entities":{"hashtags":[],"symbols":[],"user_mentions":[{"screen_name":"UnionStationSTL","name":"Union Station STL","id":952384291,"id_str":"952384291","indices":[3,19]}],"urls":[{"url":"https:\/\/t.co\/7lIgMNakQ1","expanded_url":"http:\/\/fb.me\/1sMZ1ta1x","display_url":"fb.me\/1sMZ1ta1x","indices":[139,140]}]},"source":"\u003ca href=\"http:\/\/twitter.com\/download\/iphone\" rel=\"nofollow\"\u003eTwitter for iPhone\u003c\/a\u003e","in_reply_to_status_id":null,"in_reply_to_status_id_str":null,"in_reply_to_user_id":null,"in_reply_to_user_id_str":null,"in_reply_to_screen_name":null,"user":{"id":60,"id_str":"60","name":"Andrew Dorsey","screen_name":"andrew","location":"St. Louis","description":"U AINT COOL TILL U ON TWITTER","url":null,"entities":{"description":{"urls":[]}},"protected":false,"followers_count":7104,"friends_count":513,"listed_count":375,"created_at":"Sat Apr 01 03:31:30 +0000 2006","favourites_count":2348,"utc_offset":-21600,"time_zone":"Central America","geo_enabled":true,"verified":false,"statuses_count":2402,"lang":"en","contributors_enabled":false,"is_translator":false,"is_translation_enabled":false,"profile_background_color":"000000","profile_background_image_url":"http:\/\/pbs.twimg.com\/profile_background_images\/142\/12006212.jpg","profile_background_image_url_https":"https:\/\/pbs.twimg.com\/profile_background_images\/142\/12006212.jpg","profile_background_tile":true,"profile_image_url":"http:\/\/pbs.twimg.com\/profile_images\/580428053790232576\/eFx8kwXv_normal.jpg","profile_image_url_https":"https:\/\/pbs.twimg.com\/profile_images\/580428053790232576\/eFx8kwXv_normal.jpg","profile_banner_url":"https:\/\/pbs.twimg.com\/profile_banners\/60\/1394566241","profile_link_color":"FF0000","profile_sidebar_border_color":"FF0000","profile_sidebar_fill_color":"FFC800","profile_text_color":"000000","profile_use_background_image":true,"has_extended_profile":true,"default_profile":false,"default_profile_image":false,"following":false,"follow_request_sent":false,"notifications":false},"geo":null,"coordinates":null,"place":null,"contributors":null,"retweeted_status":{"created_at":"Tue Aug 09 05:16:30 +0000 2016","id":762880212560322563,"id_str":"762880212560322563","text":"There's something fishy going on here at Union Station! All the details on the new St. Louis Aquarium are being... https:\/\/t.co\/7lIgMNakQ1","truncated":false,"entities":{"hashtags":[],"symbols":[],"user_mentions":[],"urls":[{"url":"https:\/\/t.co\/7lIgMNakQ1","expanded_url":"http:\/\/fb.me\/1sMZ1ta1x","display_url":"fb.me\/1sMZ1ta1x","indices":[115,138]}]},"source":"\u003ca href=\"http:\/\/www.facebook.com\/twitter\" rel=\"nofollow\"\u003eFacebook\u003c\/a\u003e","in_reply_to_status_id":null,"in_reply_to_status_id_str":null,"in_reply_to_user_id":null,"in_reply_to_user_id_str":null,"in_reply_to_screen_name":null,"user":{"id":952384291,"id_str":"952384291","name":"Union Station STL","screen_name":"UnionStationSTL","location":"1820 Market St, St. Louis ","description":"The St. Louis Union Station Hotel is a historic, AAA Four Diamond luxury hotel featuring the majestic Grand Hall and 3D light show.","url":"https:\/\/t.co\/jXa59eE3Gk","entities":{"url":{"urls":[{"url":"https:\/\/t.co\/jXa59eE3Gk","expanded_url":"http:\/\/www.stlunionstationhotel.com","display_url":"stlunionstationhotel.com","indices":[0,23]}]},"description":{"urls":[]}},"protected":false,"followers_count":1312,"friends_count":702,"listed_count":42,"created_at":"Fri Nov 16 20:38:56 +0000 2012","favourites_count":285,"utc_offset":-25200,"time_zone":"Pacific Time (US & Canada)","geo_enabled":true,"verified":false,"statuses_count":1181,"lang":"en","contributors_enabled":false,"is_translator":false,"is_translation_enabled":false,"profile_background_color":"C0DEED","profile_background_image_url":"http:\/\/pbs.twimg.com\/profile_background_images\/713384529\/af32f833225942bfc444838f36ad4342.jpeg","profile_background_image_url_https":"https:\/\/pbs.twimg.com\/profile_background_images\/713384529\/af32f833225942bfc444838f36ad4342.jpeg","profile_background_tile":false,"profile_image_url":"http:\/\/pbs.twimg.com\/profile_images\/672077153492533248\/tzpiJ7NA_normal.jpg","profile_image_url_https":"https:\/\/pbs.twimg.com\/profile_images\/672077153492533248\/tzpiJ7NA_normal.jpg","profile_banner_url":"https:\/\/pbs.twimg.com\/profile_banners\/952384291\/1449071425","profile_link_color":"3B94D9","profile_sidebar_border_color":"FFFFFF","profile_sidebar_fill_color":"DDEEF6","profile_text_color":"333333","profile_use_background_image":true,"has_extended_profile":false,"default_profile":false,"default_profile_image":false,"following":false,"follow_request_sent":false,"notifications":false},"geo":null,"coordinates":null,"place":null,"contributors":null,"is_quote_status":false,"retweet_count":5,"favorite_count":15,"favorited":false,"retweeted":false,"possibly_sensitive":false,"lang":"en"},"is_quote_status":false,"retweet_count":5,"favorite_count":0,"favorited":false,"retweeted":false,"possibly_sensitive":false,"lang":"en"},{"created_at":"Tue Aug 09 11:41:00 +0000 2016","id":762976975006773248,"id_str":"762976975006773248","text":"RT @Hammerstones: We've been open for a couple of minutes. We'll save you a seat for breakfast.","truncated":false,"entities":{"hashtags":[],"symbols":[],"user_mentions":[{"screen_name":"Hammerstones","name":"Hammerstone's STL","id":96397327,"id_str":"96397327","indices":[3,16]}],"urls":[]},"source":"\u003ca href=\"http:\/\/twitter.com\/download\/iphone\" rel=\"nofollow\"\u003eTwitter for iPhone\u003c\/a\u003e","in_reply_to_status_id":null,"in_reply_to_status_id_str":null,"in_reply_to_user_id":null,"in_reply_to_user_id_str":null,"in_reply_to_screen_name":null,"user":{"id":60,"id_str":"60","name":"Andrew Dorsey","screen_name":"andrew","location":"St. Louis","description":"U AINT COOL TILL U ON TWITTER","url":null,"entities":{"description":{"urls":[]}},"protected":false,"followers_count":7104,"friends_count":513,"listed_count":375,"created_at":"Sat Apr 01 03:31:30 +0000 2006","favourites_count":2348,"utc_offset":-21600,"time_zone":"Central America","geo_enabled":true,"verified":false,"statuses_count":2402,"lang":"en","contributors_enabled":false,"is_translator":false,"is_translation_enabled":false,"profile_background_color":"000000","profile_background_image_url":"http:\/\/pbs.twimg.com\/profile_background_images\/142\/12006212.jpg","profile_background_image_url_https":"https:\/\/pbs.twimg.com\/profile_background_images\/142\/12006212.jpg","profile_background_tile":true,"profile_image_url":"http:\/\/pbs.twimg.com\/profile_images\/580428053790232576\/eFx8kwXv_normal.jpg","profile_image_url_https":"https:\/\/pbs.twimg.com\/profile_images\/580428053790232576\/eFx8kwXv_normal.jpg","profile_banner_url":"https:\/\/pbs.twimg.com\/profile_banners\/60\/1394566241","profile_link_color":"FF0000","profile_sidebar_border_color":"FF0000","profile_sidebar_fill_color":"FFC800","profile_text_color":"000000","profile_use_background_image":true,"has_extended_profile":true,"default_profile":false,"default_profile_image":false,"following":false,"follow_request_sent":false,"notifications":false},"geo":null,"coordinates":null,"place":null,"contributors":null,"retweeted_status":{"created_at":"Tue Aug 09 11:39:52 +0000 2016","id":762976686422036481,"id_str":"762976686422036481","text":"We've been open for a couple of minutes. We'll save you a seat for breakfast.","truncated":false,"entities":{"hashtags":[],"symbols":[],"user_mentions":[],"urls":[]},"source":"\u003ca href=\"http:\/\/www.facebook.com\/twitter\" rel=\"nofollow\"\u003eFacebook\u003c\/a\u003e","in_reply_to_status_id":null,"in_reply_to_status_id_str":null,"in_reply_to_user_id":null,"in_reply_to_user_id_str":null,"in_reply_to_screen_name":null,"user":{"id":96397327,"id_str":"96397327","name":"Hammerstone's STL","screen_name":"Hammerstones","location":"St. Louis","description":"A blues cafe and bar in Historic Soulard- St. Louis, MO. Open @ 6:30am M-F, 8am Sat, 9am Sun.  Live Music Every Night and Saturday and Sunday afternoons.","url":"http:\/\/t.co\/8kgye0sQos","entities":{"url":{"urls":[{"url":"http:\/\/t.co\/8kgye0sQos","expanded_url":"http:\/\/www.hammerstones.net","display_url":"hammerstones.net","indices":[0,22]}]},"description":{"urls":[]}},"protected":false,"followers_count":747,"friends_count":460,"listed_count":33,"created_at":"Sat Dec 12 18:56:49 +0000 2009","favourites_count":24,"utc_offset":-18000,"time_zone":"Central Time (US & Canada)","geo_enabled":true,"verified":false,"statuses_count":354,"lang":"en","contributors_enabled":false,"is_translator":false,"is_translation_enabled":false,"profile_background_color":"C0DEED","profile_background_image_url":"http:\/\/abs.twimg.com\/images\/themes\/theme1\/bg.png","profile_background_image_url_https":"https:\/\/abs.twimg.com\/images\/themes\/theme1\/bg.png","profile_background_tile":false,"profile_image_url":"http:\/\/pbs.twimg.com\/profile_images\/571461998\/hammer_logo_normal.jpg","profile_image_url_https":"https:\/\/pbs.twimg.com\/profile_images\/571461998\/hammer_logo_normal.jpg","profile_banner_url":"https:\/\/pbs.twimg.com\/profile_banners\/96397327\/1442408299","profile_link_color":"0084B4","profile_sidebar_border_color":"C0DEED","profile_sidebar_fill_color":"DDEEF6","profile_text_color":"333333","profile_use_background_image":true,"has_extended_profile":false,"default_profile":true,"default_profile_image":false,"following":false,"follow_request_sent":false,"notifications":false},"geo":null,"coordinates":null,"place":null,"contributors":null,"is_quote_status":false,"retweet_count":2,"favorite_count":1,"favorited":false,"retweeted":false,"lang":"en"},"is_quote_status":false,"retweet_count":2,"favorite_count":0,"favorited":false,"retweeted":false,"lang":"en"},{"created_at":"Tue Aug 09 02:12:50 +0000 2016","id":762833988201222145,"id_str":"762833988201222145","text":"RT @landmarks_stl: Marcia and Tim Dorsey preserve 'Mio Nonni's Casa,' a stone house with a long Carondelet history. https:\/\/t.co\/sPZqFp8LRf\u2026","truncated":false,"entities":{"hashtags":[{"text":"stl","indices":[139,140]}],"symbols":[],"user_mentions":[{"screen_name":"landmarks_stl","name":"Landmarks","id":357039466,"id_str":"357039466","indices":[3,17]}],"urls":[{"url":"https:\/\/t.co\/sPZqFp8LRf","expanded_url":"http:\/\/bit.ly\/2aWM5JV","display_url":"bit.ly\/2aWM5JV","indices":[116,139]}]},"source":"\u003ca href=\"http:\/\/twitter.com\/download\/iphone\" rel=\"nofollow\"\u003eTwitter for iPhone\u003c\/a\u003e","in_reply_to_status_id":null,"in_reply_to_status_id_str":null,"in_reply_to_user_id":null,"in_reply_to_user_id_str":null,"in_reply_to_screen_name":null,"user":{"id":60,"id_str":"60","name":"Andrew Dorsey","screen_name":"andrew","location":"St. Louis","description":"U AINT COOL TILL U ON TWITTER","url":null,"entities":{"description":{"urls":[]}},"protected":false,"followers_count":7104,"friends_count":513,"listed_count":375,"created_at":"Sat Apr 01 03:31:30 +0000 2006","favourites_count":2348,"utc_offset":-21600,"time_zone":"Central America","geo_enabled":true,"verified":false,"statuses_count":2402,"lang":"en","contributors_enabled":false,"is_translator":false,"is_translation_enabled":false,"profile_background_color":"000000","profile_background_image_url":"http:\/\/pbs.twimg.com\/profile_background_images\/142\/12006212.jpg","profile_background_image_url_https":"https:\/\/pbs.twimg.com\/profile_background_images\/142\/12006212.jpg","profile_background_tile":true,"profile_image_url":"http:\/\/pbs.twimg.com\/profile_images\/580428053790232576\/eFx8kwXv_normal.jpg","profile_image_url_https":"https:\/\/pbs.twimg.com\/profile_images\/580428053790232576\/eFx8kwXv_normal.jpg","profile_banner_url":"https:\/\/pbs.twimg.com\/profile_banners\/60\/1394566241","profile_link_color":"FF0000","profile_sidebar_border_color":"FF0000","profile_sidebar_fill_color":"FFC800","profile_text_color":"000000","profile_use_background_image":true,"has_extended_profile":true,"default_profile":false,"default_profile_image":false,"following":false,"follow_request_sent":false,"notifications":false},"geo":null,"coordinates":null,"place":null,"contributors":null,"retweeted_status":{"created_at":"Tue Aug 09 01:00:12 +0000 2016","id":762815709197930497,"id_str":"762815709197930497","text":"Marcia and Tim Dorsey preserve 'Mio Nonni's Casa,' a stone house with a long Carondelet history. https:\/\/t.co\/sPZqFp8LRf #stl","truncated":false,"entities":{"hashtags":[{"text":"stl","indices":[121,125]}],"symbols":[],"user_mentions":[],"urls":[{"url":"https:\/\/t.co\/sPZqFp8LRf","expanded_url":"http:\/\/bit.ly\/2aWM5JV","display_url":"bit.ly\/2aWM5JV","indices":[97,120]}]},"source":"\u003ca href=\"http:\/\/twuffer.com\" rel=\"nofollow\"\u003eTwuffer\u003c\/a\u003e","in_reply_to_status_id":null,"in_reply_to_status_id_str":null,"in_reply_to_user_id":null,"in_reply_to_user_id_str":null,"in_reply_to_screen_name":null,"user":{"id":357039466,"id_str":"357039466","name":"Landmarks","screen_name":"landmarks_stl","location":"St. Louis, MO","description":"Energizing communities through preservation, planning and education.","url":"http:\/\/t.co\/VR8MKbLBTo","entities":{"url":{"urls":[{"url":"http:\/\/t.co\/VR8MKbLBTo","expanded_url":"http:\/\/www.landmarks-stl.org\/","display_url":"landmarks-stl.org","indices":[0,22]}]},"description":{"urls":[]}},"protected":false,"followers_count":963,"friends_count":558,"listed_count":35,"created_at":"Wed Aug 17 19:08:43 +0000 2011","favourites_count":365,"utc_offset":-18000,"time_zone":"Central Time (US & Canada)","geo_enabled":true,"verified":false,"statuses_count":1173,"lang":"en","contributors_enabled":false,"is_translator":false,"is_translation_enabled":false,"profile_background_color":"EBE8CD","profile_background_image_url":"http:\/\/pbs.twimg.com\/profile_background_images\/415272560\/tweets.jpg","profile_background_image_url_https":"https:\/\/pbs.twimg.com\/profile_background_images\/415272560\/tweets.jpg","profile_background_tile":false,"profile_image_url":"http:\/\/pbs.twimg.com\/profile_images\/1500623188\/logo3crop_normal.jpg","profile_image_url_https":"https:\/\/pbs.twimg.com\/profile_images\/1500623188\/logo3crop_normal.jpg","profile_link_color":"0084B4","profile_sidebar_border_color":"C0DEED","profile_sidebar_fill_color":"DDEEF6","profile_text_color":"333333","profile_use_background_image":true,"has_extended_profile":false,"default_profile":false,"default_profile_image":false,"following":false,"follow_request_sent":false,"notifications":false},"geo":null,"coordinates":null,"place":null,"contributors":null,"is_quote_status":false,"retweet_count":4,"favorite_count":17,"favorited":false,"retweeted":false,"possibly_sensitive":false,"lang":"en"},"is_quote_status":false,"retweet_count":4,"favorite_count":0,"favorited":false,"retweeted":false,"possibly_sensitive":false,"lang":"en"},{"created_at":"Tue Aug 09 00:25:06 +0000 2016","id":762806876023074817,"id_str":"762806876023074817","text":"RT @PokeVisionGo: \u201cAn Open Letter to John Hanke &amp; Niantic\u201d by @YangCLiu https:\/\/t.co\/LvAE7OxMC4","truncated":false,"entities":{"hashtags":[],"symbols":[],"user_mentions":[{"screen_name":"PokeVisionGo","name":"Pokevision","id":754930749720055808,"id_str":"754930749720055808","indices":[3,16]},{"screen_name":"YangCLiu","name":"Yang","id":94173494,"id_str":"94173494","indices":[66,75]}],"urls":[{"url":"https:\/\/t.co\/LvAE7OxMC4","expanded_url":"https:\/\/medium.com\/@yangcliu\/an-open-letter-to-john-hanke-niantic-6a32325b67a8#.s8ncpogdy","display_url":"medium.com\/@yangcliu\/an-o\u2026","indices":[76,99]}]},"source":"\u003ca href=\"http:\/\/twitter.com\/download\/iphone\" rel=\"nofollow\"\u003eTwitter for iPhone\u003c\/a\u003e","in_reply_to_status_id":null,"in_reply_to_status_id_str":null,"in_reply_to_user_id":null,"in_reply_to_user_id_str":null,"in_reply_to_screen_name":null,"user":{"id":60,"id_str":"60","name":"Andrew Dorsey","screen_name":"andrew","location":"St. Louis","description":"U AINT COOL TILL U ON TWITTER","url":null,"entities":{"description":{"urls":[]}},"protected":false,"followers_count":7104,"friends_count":513,"listed_count":375,"created_at":"Sat Apr 01 03:31:30 +0000 2006","favourites_count":2348,"utc_offset":-21600,"time_zone":"Central America","geo_enabled":true,"verified":false,"statuses_count":2402,"lang":"en","contributors_enabled":false,"is_translator":false,"is_translation_enabled":false,"profile_background_color":"000000","profile_background_image_url":"http:\/\/pbs.twimg.com\/profile_background_images\/142\/12006212.jpg","profile_background_image_url_https":"https:\/\/pbs.twimg.com\/profile_background_images\/142\/12006212.jpg","profile_background_tile":true,"profile_image_url":"http:\/\/pbs.twimg.com\/profile_images\/580428053790232576\/eFx8kwXv_normal.jpg","profile_image_url_https":"https:\/\/pbs.twimg.com\/profile_images\/580428053790232576\/eFx8kwXv_normal.jpg","profile_banner_url":"https:\/\/pbs.twimg.com\/profile_banners\/60\/1394566241","profile_link_color":"FF0000","profile_sidebar_border_color":"FF0000","profile_sidebar_fill_color":"FFC800","profile_text_color":"000000","profile_use_background_image":true,"has_extended_profile":true,"default_profile":false,"default_profile_image":false,"following":false,"follow_request_sent":false,"notifications":false},"geo":null,"coordinates":null,"place":null,"contributors":null,"retweeted_status":{"created_at":"Tue Aug 02 22:26:20 +0000 2016","id":760602663411064832,"id_str":"760602663411064832","text":"\u201cAn Open Letter to John Hanke &amp; Niantic\u201d by @YangCLiu https:\/\/t.co\/LvAE7OxMC4","truncated":false,"entities":{"hashtags":[],"symbols":[],"user_mentions":[{"screen_name":"YangCLiu","name":"Yang","id":94173494,"id_str":"94173494","indices":[48,57]}],"urls":[{"url":"https:\/\/t.co\/LvAE7OxMC4","expanded_url":"https:\/\/medium.com\/@yangcliu\/an-open-letter-to-john-hanke-niantic-6a32325b67a8#.s8ncpogdy","display_url":"medium.com\/@yangcliu\/an-o\u2026","indices":[58,81]}]},"source":"\u003ca href=\"http:\/\/twitter.com\" rel=\"nofollow\"\u003eTwitter Web Client\u003c\/a\u003e","in_reply_to_status_id":null,"in_reply_to_status_id_str":null,"in_reply_to_user_id":null,"in_reply_to_user_id_str":null,"in_reply_to_screen_name":null,"user":{"id":754930749720055808,"id_str":"754930749720055808","name":"Pokevision","screen_name":"PokeVisionGo","location":"Novi, MI","description":"Real-time, live, location map for Pokemon Go. Find Pokemon now! ---- By  @YangCLiu  @kulimaze and J.R. ----Business\/media- business@pokevision.com","url":"https:\/\/t.co\/VeT3vECZc7","entities":{"url":{"urls":[{"url":"https:\/\/t.co\/VeT3vECZc7","expanded_url":"http:\/\/Pokevision.com","display_url":"Pokevision.com","indices":[0,23]}]},"description":{"urls":[]}},"protected":false,"followers_count":1089444,"friends_count":4,"listed_count":664,"created_at":"Mon Jul 18 06:48:11 +0000 2016","favourites_count":587,"utc_offset":-25200,"time_zone":"Pacific Time (US & Canada)","geo_enabled":false,"verified":false,"statuses_count":717,"lang":"en","contributors_enabled":false,"is_translator":false,"is_translation_enabled":false,"profile_background_color":"F5F8FA","profile_background_image_url":null,"profile_background_image_url_https":null,"profile_background_tile":false,"profile_image_url":"http:\/\/pbs.twimg.com\/profile_images\/755887796351475714\/c1MiaoV5_normal.jpg","profile_image_url_https":"https:\/\/pbs.twimg.com\/profile_images\/755887796351475714\/c1MiaoV5_normal.jpg","profile_banner_url":"https:\/\/pbs.twimg.com\/profile_banners\/754930749720055808\/1468908504","profile_link_color":"2B7BB9","profile_sidebar_border_color":"C0DEED","profile_sidebar_fill_color":"DDEEF6","profile_text_color":"333333","profile_use_background_image":true,"has_extended_profile":false,"default_profile":true,"default_profile_image":false,"following":false,"follow_request_sent":false,"notifications":false},"geo":null,"coordinates":null,"place":null,"contributors":null,"is_quote_status":false,"retweet_count":7040,"favorite_count":21050,"favorited":false,"retweeted":false,"possibly_sensitive":false,"lang":"en"},"is_quote_status":false,"retweet_count":7040,"favorite_count":0,"favorited":false,"retweeted":false,"possibly_sensitive":false,"lang":"en"},{"created_at":"Sun Aug 07 13:46:08 +0000 2016","id":762283687731945472,"id_str":"762283687731945472","text":"RT @marciadorsey: Ohhhhh... Today's @STLPostDispatch! @MioNonnisCasa https:\/\/t.co\/5GHKvX5hNo","truncated":false,"entities":{"hashtags":[],"symbols":[],"user_mentions":[{"screen_name":"marciadorsey","name":"Marcia Dorsey","id":76,"id_str":"76","indices":[3,16]},{"screen_name":"STLPostDispatch","name":"STL Post Dispatch","id":543807970,"id_str":"543807970","indices":[36,52]},{"screen_name":"MioNonnisCasa","name":"Mio Nonni's Casa","id":2628519851,"id_str":"2628519851","indices":[54,68]}],"urls":[],"media":[{"id":762272157015560194,"id_str":"762272157015560194","indices":[69,92],"media_url":"http:\/\/pbs.twimg.com\/media\/CpQifPUVUAIXBVZ.jpg","media_url_https":"https:\/\/pbs.twimg.com\/media\/CpQifPUVUAIXBVZ.jpg","url":"https:\/\/t.co\/5GHKvX5hNo","display_url":"pic.twitter.com\/5GHKvX5hNo","expanded_url":"http:\/\/twitter.com\/marciadorsey\/status\/762272222362775553\/photo\/1","type":"photo","sizes":{"small":{"w":510,"h":680,"resize":"fit"},"medium":{"w":900,"h":1200,"resize":"fit"},"large":{"w":1536,"h":2048,"resize":"fit"},"thumb":{"w":150,"h":150,"resize":"crop"}},"source_status_id":762272222362775553,"source_status_id_str":"762272222362775553","source_user_id":76,"source_user_id_str":"76"}]},"extended_entities":{"media":[{"id":762272157015560194,"id_str":"762272157015560194","indices":[69,92],"media_url":"http:\/\/pbs.twimg.com\/media\/CpQifPUVUAIXBVZ.jpg","media_url_https":"https:\/\/pbs.twimg.com\/media\/CpQifPUVUAIXBVZ.jpg","url":"https:\/\/t.co\/5GHKvX5hNo","display_url":"pic.twitter.com\/5GHKvX5hNo","expanded_url":"http:\/\/twitter.com\/marciadorsey\/status\/762272222362775553\/photo\/1","type":"photo","sizes":{"small":{"w":510,"h":680,"resize":"fit"},"medium":{"w":900,"h":1200,"resize":"fit"},"large":{"w":1536,"h":2048,"resize":"fit"},"thumb":{"w":150,"h":150,"resize":"crop"}},"source_status_id":762272222362775553,"source_status_id_str":"762272222362775553","source_user_id":76,"source_user_id_str":"76"}]},"source":"\u003ca href=\"http:\/\/twitter.com\/download\/iphone\" rel=\"nofollow\"\u003eTwitter for iPhone\u003c\/a\u003e","in_reply_to_status_id":null,"in_reply_to_status_id_str":null,"in_reply_to_user_id":null,"in_reply_to_user_id_str":null,"in_reply_to_screen_name":null,"user":{"id":60,"id_str":"60","name":"Andrew Dorsey","screen_name":"andrew","location":"St. Louis","description":"U AINT COOL TILL U ON TWITTER","url":null,"entities":{"description":{"urls":[]}},"protected":false,"followers_count":7104,"friends_count":513,"listed_count":375,"created_at":"Sat Apr 01 03:31:30 +0000 2006","favourites_count":2348,"utc_offset":-21600,"time_zone":"Central America","geo_enabled":true,"verified":false,"statuses_count":2402,"lang":"en","contributors_enabled":false,"is_translator":false,"is_translation_enabled":false,"profile_background_color":"000000","profile_background_image_url":"http:\/\/pbs.twimg.com\/profile_background_images\/142\/12006212.jpg","profile_background_image_url_https":"https:\/\/pbs.twimg.com\/profile_background_images\/142\/12006212.jpg","profile_background_tile":true,"profile_image_url":"http:\/\/pbs.twimg.com\/profile_images\/580428053790232576\/eFx8kwXv_normal.jpg","profile_image_url_https":"https:\/\/pbs.twimg.com\/profile_images\/580428053790232576\/eFx8kwXv_normal.jpg","profile_banner_url":"https:\/\/pbs.twimg.com\/profile_banners\/60\/1394566241","profile_link_color":"FF0000","profile_sidebar_border_color":"FF0000","profile_sidebar_fill_color":"FFC800","profile_text_color":"000000","profile_use_background_image":true,"has_extended_profile":true,"default_profile":false,"default_profile_image":false,"following":false,"follow_request_sent":false,"notifications":false},"geo":null,"coordinates":null,"place":null,"contributors":null,"retweeted_status":{"created_at":"Sun Aug 07 13:00:34 +0000 2016","id":762272222362775553,"id_str":"762272222362775553","text":"Ohhhhh... Today's @STLPostDispatch! @MioNonnisCasa https:\/\/t.co\/5GHKvX5hNo","truncated":false,"entities":{"hashtags":[],"symbols":[],"user_mentions":[{"screen_name":"STLPostDispatch","name":"STL Post Dispatch","id":543807970,"id_str":"543807970","indices":[18,34]},{"screen_name":"MioNonnisCasa","name":"Mio Nonni's Casa","id":2628519851,"id_str":"2628519851","indices":[36,50]}],"urls":[],"media":[{"id":762272157015560194,"id_str":"762272157015560194","indices":[51,74],"media_url":"http:\/\/pbs.twimg.com\/media\/CpQifPUVUAIXBVZ.jpg","media_url_https":"https:\/\/pbs.twimg.com\/media\/CpQifPUVUAIXBVZ.jpg","url":"https:\/\/t.co\/5GHKvX5hNo","display_url":"pic.twitter.com\/5GHKvX5hNo","expanded_url":"http:\/\/twitter.com\/marciadorsey\/status\/762272222362775553\/photo\/1","type":"photo","sizes":{"small":{"w":510,"h":680,"resize":"fit"},"medium":{"w":900,"h":1200,"resize":"fit"},"large":{"w":1536,"h":2048,"resize":"fit"},"thumb":{"w":150,"h":150,"resize":"crop"}}}]},"extended_entities":{"media":[{"id":762272157015560194,"id_str":"762272157015560194","indices":[51,74],"media_url":"http:\/\/pbs.twimg.com\/media\/CpQifPUVUAIXBVZ.jpg","media_url_https":"https:\/\/pbs.twimg.com\/media\/CpQifPUVUAIXBVZ.jpg","url":"https:\/\/t.co\/5GHKvX5hNo","display_url":"pic.twitter.com\/5GHKvX5hNo","expanded_url":"http:\/\/twitter.com\/marciadorsey\/status\/762272222362775553\/photo\/1","type":"photo","sizes":{"small":{"w":510,"h":680,"resize":"fit"},"medium":{"w":900,"h":1200,"resize":"fit"},"large":{"w":1536,"h":2048,"resize":"fit"},"thumb":{"w":150,"h":150,"resize":"crop"}}}]},"source":"\u003ca href=\"http:\/\/twitter.com\/download\/iphone\" rel=\"nofollow\"\u003eTwitter for iPhone\u003c\/a\u003e","in_reply_to_status_id":null,"in_reply_to_status_id_str":null,"in_reply_to_user_id":null,"in_reply_to_user_id_str":null,"in_reply_to_screen_name":null,"user":{"id":76,"id_str":"76","name":"Marcia Dorsey","screen_name":"marciadorsey","location":" STL ,MO. & Big Sur, CA","description":"Mother of @jack... Does that make me the grandmother of Twitter?","url":null,"entities":{"description":{"urls":[]}},"protected":false,"followers_count":4631,"friends_count":2358,"listed_count":146,"created_at":"Mon Apr 03 16:00:21 +0000 2006","favourites_count":48486,"utc_offset":-18000,"time_zone":"Central Time (US & Canada)","geo_enabled":true,"verified":false,"statuses_count":40475,"lang":"en","contributors_enabled":false,"is_translator":false,"is_translation_enabled":false,"profile_background_color":"9AE4E8","profile_background_image_url":"http:\/\/abs.twimg.com\/images\/themes\/theme1\/bg.png","profile_background_image_url_https":"https:\/\/abs.twimg.com\/images\/themes\/theme1\/bg.png","profile_background_tile":false,"profile_image_url":"http:\/\/pbs.twimg.com\/profile_images\/633487186944331777\/5oiVZHvI_normal.jpg","profile_image_url_https":"https:\/\/pbs.twimg.com\/profile_images\/633487186944331777\/5oiVZHvI_normal.jpg","profile_banner_url":"https:\/\/pbs.twimg.com\/profile_banners\/76\/1435812475","profile_link_color":"0000FF","profile_sidebar_border_color":"87BC44","profile_sidebar_fill_color":"E0FF92","profile_text_color":"000000","profile_use_background_image":true,"has_extended_profile":true,"default_profile":false,"default_profile_image":false,"following":false,"follow_request_sent":false,"notifications":false},"geo":null,"coordinates":null,"place":null,"contributors":null,"is_quote_status":false,"retweet_count":13,"favorite_count":57,"favorited":false,"retweeted":false,"possibly_sensitive":false,"lang":"en"},"is_quote_status":false,"retweet_count":13,"favorite_count":0,"favorited":false,"retweeted":false,"possibly_sensitive":false,"lang":"en"},{"created_at":"Sat Aug 06 13:22:22 +0000 2016","id":761915320370024449,"id_str":"761915320370024449","text":"RT @Hammerstones: $3 mimosas $3.50 bloody marys until 11 am.","truncated":false,"entities":{"hashtags":[],"symbols":[],"user_mentions":[{"screen_name":"Hammerstones","name":"Hammerstone's STL","id":96397327,"id_str":"96397327","indices":[3,16]}],"urls":[]},"source":"\u003ca href=\"http:\/\/twitter.com\/download\/iphone\" rel=\"nofollow\"\u003eTwitter for iPhone\u003c\/a\u003e","in_reply_to_status_id":null,"in_reply_to_status_id_str":null,"in_reply_to_user_id":null,"in_reply_to_user_id_str":null,"in_reply_to_screen_name":null,"user":{"id":60,"id_str":"60","name":"Andrew Dorsey","screen_name":"andrew","location":"St. Louis","description":"U AINT COOL TILL U ON TWITTER","url":null,"entities":{"description":{"urls":[]}},"protected":false,"followers_count":7104,"friends_count":513,"listed_count":375,"created_at":"Sat Apr 01 03:31:30 +0000 2006","favourites_count":2348,"utc_offset":-21600,"time_zone":"Central America","geo_enabled":true,"verified":false,"statuses_count":2402,"lang":"en","contributors_enabled":false,"is_translator":false,"is_translation_enabled":false,"profile_background_color":"000000","profile_background_image_url":"http:\/\/pbs.twimg.com\/profile_background_images\/142\/12006212.jpg","profile_background_image_url_https":"https:\/\/pbs.twimg.com\/profile_background_images\/142\/12006212.jpg","profile_background_tile":true,"profile_image_url":"http:\/\/pbs.twimg.com\/profile_images\/580428053790232576\/eFx8kwXv_normal.jpg","profile_image_url_https":"https:\/\/pbs.twimg.com\/profile_images\/580428053790232576\/eFx8kwXv_normal.jpg","profile_banner_url":"https:\/\/pbs.twimg.com\/profile_banners\/60\/1394566241","profile_link_color":"FF0000","profile_sidebar_border_color":"FF0000","profile_sidebar_fill_color":"FFC800","profile_text_color":"000000","profile_use_background_image":true,"has_extended_profile":true,"default_profile":false,"default_profile_image":false,"following":false,"follow_request_sent":false,"notifications":false},"geo":null,"coordinates":null,"place":null,"contributors":null,"retweeted_status":{"created_at":"Sat Aug 06 13:00:57 +0000 2016","id":761909929540194304,"id_str":"761909929540194304","text":"$3 mimosas $3.50 bloody marys until 11 am.","truncated":false,"entities":{"hashtags":[],"symbols":[],"user_mentions":[],"urls":[]},"source":"\u003ca href=\"http:\/\/www.facebook.com\/twitter\" rel=\"nofollow\"\u003eFacebook\u003c\/a\u003e","in_reply_to_status_id":null,"in_reply_to_status_id_str":null,"in_reply_to_user_id":null,"in_reply_to_user_id_str":null,"in_reply_to_screen_name":null,"user":{"id":96397327,"id_str":"96397327","name":"Hammerstone's STL","screen_name":"Hammerstones","location":"St. Louis","description":"A blues cafe and bar in Historic Soulard- St. Louis, MO. Open @ 6:30am M-F, 8am Sat, 9am Sun.  Live Music Every Night and Saturday and Sunday afternoons.","url":"http:\/\/t.co\/8kgye0sQos","entities":{"url":{"urls":[{"url":"http:\/\/t.co\/8kgye0sQos","expanded_url":"http:\/\/www.hammerstones.net","display_url":"hammerstones.net","indices":[0,22]}]},"description":{"urls":[]}},"protected":false,"followers_count":747,"friends_count":460,"listed_count":33,"created_at":"Sat Dec 12 18:56:49 +0000 2009","favourites_count":24,"utc_offset":-18000,"time_zone":"Central Time (US & Canada)","geo_enabled":true,"verified":false,"statuses_count":354,"lang":"en","contributors_enabled":false,"is_translator":false,"is_translation_enabled":false,"profile_background_color":"C0DEED","profile_background_image_url":"http:\/\/abs.twimg.com\/images\/themes\/theme1\/bg.png","profile_background_image_url_https":"https:\/\/abs.twimg.com\/images\/themes\/theme1\/bg.png","profile_background_tile":false,"profile_image_url":"http:\/\/pbs.twimg.com\/profile_images\/571461998\/hammer_logo_normal.jpg","profile_image_url_https":"https:\/\/pbs.twimg.com\/profile_images\/571461998\/hammer_logo_normal.jpg","profile_banner_url":"https:\/\/pbs.twimg.com\/profile_banners\/96397327\/1442408299","profile_link_color":"0084B4","profile_sidebar_border_color":"C0DEED","profile_sidebar_fill_color":"DDEEF6","profile_text_color":"333333","profile_use_background_image":true,"has_extended_profile":false,"default_profile":true,"default_profile_image":false,"following":false,"follow_request_sent":false,"notifications":false},"geo":null,"coordinates":null,"place":null,"contributors":null,"is_quote_status":false,"retweet_count":1,"favorite_count":1,"favorited":false,"retweeted":false,"lang":"en"},"is_quote_status":false,"retweet_count":1,"favorite_count":0,"favorited":false,"retweeted":false,"lang":"en"}]