[{"created_at":"Wed Aug 03 17:15:00 +0000 2016","id":760886699652059136,"id_str":"760886699652059136","text":"Explore Google Maps\u2019 3D imagery of the Himalayas as a 500 foot Yeti named Verne: https:\/\/t.co\/ESmAV91pVw https:\/\/t.co\/rgA0DdgPgY","truncated":false,"entities":{"hashtags":[],"symbols":[],"user_mentions":[],"urls":[{"url":"https:\/\/t.co\/ESmAV91pVw","expanded_url":"http:\/\/g.co\/verne","display_url":"g.co\/verne","indices":[81,104]}],"media":[{"id":760884678240964608,"id_str":"760884678240964608","indices":[105,128],"media_url":"http:\/\/pbs.twimg.com\/media\/Co80lWGXEAAcDPf.jpg","media_url_https":"https:\/\/pbs.twimg.com\/media\/Co80lWGXEAAcDPf.jpg","url":"https:\/\/t.co\/rgA0DdgPgY","display_url":"pic.twitter.com\/rgA0DdgPgY","expanded_url":"http:\/\/twitter.com\/default\/status\/760886699652059136\/photo\/1","type":"photo","sizes":{"large":{"w":1000,"h":562,"resize":"fit"},"thumb":{"w":150,"h":150,"resize":"crop"},"medium":{"w":1000,"h":562,"resize":"fit"},"small":{"w":680,"h":382,"resize":"fit"}}}]},"extended_entities":{"media":[{"id":760884678240964608,"id_str":"760884678240964608","indices":[105,128],"media_url":"http:\/\/pbs.twimg.com\/media\/Co80lWGXEAAcDPf.jpg","media_url_https":"https:\/\/pbs.twimg.com\/media\/Co80lWGXEAAcDPf.jpg","url":"https:\/\/t.co\/rgA0DdgPgY","display_url":"pic.twitter.com\/rgA0DdgPgY","expanded_url":"http:\/\/twitter.com\/default\/status\/760886699652059136\/photo\/1","type":"photo","sizes":{"large":{"w":1000,"h":562,"resize":"fit"},"thumb":{"w":150,"h":150,"resize":"crop"},"medium":{"w":1000,"h":562,"resize":"fit"},"small":{"w":680,"h":382,"resize":"fit"}}}]},"source":"\u003ca href=\"http:\/\/twitter.com\" rel=\"nofollow\"\u003eTwitter Web Client\u003c\/a\u003e","in_reply_to_status_id":null,"in_reply_to_status_id_str":null,"in_reply_to_user_id":null,"in_reply_to_user_id_str":null,"in_reply_to_screen_name":null,"user":{"id":149304117,"id_str":"149304117","name":"glen jackson taylor","screen_name":"default","location":"San Francisco","description":"Pattern Recognition","url":"http:\/\/t.co\/4Xj6n6kPSi","entities":{"url":{"urls":[{"url":"http:\/\/t.co\/4Xj6n6kPSi","expanded_url":"http:\/\/defaultprojects.com","display_url":"defaultprojects.com","indices":[0,22]}]},"description":{"urls":[]}},"protected":false,"followers_count":202,"friends_count":144,"listed_count":16,"created_at":"Fri May 28 23:32:56 +0000 2010","favourites_count":12,"utc_offset":-14400,"time_zone":"Eastern Time (US & Canada)","geo_enabled":false,"verified":false,"statuses_count":682,"lang":"en","contributors_enabled":false,"is_translator":false,"is_translation_enabled":false,"profile_background_color":"E8ECED","profile_background_image_url":"http:\/\/pbs.twimg.com\/profile_background_images\/217032885\/blackboard.jpg","profile_background_image_url_https":"https:\/\/pbs.twimg.com\/profile_background_images\/217032885\/blackboard.jpg","profile_background_tile":true,"profile_image_url":"http:\/\/pbs.twimg.com\/profile_images\/485448559357984768\/BQQXsmRM_normal.png","profile_image_url_https":"https:\/\/pbs.twimg.com\/profile_images\/485448559357984768\/BQQXsmRM_normal.png","profile_banner_url":"https:\/\/pbs.twimg.com\/profile_banners\/149304117\/1404563621","profile_link_color":"1E94B8","profile_sidebar_border_color":"E8ECED","profile_sidebar_fill_color":"1B1C1C","profile_text_color":"706C70","profile_use_background_image":true,"has_extended_profile":false,"default_profile":false,"default_profile_image":false,"following":false,"follow_request_sent":false,"notifications":false},"geo":null,"coordinates":null,"place":null,"contributors":null,"is_quote_status":false,"retweet_count":1,"favorite_count":1,"favorited":false,"retweeted":false,"possibly_sensitive":false,"lang":"en"},{"created_at":"Mon Aug 01 18:03:46 +0000 2016","id":760174198174035968,"id_str":"760174198174035968","text":"The harsh truth of the camera eye: https:\/\/t.co\/vWXLafuNXy https:\/\/t.co\/vlbt1Gjzpl","truncated":false,"entities":{"hashtags":[],"symbols":[],"user_mentions":[],"urls":[{"url":"https:\/\/t.co\/vWXLafuNXy","expanded_url":"http:\/\/www.danvojtech.cz\/blog\/2016\/07\/amazing-how-focal-length-affect-shape-of-the-face\/","display_url":"danvojtech.cz\/blog\/2016\/07\/a\u2026","indices":[35,58]}],"media":[{"id":760173809143943171,"id_str":"760173809143943171","indices":[59,82],"media_url":"http:\/\/pbs.twimg.com\/tweet_video_thumb\/CoyuDUWUkAMcn6X.jpg","media_url_https":"https:\/\/pbs.twimg.com\/tweet_video_thumb\/CoyuDUWUkAMcn6X.jpg","url":"https:\/\/t.co\/vlbt1Gjzpl","display_url":"pic.twitter.com\/vlbt1Gjzpl","expanded_url":"http:\/\/twitter.com\/default\/status\/760174198174035968\/photo\/1","type":"photo","sizes":{"small":{"w":340,"h":340,"resize":"fit"},"thumb":{"w":150,"h":150,"resize":"crop"},"medium":{"w":600,"h":600,"resize":"fit"},"large":{"w":800,"h":800,"resize":"fit"}}}]},"extended_entities":{"media":[{"id":760173809143943171,"id_str":"760173809143943171","indices":[59,82],"media_url":"http:\/\/pbs.twimg.com\/tweet_video_thumb\/CoyuDUWUkAMcn6X.jpg","media_url_https":"https:\/\/pbs.twimg.com\/tweet_video_thumb\/CoyuDUWUkAMcn6X.jpg","url":"https:\/\/t.co\/vlbt1Gjzpl","display_url":"pic.twitter.com\/vlbt1Gjzpl","expanded_url":"http:\/\/twitter.com\/default\/status\/760174198174035968\/photo\/1","type":"animated_gif","sizes":{"small":{"w":340,"h":340,"resize":"fit"},"thumb":{"w":150,"h":150,"resize":"crop"},"medium":{"w":600,"h":600,"resize":"fit"},"large":{"w":800,"h":800,"resize":"fit"}},"video_info":{"aspect_ratio":[1,1],"variants":[{"bitrate":0,"content_type":"video\/mp4","url":"https:\/\/pbs.twimg.com\/tweet_video\/CoyuDUWUkAMcn6X.mp4"}]}}]},"source":"\u003ca href=\"http:\/\/twitter.com\" rel=\"nofollow\"\u003eTwitter Web Client\u003c\/a\u003e","in_reply_to_status_id":null,"in_reply_to_status_id_str":null,"in_reply_to_user_id":null,"in_reply_to_user_id_str":null,"in_reply_to_screen_name":null,"user":{"id":149304117,"id_str":"149304117","name":"glen jackson taylor","screen_name":"default","location":"San Francisco","description":"Pattern Recognition","url":"http:\/\/t.co\/4Xj6n6kPSi","entities":{"url":{"urls":[{"url":"http:\/\/t.co\/4Xj6n6kPSi","expanded_url":"http:\/\/defaultprojects.com","display_url":"defaultprojects.com","indices":[0,22]}]},"description":{"urls":[]}},"protected":false,"followers_count":202,"friends_count":144,"listed_count":16,"created_at":"Fri May 28 23:32:56 +0000 2010","favourites_count":12,"utc_offset":-14400,"time_zone":"Eastern Time (US & Canada)","geo_enabled":false,"verified":false,"statuses_count":682,"lang":"en","contributors_enabled":false,"is_translator":false,"is_translation_enabled":false,"profile_background_color":"E8ECED","profile_background_image_url":"http:\/\/pbs.twimg.com\/profile_background_images\/217032885\/blackboard.jpg","profile_background_image_url_https":"https:\/\/pbs.twimg.com\/profile_background_images\/217032885\/blackboard.jpg","profile_background_tile":true,"profile_image_url":"http:\/\/pbs.twimg.com\/profile_images\/485448559357984768\/BQQXsmRM_normal.png","profile_image_url_https":"https:\/\/pbs.twimg.com\/profile_images\/485448559357984768\/BQQXsmRM_normal.png","profile_banner_url":"https:\/\/pbs.twimg.com\/profile_banners\/149304117\/1404563621","profile_link_color":"1E94B8","profile_sidebar_border_color":"E8ECED","profile_sidebar_fill_color":"1B1C1C","profile_text_color":"706C70","profile_use_background_image":true,"has_extended_profile":false,"default_profile":false,"default_profile_image":false,"following":false,"follow_request_sent":false,"notifications":false},"geo":null,"coordinates":null,"place":null,"contributors":null,"is_quote_status":false,"retweet_count":1,"favorite_count":2,"favorited":false,"retweeted":false,"possibly_sensitive":false,"lang":"en"},{"created_at":"Thu Jul 28 20:37:47 +0000 2016","id":758763404664401921,"id_str":"758763404664401921","text":"Music video renaissance? https:\/\/t.co\/V2d99icZji https:\/\/t.co\/zCBs7JTPFn","truncated":false,"entities":{"hashtags":[],"symbols":[],"user_mentions":[],"urls":[{"url":"https:\/\/t.co\/V2d99icZji","expanded_url":"https:\/\/www.theguardian.com\/music\/2016\/jul\/28\/how-pop-music-video-got-weird-again","display_url":"theguardian.com\/music\/2016\/jul\u2026","indices":[25,48]}],"media":[{"id":758762472706682880,"id_str":"758762472706682880","indices":[49,72],"media_url":"http:\/\/pbs.twimg.com\/media\/CoeqcuaUMAACZNW.jpg","media_url_https":"https:\/\/pbs.twimg.com\/media\/CoeqcuaUMAACZNW.jpg","url":"https:\/\/t.co\/zCBs7JTPFn","display_url":"pic.twitter.com\/zCBs7JTPFn","expanded_url":"http:\/\/twitter.com\/default\/status\/758763404664401921\/photo\/1","type":"photo","sizes":{"medium":{"w":1200,"h":600,"resize":"fit"},"thumb":{"w":150,"h":150,"resize":"crop"},"small":{"w":680,"h":340,"resize":"fit"},"large":{"w":2048,"h":1024,"resize":"fit"}}}]},"extended_entities":{"media":[{"id":758762472706682880,"id_str":"758762472706682880","indices":[49,72],"media_url":"http:\/\/pbs.twimg.com\/media\/CoeqcuaUMAACZNW.jpg","media_url_https":"https:\/\/pbs.twimg.com\/media\/CoeqcuaUMAACZNW.jpg","url":"https:\/\/t.co\/zCBs7JTPFn","display_url":"pic.twitter.com\/zCBs7JTPFn","expanded_url":"http:\/\/twitter.com\/default\/status\/758763404664401921\/photo\/1","type":"photo","sizes":{"medium":{"w":1200,"h":600,"resize":"fit"},"thumb":{"w":150,"h":150,"resize":"crop"},"small":{"w":680,"h":340,"resize":"fit"},"large":{"w":2048,"h":1024,"resize":"fit"}}}]},"source":"\u003ca href=\"http:\/\/twitter.com\" rel=\"nofollow\"\u003eTwitter Web Client\u003c\/a\u003e","in_reply_to_status_id":null,"in_reply_to_status_id_str":null,"in_reply_to_user_id":null,"in_reply_to_user_id_str":null,"in_reply_to_screen_name":null,"user":{"id":149304117,"id_str":"149304117","name":"glen jackson taylor","screen_name":"default","location":"San Francisco","description":"Pattern Recognition","url":"http:\/\/t.co\/4Xj6n6kPSi","entities":{"url":{"urls":[{"url":"http:\/\/t.co\/4Xj6n6kPSi","expanded_url":"http:\/\/defaultprojects.com","display_url":"defaultprojects.com","indices":[0,22]}]},"description":{"urls":[]}},"protected":false,"followers_count":202,"friends_count":144,"listed_count":16,"created_at":"Fri May 28 23:32:56 +0000 2010","favourites_count":12,"utc_offset":-14400,"time_zone":"Eastern Time (US & Canada)","geo_enabled":false,"verified":false,"statuses_count":682,"lang":"en","contributors_enabled":false,"is_translator":false,"is_translation_enabled":false,"profile_background_color":"E8ECED","profile_background_image_url":"http:\/\/pbs.twimg.com\/profile_background_images\/217032885\/blackboard.jpg","profile_background_image_url_https":"https:\/\/pbs.twimg.com\/profile_background_images\/217032885\/blackboard.jpg","profile_background_tile":true,"profile_image_url":"http:\/\/pbs.twimg.com\/profile_images\/485448559357984768\/BQQXsmRM_normal.png","profile_image_url_https":"https:\/\/pbs.twimg.com\/profile_images\/485448559357984768\/BQQXsmRM_normal.png","profile_banner_url":"https:\/\/pbs.twimg.com\/profile_banners\/149304117\/1404563621","profile_link_color":"1E94B8","profile_sidebar_border_color":"E8ECED","profile_sidebar_fill_color":"1B1C1C","profile_text_color":"706C70","profile_use_background_image":true,"has_extended_profile":false,"default_profile":false,"default_profile_image":false,"following":false,"follow_request_sent":false,"notifications":false},"geo":null,"coordinates":null,"place":null,"contributors":null,"is_quote_status":false,"retweet_count":0,"favorite_count":1,"favorited":false,"retweeted":false,"possibly_sensitive":false,"lang":"en"},{"created_at":"Sun May 29 19:06:26 +0000 2016","id":736997142238109696,"id_str":"736997142238109696","text":"Not all components are created equal. @airbnbdesign on their new design system: https:\/\/t.co\/OevEbiVGHe https:\/\/t.co\/NjTJhNWtp2","truncated":false,"entities":{"hashtags":[],"symbols":[],"user_mentions":[{"screen_name":"Airbnbdesign","name":"Airbnb Design","id":2241419394,"id_str":"2241419394","indices":[38,51]}],"urls":[{"url":"https:\/\/t.co\/OevEbiVGHe","expanded_url":"http:\/\/airbnb.design\/building-a-visual-language\/","display_url":"airbnb.design\/building-a-vis\u2026","indices":[80,103]}],"media":[{"id":736997141730594817,"id_str":"736997141730594817","indices":[104,127],"media_url":"http:\/\/pbs.twimg.com\/media\/CjpW_uFUkAEQdtM.jpg","media_url_https":"https:\/\/pbs.twimg.com\/media\/CjpW_uFUkAEQdtM.jpg","url":"https:\/\/t.co\/NjTJhNWtp2","display_url":"pic.twitter.com\/NjTJhNWtp2","expanded_url":"http:\/\/twitter.com\/default\/status\/736997142238109696\/photo\/1","type":"photo","sizes":{"large":{"w":1024,"h":512,"resize":"fit"},"thumb":{"w":150,"h":150,"resize":"crop"},"medium":{"w":600,"h":300,"resize":"fit"},"small":{"w":340,"h":170,"resize":"fit"}}}]},"extended_entities":{"media":[{"id":736997141730594817,"id_str":"736997141730594817","indices":[104,127],"media_url":"http:\/\/pbs.twimg.com\/media\/CjpW_uFUkAEQdtM.jpg","media_url_https":"https:\/\/pbs.twimg.com\/media\/CjpW_uFUkAEQdtM.jpg","url":"https:\/\/t.co\/NjTJhNWtp2","display_url":"pic.twitter.com\/NjTJhNWtp2","expanded_url":"http:\/\/twitter.com\/default\/status\/736997142238109696\/photo\/1","type":"photo","sizes":{"large":{"w":1024,"h":512,"resize":"fit"},"thumb":{"w":150,"h":150,"resize":"crop"},"medium":{"w":600,"h":300,"resize":"fit"},"small":{"w":340,"h":170,"resize":"fit"}}}]},"source":"\u003ca href=\"http:\/\/twitter.com\" rel=\"nofollow\"\u003eTwitter Web Client\u003c\/a\u003e","in_reply_to_status_id":null,"in_reply_to_status_id_str":null,"in_reply_to_user_id":null,"in_reply_to_user_id_str":null,"in_reply_to_screen_name":null,"user":{"id":149304117,"id_str":"149304117","name":"glen jackson taylor","screen_name":"default","location":"San Francisco","description":"Pattern Recognition","url":"http:\/\/t.co\/4Xj6n6kPSi","entities":{"url":{"urls":[{"url":"http:\/\/t.co\/4Xj6n6kPSi","expanded_url":"http:\/\/defaultprojects.com","display_url":"defaultprojects.com","indices":[0,22]}]},"description":{"urls":[]}},"protected":false,"followers_count":202,"friends_count":144,"listed_count":16,"created_at":"Fri May 28 23:32:56 +0000 2010","favourites_count":12,"utc_offset":-14400,"time_zone":"Eastern Time (US & Canada)","geo_enabled":false,"verified":false,"statuses_count":682,"lang":"en","contributors_enabled":false,"is_translator":false,"is_translation_enabled":false,"profile_background_color":"E8ECED","profile_background_image_url":"http:\/\/pbs.twimg.com\/profile_background_images\/217032885\/blackboard.jpg","profile_background_image_url_https":"https:\/\/pbs.twimg.com\/profile_background_images\/217032885\/blackboard.jpg","profile_background_tile":true,"profile_image_url":"http:\/\/pbs.twimg.com\/profile_images\/485448559357984768\/BQQXsmRM_normal.png","profile_image_url_https":"https:\/\/pbs.twimg.com\/profile_images\/485448559357984768\/BQQXsmRM_normal.png","profile_banner_url":"https:\/\/pbs.twimg.com\/profile_banners\/149304117\/1404563621","profile_link_color":"1E94B8","profile_sidebar_border_color":"E8ECED","profile_sidebar_fill_color":"1B1C1C","profile_text_color":"706C70","profile_use_background_image":true,"has_extended_profile":false,"default_profile":false,"default_profile_image":false,"following":false,"follow_request_sent":false,"notifications":false},"geo":null,"coordinates":null,"place":null,"contributors":null,"is_quote_status":false,"retweet_count":1,"favorite_count":0,"favorited":false,"retweeted":false,"possibly_sensitive":false,"lang":"en"},{"created_at":"Thu Mar 10 22:28:36 +0000 2016","id":708056992032526336,"id_str":"708056992032526336","text":"Got a spare 45min? Origami Darth Vader tutorial:\nhttps:\/\/t.co\/8swhSXemaj","truncated":false,"entities":{"hashtags":[],"symbols":[],"user_mentions":[],"urls":[{"url":"https:\/\/t.co\/8swhSXemaj","expanded_url":"https:\/\/www.youtube.com\/watch?v=nkeFJgQDpjQ","display_url":"youtube.com\/watch?v=nkeFJg\u2026","indices":[49,72]}]},"source":"\u003ca href=\"http:\/\/twitter.com\" rel=\"nofollow\"\u003eTwitter Web Client\u003c\/a\u003e","in_reply_to_status_id":null,"in_reply_to_status_id_str":null,"in_reply_to_user_id":null,"in_reply_to_user_id_str":null,"in_reply_to_screen_name":null,"user":{"id":149304117,"id_str":"149304117","name":"glen jackson taylor","screen_name":"default","location":"San Francisco","description":"Pattern Recognition","url":"http:\/\/t.co\/4Xj6n6kPSi","entities":{"url":{"urls":[{"url":"http:\/\/t.co\/4Xj6n6kPSi","expanded_url":"http:\/\/defaultprojects.com","display_url":"defaultprojects.com","indices":[0,22]}]},"description":{"urls":[]}},"protected":false,"followers_count":202,"friends_count":144,"listed_count":16,"created_at":"Fri May 28 23:32:56 +0000 2010","favourites_count":12,"utc_offset":-14400,"time_zone":"Eastern Time (US & Canada)","geo_enabled":false,"verified":false,"statuses_count":682,"lang":"en","contributors_enabled":false,"is_translator":false,"is_translation_enabled":false,"profile_background_color":"E8ECED","profile_background_image_url":"http:\/\/pbs.twimg.com\/profile_background_images\/217032885\/blackboard.jpg","profile_background_image_url_https":"https:\/\/pbs.twimg.com\/profile_background_images\/217032885\/blackboard.jpg","profile_background_tile":true,"profile_image_url":"http:\/\/pbs.twimg.com\/profile_images\/485448559357984768\/BQQXsmRM_normal.png","profile_image_url_https":"https:\/\/pbs.twimg.com\/profile_images\/485448559357984768\/BQQXsmRM_normal.png","profile_banner_url":"https:\/\/pbs.twimg.com\/profile_banners\/149304117\/1404563621","profile_link_color":"1E94B8","profile_sidebar_border_color":"E8ECED","profile_sidebar_fill_color":"1B1C1C","profile_text_color":"706C70","profile_use_background_image":true,"has_extended_profile":false,"default_profile":false,"default_profile_image":false,"following":false,"follow_request_sent":false,"notifications":false},"geo":null,"coordinates":null,"place":null,"contributors":null,"is_quote_status":false,"retweet_count":0,"favorite_count":3,"favorited":false,"retweeted":false,"possibly_sensitive":false,"lang":"en"},{"created_at":"Mon Feb 29 15:04:45 +0000 2016","id":704321413176434688,"id_str":"704321413176434688","text":"Leaping Bunny! #LeapYear #GoogleDoodle https:\/\/t.co\/QPX6j5n36U","truncated":false,"entities":{"hashtags":[{"text":"LeapYear","indices":[15,24]},{"text":"GoogleDoodle","indices":[25,38]}],"symbols":[],"user_mentions":[],"urls":[],"media":[{"id":704321357148852224,"id_str":"704321357148852224","indices":[39,62],"media_url":"http:\/\/pbs.twimg.com\/tweet_video_thumb\/CcZAiuyUEAA9hVs.jpg","media_url_https":"https:\/\/pbs.twimg.com\/tweet_video_thumb\/CcZAiuyUEAA9hVs.jpg","url":"https:\/\/t.co\/QPX6j5n36U","display_url":"pic.twitter.com\/QPX6j5n36U","expanded_url":"http:\/\/twitter.com\/default\/status\/704321413176434688\/photo\/1","type":"photo","sizes":{"medium":{"w":600,"h":240,"resize":"fit"},"small":{"w":340,"h":136,"resize":"fit"},"thumb":{"w":150,"h":150,"resize":"crop"},"large":{"w":1000,"h":400,"resize":"fit"}}}]},"extended_entities":{"media":[{"id":704321357148852224,"id_str":"704321357148852224","indices":[39,62],"media_url":"http:\/\/pbs.twimg.com\/tweet_video_thumb\/CcZAiuyUEAA9hVs.jpg","media_url_https":"https:\/\/pbs.twimg.com\/tweet_video_thumb\/CcZAiuyUEAA9hVs.jpg","url":"https:\/\/t.co\/QPX6j5n36U","display_url":"pic.twitter.com\/QPX6j5n36U","expanded_url":"http:\/\/twitter.com\/default\/status\/704321413176434688\/photo\/1","type":"animated_gif","sizes":{"medium":{"w":600,"h":240,"resize":"fit"},"small":{"w":340,"h":136,"resize":"fit"},"thumb":{"w":150,"h":150,"resize":"crop"},"large":{"w":1000,"h":400,"resize":"fit"}},"video_info":{"aspect_ratio":[5,2],"variants":[{"bitrate":0,"content_type":"video\/mp4","url":"https:\/\/pbs.twimg.com\/tweet_video\/CcZAiuyUEAA9hVs.mp4"}]}}]},"source":"\u003ca href=\"http:\/\/twitter.com\" rel=\"nofollow\"\u003eTwitter Web Client\u003c\/a\u003e","in_reply_to_status_id":null,"in_reply_to_status_id_str":null,"in_reply_to_user_id":null,"in_reply_to_user_id_str":null,"in_reply_to_screen_name":null,"user":{"id":149304117,"id_str":"149304117","name":"glen jackson taylor","screen_name":"default","location":"San Francisco","description":"Pattern Recognition","url":"http:\/\/t.co\/4Xj6n6kPSi","entities":{"url":{"urls":[{"url":"http:\/\/t.co\/4Xj6n6kPSi","expanded_url":"http:\/\/defaultprojects.com","display_url":"defaultprojects.com","indices":[0,22]}]},"description":{"urls":[]}},"protected":false,"followers_count":202,"friends_count":144,"listed_count":16,"created_at":"Fri May 28 23:32:56 +0000 2010","favourites_count":12,"utc_offset":-14400,"time_zone":"Eastern Time (US & Canada)","geo_enabled":false,"verified":false,"statuses_count":682,"lang":"en","contributors_enabled":false,"is_translator":false,"is_translation_enabled":false,"profile_background_color":"E8ECED","profile_background_image_url":"http:\/\/pbs.twimg.com\/profile_background_images\/217032885\/blackboard.jpg","profile_background_image_url_https":"https:\/\/pbs.twimg.com\/profile_background_images\/217032885\/blackboard.jpg","profile_background_tile":true,"profile_image_url":"http:\/\/pbs.twimg.com\/profile_images\/485448559357984768\/BQQXsmRM_normal.png","profile_image_url_https":"https:\/\/pbs.twimg.com\/profile_images\/485448559357984768\/BQQXsmRM_normal.png","profile_banner_url":"https:\/\/pbs.twimg.com\/profile_banners\/149304117\/1404563621","profile_link_color":"1E94B8","profile_sidebar_border_color":"E8ECED","profile_sidebar_fill_color":"1B1C1C","profile_text_color":"706C70","profile_use_background_image":true,"has_extended_profile":false,"default_profile":false,"default_profile_image":false,"following":false,"follow_request_sent":false,"notifications":false},"geo":null,"coordinates":null,"place":null,"contributors":null,"is_quote_status":false,"retweet_count":0,"favorite_count":0,"favorited":false,"retweeted":false,"possibly_sensitive":false,"lang":"en"},{"created_at":"Thu Dec 03 02:58:29 +0000 2015","id":672248509924425729,"id_str":"672248509924425729","text":"Nice to see @nervous_system working with New Balance on their custom 3D-printed midsole: https:\/\/t.co\/pRfTFSbdEn https:\/\/t.co\/GsCMAbrmfD","truncated":false,"entities":{"hashtags":[],"symbols":[],"user_mentions":[{"screen_name":"nervous_system","name":"Nervous System","id":46509329,"id_str":"46509329","indices":[12,27]}],"urls":[{"url":"https:\/\/t.co\/pRfTFSbdEn","expanded_url":"http:\/\/www.newbalance.com\/article?id=4041","display_url":"newbalance.com\/article?id=4041","indices":[89,112]}],"media":[{"id":672248508049559554,"id_str":"672248508049559554","indices":[113,136],"media_url":"http:\/\/pbs.twimg.com\/tweet_video_thumb\/CVROdNMUkAIvpVe.png","media_url_https":"https:\/\/pbs.twimg.com\/tweet_video_thumb\/CVROdNMUkAIvpVe.png","url":"https:\/\/t.co\/GsCMAbrmfD","display_url":"pic.twitter.com\/GsCMAbrmfD","expanded_url":"http:\/\/twitter.com\/default\/status\/672248509924425729\/photo\/1","type":"photo","sizes":{"medium":{"w":600,"h":338,"resize":"fit"},"thumb":{"w":150,"h":150,"resize":"crop"},"large":{"w":700,"h":394,"resize":"fit"},"small":{"w":340,"h":191,"resize":"fit"}}}]},"extended_entities":{"media":[{"id":672248508049559554,"id_str":"672248508049559554","indices":[113,136],"media_url":"http:\/\/pbs.twimg.com\/tweet_video_thumb\/CVROdNMUkAIvpVe.png","media_url_https":"https:\/\/pbs.twimg.com\/tweet_video_thumb\/CVROdNMUkAIvpVe.png","url":"https:\/\/t.co\/GsCMAbrmfD","display_url":"pic.twitter.com\/GsCMAbrmfD","expanded_url":"http:\/\/twitter.com\/default\/status\/672248509924425729\/photo\/1","type":"animated_gif","sizes":{"medium":{"w":600,"h":338,"resize":"fit"},"thumb":{"w":150,"h":150,"resize":"crop"},"large":{"w":700,"h":394,"resize":"fit"},"small":{"w":340,"h":191,"resize":"fit"}},"video_info":{"aspect_ratio":[350,197],"variants":[{"bitrate":0,"content_type":"video\/mp4","url":"https:\/\/pbs.twimg.com\/tweet_video\/CVROdNMUkAIvpVe.mp4"}]}}]},"source":"\u003ca href=\"http:\/\/twitter.com\" rel=\"nofollow\"\u003eTwitter Web Client\u003c\/a\u003e","in_reply_to_status_id":null,"in_reply_to_status_id_str":null,"in_reply_to_user_id":null,"in_reply_to_user_id_str":null,"in_reply_to_screen_name":null,"user":{"id":149304117,"id_str":"149304117","name":"glen jackson taylor","screen_name":"default","location":"San Francisco","description":"Pattern Recognition","url":"http:\/\/t.co\/4Xj6n6kPSi","entities":{"url":{"urls":[{"url":"http:\/\/t.co\/4Xj6n6kPSi","expanded_url":"http:\/\/defaultprojects.com","display_url":"defaultprojects.com","indices":[0,22]}]},"description":{"urls":[]}},"protected":false,"followers_count":202,"friends_count":144,"listed_count":16,"created_at":"Fri May 28 23:32:56 +0000 2010","favourites_count":12,"utc_offset":-14400,"time_zone":"Eastern Time (US & Canada)","geo_enabled":false,"verified":false,"statuses_count":682,"lang":"en","contributors_enabled":false,"is_translator":false,"is_translation_enabled":false,"profile_background_color":"E8ECED","profile_background_image_url":"http:\/\/pbs.twimg.com\/profile_background_images\/217032885\/blackboard.jpg","profile_background_image_url_https":"https:\/\/pbs.twimg.com\/profile_background_images\/217032885\/blackboard.jpg","profile_background_tile":true,"profile_image_url":"http:\/\/pbs.twimg.com\/profile_images\/485448559357984768\/BQQXsmRM_normal.png","profile_image_url_https":"https:\/\/pbs.twimg.com\/profile_images\/485448559357984768\/BQQXsmRM_normal.png","profile_banner_url":"https:\/\/pbs.twimg.com\/profile_banners\/149304117\/1404563621","profile_link_color":"1E94B8","profile_sidebar_border_color":"E8ECED","profile_sidebar_fill_color":"1B1C1C","profile_text_color":"706C70","profile_use_background_image":true,"has_extended_profile":false,"default_profile":false,"default_profile_image":false,"following":false,"follow_request_sent":false,"notifications":false},"geo":null,"coordinates":null,"place":null,"contributors":null,"is_quote_status":false,"retweet_count":0,"favorite_count":2,"favorited":false,"retweeted":false,"possibly_sensitive":false,"lang":"en"},{"created_at":"Sat Oct 31 15:46:06 +0000 2015","id":660482890388508672,"id_str":"660482890388508672","text":"#HappyHalloween - @babooncreation killed it with their #31HorrorDays animated gif series! https:\/\/t.co\/STFuTC09ng","truncated":false,"entities":{"hashtags":[{"text":"HappyHalloween","indices":[0,15]},{"text":"31HorrorDays","indices":[55,68]}],"symbols":[],"user_mentions":[{"screen_name":"babooncreation","name":"Baboon Creation","id":117128598,"id_str":"117128598","indices":[18,33]}],"urls":[],"media":[{"id":660482888970821632,"id_str":"660482888970821632","indices":[90,113],"media_url":"http:\/\/pbs.twimg.com\/tweet_video_thumb\/CSqBsClUYAARZYv.png","media_url_https":"https:\/\/pbs.twimg.com\/tweet_video_thumb\/CSqBsClUYAARZYv.png","url":"https:\/\/t.co\/STFuTC09ng","display_url":"pic.twitter.com\/STFuTC09ng","expanded_url":"http:\/\/twitter.com\/default\/status\/660482890388508672\/photo\/1","type":"photo","sizes":{"thumb":{"w":150,"h":150,"resize":"crop"},"large":{"w":800,"h":380,"resize":"fit"},"small":{"w":340,"h":162,"resize":"fit"},"medium":{"w":600,"h":285,"resize":"fit"}}}]},"extended_entities":{"media":[{"id":660482888970821632,"id_str":"660482888970821632","indices":[90,113],"media_url":"http:\/\/pbs.twimg.com\/tweet_video_thumb\/CSqBsClUYAARZYv.png","media_url_https":"https:\/\/pbs.twimg.com\/tweet_video_thumb\/CSqBsClUYAARZYv.png","url":"https:\/\/t.co\/STFuTC09ng","display_url":"pic.twitter.com\/STFuTC09ng","expanded_url":"http:\/\/twitter.com\/default\/status\/660482890388508672\/photo\/1","type":"animated_gif","sizes":{"thumb":{"w":150,"h":150,"resize":"crop"},"large":{"w":800,"h":380,"resize":"fit"},"small":{"w":340,"h":162,"resize":"fit"},"medium":{"w":600,"h":285,"resize":"fit"}},"video_info":{"aspect_ratio":[40,19],"variants":[{"bitrate":0,"content_type":"video\/mp4","url":"https:\/\/pbs.twimg.com\/tweet_video\/CSqBsClUYAARZYv.mp4"}]}}]},"source":"\u003ca href=\"http:\/\/twitter.com\" rel=\"nofollow\"\u003eTwitter Web Client\u003c\/a\u003e","in_reply_to_status_id":null,"in_reply_to_status_id_str":null,"in_reply_to_user_id":null,"in_reply_to_user_id_str":null,"in_reply_to_screen_name":null,"user":{"id":149304117,"id_str":"149304117","name":"glen jackson taylor","screen_name":"default","location":"San Francisco","description":"Pattern Recognition","url":"http:\/\/t.co\/4Xj6n6kPSi","entities":{"url":{"urls":[{"url":"http:\/\/t.co\/4Xj6n6kPSi","expanded_url":"http:\/\/defaultprojects.com","display_url":"defaultprojects.com","indices":[0,22]}]},"description":{"urls":[]}},"protected":false,"followers_count":202,"friends_count":144,"listed_count":16,"created_at":"Fri May 28 23:32:56 +0000 2010","favourites_count":12,"utc_offset":-14400,"time_zone":"Eastern Time (US & Canada)","geo_enabled":false,"verified":false,"statuses_count":682,"lang":"en","contributors_enabled":false,"is_translator":false,"is_translation_enabled":false,"profile_background_color":"E8ECED","profile_background_image_url":"http:\/\/pbs.twimg.com\/profile_background_images\/217032885\/blackboard.jpg","profile_background_image_url_https":"https:\/\/pbs.twimg.com\/profile_background_images\/217032885\/blackboard.jpg","profile_background_tile":true,"profile_image_url":"http:\/\/pbs.twimg.com\/profile_images\/485448559357984768\/BQQXsmRM_normal.png","profile_image_url_https":"https:\/\/pbs.twimg.com\/profile_images\/485448559357984768\/BQQXsmRM_normal.png","profile_banner_url":"https:\/\/pbs.twimg.com\/profile_banners\/149304117\/1404563621","profile_link_color":"1E94B8","profile_sidebar_border_color":"E8ECED","profile_sidebar_fill_color":"1B1C1C","profile_text_color":"706C70","profile_use_background_image":true,"has_extended_profile":false,"default_profile":false,"default_profile_image":false,"following":false,"follow_request_sent":false,"notifications":false},"geo":null,"coordinates":null,"place":null,"contributors":null,"is_quote_status":false,"retweet_count":0,"favorite_count":3,"favorited":false,"retweeted":false,"possibly_sensitive":false,"lang":"en"},{"created_at":"Sat Oct 31 02:08:59 +0000 2015","id":660277254413357057,"id_str":"660277254413357057","text":"Looking forward to presenting a breakout session with my team at https:\/\/t.co\/5gd9TRmlE2 next month. #PioneerMode https:\/\/t.co\/2a57aieqUF","truncated":false,"entities":{"hashtags":[{"text":"PioneerMode","indices":[101,113]}],"symbols":[],"user_mentions":[],"urls":[{"url":"https:\/\/t.co\/5gd9TRmlE2","expanded_url":"http:\/\/pioneermode.com","display_url":"pioneermode.com","indices":[65,88]}],"media":[{"id":660277253704577024,"id_str":"660277253704577024","indices":[114,137],"media_url":"http:\/\/pbs.twimg.com\/media\/CSnGqfhU8AAD3NJ.png","media_url_https":"https:\/\/pbs.twimg.com\/media\/CSnGqfhU8AAD3NJ.png","url":"https:\/\/t.co\/2a57aieqUF","display_url":"pic.twitter.com\/2a57aieqUF","expanded_url":"http:\/\/twitter.com\/default\/status\/660277254413357057\/photo\/1","type":"photo","sizes":{"large":{"w":1024,"h":512,"resize":"fit"},"medium":{"w":600,"h":300,"resize":"fit"},"thumb":{"w":150,"h":150,"resize":"crop"},"small":{"w":340,"h":170,"resize":"fit"}}}]},"extended_entities":{"media":[{"id":660277253704577024,"id_str":"660277253704577024","indices":[114,137],"media_url":"http:\/\/pbs.twimg.com\/media\/CSnGqfhU8AAD3NJ.png","media_url_https":"https:\/\/pbs.twimg.com\/media\/CSnGqfhU8AAD3NJ.png","url":"https:\/\/t.co\/2a57aieqUF","display_url":"pic.twitter.com\/2a57aieqUF","expanded_url":"http:\/\/twitter.com\/default\/status\/660277254413357057\/photo\/1","type":"photo","sizes":{"large":{"w":1024,"h":512,"resize":"fit"},"medium":{"w":600,"h":300,"resize":"fit"},"thumb":{"w":150,"h":150,"resize":"crop"},"small":{"w":340,"h":170,"resize":"fit"}}}]},"source":"\u003ca href=\"http:\/\/twitter.com\" rel=\"nofollow\"\u003eTwitter Web Client\u003c\/a\u003e","in_reply_to_status_id":null,"in_reply_to_status_id_str":null,"in_reply_to_user_id":null,"in_reply_to_user_id_str":null,"in_reply_to_screen_name":null,"user":{"id":149304117,"id_str":"149304117","name":"glen jackson taylor","screen_name":"default","location":"San Francisco","description":"Pattern Recognition","url":"http:\/\/t.co\/4Xj6n6kPSi","entities":{"url":{"urls":[{"url":"http:\/\/t.co\/4Xj6n6kPSi","expanded_url":"http:\/\/defaultprojects.com","display_url":"defaultprojects.com","indices":[0,22]}]},"description":{"urls":[]}},"protected":false,"followers_count":202,"friends_count":144,"listed_count":16,"created_at":"Fri May 28 23:32:56 +0000 2010","favourites_count":12,"utc_offset":-14400,"time_zone":"Eastern Time (US & Canada)","geo_enabled":false,"verified":false,"statuses_count":682,"lang":"en","contributors_enabled":false,"is_translator":false,"is_translation_enabled":false,"profile_background_color":"E8ECED","profile_background_image_url":"http:\/\/pbs.twimg.com\/profile_background_images\/217032885\/blackboard.jpg","profile_background_image_url_https":"https:\/\/pbs.twimg.com\/profile_background_images\/217032885\/blackboard.jpg","profile_background_tile":true,"profile_image_url":"http:\/\/pbs.twimg.com\/profile_images\/485448559357984768\/BQQXsmRM_normal.png","profile_image_url_https":"https:\/\/pbs.twimg.com\/profile_images\/485448559357984768\/BQQXsmRM_normal.png","profile_banner_url":"https:\/\/pbs.twimg.com\/profile_banners\/149304117\/1404563621","profile_link_color":"1E94B8","profile_sidebar_border_color":"E8ECED","profile_sidebar_fill_color":"1B1C1C","profile_text_color":"706C70","profile_use_background_image":true,"has_extended_profile":false,"default_profile":false,"default_profile_image":false,"following":false,"follow_request_sent":false,"notifications":false},"geo":null,"coordinates":null,"place":null,"contributors":null,"is_quote_status":false,"retweet_count":1,"favorite_count":3,"favorited":false,"retweeted":false,"possibly_sensitive":false,"lang":"en"},{"created_at":"Fri Oct 30 18:51:53 +0000 2015","id":660167256039518208,"id_str":"660167256039518208","text":"Nice updates to Adam Chang's New York Subway tile signage archive: https:\/\/t.co\/519QLxDMlA https:\/\/t.co\/hl58OIMQ5U","truncated":false,"entities":{"hashtags":[],"symbols":[],"user_mentions":[],"urls":[{"url":"https:\/\/t.co\/519QLxDMlA","expanded_url":"http:\/\/nytrainproject.com","display_url":"nytrainproject.com","indices":[67,90]}],"media":[{"id":660167255548821505,"id_str":"660167255548821505","indices":[91,114],"media_url":"http:\/\/pbs.twimg.com\/media\/CSlinwdVAAE-C8Q.jpg","media_url_https":"https:\/\/pbs.twimg.com\/media\/CSlinwdVAAE-C8Q.jpg","url":"https:\/\/t.co\/hl58OIMQ5U","display_url":"pic.twitter.com\/hl58OIMQ5U","expanded_url":"http:\/\/twitter.com\/default\/status\/660167256039518208\/photo\/1","type":"photo","sizes":{"thumb":{"w":150,"h":150,"resize":"crop"},"large":{"w":1024,"h":512,"resize":"fit"},"medium":{"w":600,"h":300,"resize":"fit"},"small":{"w":340,"h":170,"resize":"fit"}}}]},"extended_entities":{"media":[{"id":660167255548821505,"id_str":"660167255548821505","indices":[91,114],"media_url":"http:\/\/pbs.twimg.com\/media\/CSlinwdVAAE-C8Q.jpg","media_url_https":"https:\/\/pbs.twimg.com\/media\/CSlinwdVAAE-C8Q.jpg","url":"https:\/\/t.co\/hl58OIMQ5U","display_url":"pic.twitter.com\/hl58OIMQ5U","expanded_url":"http:\/\/twitter.com\/default\/status\/660167256039518208\/photo\/1","type":"photo","sizes":{"thumb":{"w":150,"h":150,"resize":"crop"},"large":{"w":1024,"h":512,"resize":"fit"},"medium":{"w":600,"h":300,"resize":"fit"},"small":{"w":340,"h":170,"resize":"fit"}}}]},"source":"\u003ca href=\"http:\/\/twitter.com\" rel=\"nofollow\"\u003eTwitter Web Client\u003c\/a\u003e","in_reply_to_status_id":null,"in_reply_to_status_id_str":null,"in_reply_to_user_id":null,"in_reply_to_user_id_str":null,"in_reply_to_screen_name":null,"user":{"id":149304117,"id_str":"149304117","name":"glen jackson taylor","screen_name":"default","location":"San Francisco","description":"Pattern Recognition","url":"http:\/\/t.co\/4Xj6n6kPSi","entities":{"url":{"urls":[{"url":"http:\/\/t.co\/4Xj6n6kPSi","expanded_url":"http:\/\/defaultprojects.com","display_url":"defaultprojects.com","indices":[0,22]}]},"description":{"urls":[]}},"protected":false,"followers_count":202,"friends_count":144,"listed_count":16,"created_at":"Fri May 28 23:32:56 +0000 2010","favourites_count":12,"utc_offset":-14400,"time_zone":"Eastern Time (US & Canada)","geo_enabled":false,"verified":false,"statuses_count":682,"lang":"en","contributors_enabled":false,"is_translator":false,"is_translation_enabled":false,"profile_background_color":"E8ECED","profile_background_image_url":"http:\/\/pbs.twimg.com\/profile_background_images\/217032885\/blackboard.jpg","profile_background_image_url_https":"https:\/\/pbs.twimg.com\/profile_background_images\/217032885\/blackboard.jpg","profile_background_tile":true,"profile_image_url":"http:\/\/pbs.twimg.com\/profile_images\/485448559357984768\/BQQXsmRM_normal.png","profile_image_url_https":"https:\/\/pbs.twimg.com\/profile_images\/485448559357984768\/BQQXsmRM_normal.png","profile_banner_url":"https:\/\/pbs.twimg.com\/profile_banners\/149304117\/1404563621","profile_link_color":"1E94B8","profile_sidebar_border_color":"E8ECED","profile_sidebar_fill_color":"1B1C1C","profile_text_color":"706C70","profile_use_background_image":true,"has_extended_profile":false,"default_profile":false,"default_profile_image":false,"following":false,"follow_request_sent":false,"notifications":false},"geo":null,"coordinates":null,"place":null,"contributors":null,"is_quote_status":false,"retweet_count":0,"favorite_count":1,"favorited":false,"retweeted":false,"possibly_sensitive":false,"lang":"en"}]