[{"created_at":"Sat Aug 27 04:30:13 +0000 2016","id":769391543262318592,"id_str":"769391543262318592","text":"Inspired by Material Design, designers have created beautiful, subtly animated #UI examples. https:\/\/t.co\/BImgLmARPz https:\/\/t.co\/tvklPeIjov","truncated":false,"entities":{"hashtags":[{"text":"UI","indices":[79,82]}],"symbols":[],"user_mentions":[],"urls":[{"url":"https:\/\/t.co\/BImgLmARPz","expanded_url":"http:\/\/enva.to\/Cw6L8","display_url":"enva.to\/Cw6L8","indices":[93,116]}],"media":[{"id":769391535066677249,"id_str":"769391535066677249","indices":[117,140],"media_url":"http:\/\/pbs.twimg.com\/tweet_video_thumb\/Cq1thlTXgAE7lSL.jpg","media_url_https":"https:\/\/pbs.twimg.com\/tweet_video_thumb\/Cq1thlTXgAE7lSL.jpg","url":"https:\/\/t.co\/tvklPeIjov","display_url":"pic.twitter.com\/tvklPeIjov","expanded_url":"https:\/\/twitter.com\/envato\/status\/769391543262318592\/photo\/1","type":"photo","sizes":{"large":{"w":800,"h":600,"resize":"fit"},"small":{"w":340,"h":255,"resize":"fit"},"medium":{"w":600,"h":450,"resize":"fit"},"thumb":{"w":150,"h":150,"resize":"crop"}}}]},"extended_entities":{"media":[{"id":769391535066677249,"id_str":"769391535066677249","indices":[117,140],"media_url":"http:\/\/pbs.twimg.com\/tweet_video_thumb\/Cq1thlTXgAE7lSL.jpg","media_url_https":"https:\/\/pbs.twimg.com\/tweet_video_thumb\/Cq1thlTXgAE7lSL.jpg","url":"https:\/\/t.co\/tvklPeIjov","display_url":"pic.twitter.com\/tvklPeIjov","expanded_url":"https:\/\/twitter.com\/envato\/status\/769391543262318592\/photo\/1","type":"animated_gif","sizes":{"large":{"w":800,"h":600,"resize":"fit"},"small":{"w":340,"h":255,"resize":"fit"},"medium":{"w":600,"h":450,"resize":"fit"},"thumb":{"w":150,"h":150,"resize":"crop"}},"video_info":{"aspect_ratio":[4,3],"variants":[{"bitrate":0,"content_type":"video\/mp4","url":"https:\/\/pbs.twimg.com\/tweet_video\/Cq1thlTXgAE7lSL.mp4"}]}}]},"source":"\u003ca href=\"http:\/\/www.hootsuite.com\" rel=\"nofollow\"\u003eHootsuite\u003c\/a\u003e","in_reply_to_status_id":null,"in_reply_to_status_id_str":null,"in_reply_to_user_id":null,"in_reply_to_user_id_str":null,"in_reply_to_screen_name":null,"user":{"id":16582191,"id_str":"16582191","name":"Envato","screen_name":"envato","location":"Melbourne","description":"A global community of designers & developers. #Australian made #startup @envatomarket @tutsplus. Customer support @envato_help","url":"http:\/\/t.co\/5OvUThFPYI","entities":{"url":{"urls":[{"url":"http:\/\/t.co\/5OvUThFPYI","expanded_url":"http:\/\/envato.com","display_url":"envato.com","indices":[0,22]}]},"description":{"urls":[]}},"protected":false,"followers_count":60594,"friends_count":1496,"listed_count":2044,"created_at":"Fri Oct 03 19:11:51 +0000 2008","favourites_count":732,"utc_offset":36000,"time_zone":"Melbourne","geo_enabled":false,"verified":true,"statuses_count":7831,"lang":"en","contributors_enabled":false,"is_translator":false,"is_translation_enabled":false,"profile_background_color":"323435","profile_background_image_url":"http:\/\/pbs.twimg.com\/profile_background_images\/378800000036129044\/4aaf87e960f30537daa1a0a0c3c4fc31.jpeg","profile_background_image_url_https":"https:\/\/pbs.twimg.com\/profile_background_images\/378800000036129044\/4aaf87e960f30537daa1a0a0c3c4fc31.jpeg","profile_background_tile":false,"profile_image_url":"http:\/\/pbs.twimg.com\/profile_images\/655904741617086464\/nwevoHSQ_normal.png","profile_image_url_https":"https:\/\/pbs.twimg.com\/profile_images\/655904741617086464\/nwevoHSQ_normal.png","profile_banner_url":"https:\/\/pbs.twimg.com\/profile_banners\/16582191\/1470016630","profile_link_color":"83B449","profile_sidebar_border_color":"FFFFFF","profile_sidebar_fill_color":"6C9450","profile_text_color":"242424","profile_use_background_image":true,"has_extended_profile":false,"default_profile":false,"default_profile_image":false,"following":false,"follow_request_sent":false,"notifications":false},"geo":null,"coordinates":null,"place":null,"contributors":null,"is_quote_status":false,"retweet_count":1,"favorite_count":19,"favorited":false,"retweeted":false,"possibly_sensitive":false,"lang":"en"},{"created_at":"Sat Aug 27 00:16:25 +0000 2016","id":769327674594562048,"id_str":"769327674594562048","text":"From booking sites to travel blogs, @karks88 looks at the big design trends in #WordPress travel themes. https:\/\/t.co\/t3AHTc7uXW","truncated":false,"entities":{"hashtags":[{"text":"WordPress","indices":[79,89]}],"symbols":[],"user_mentions":[{"screen_name":"karks88","name":"karks88","id":16546487,"id_str":"16546487","indices":[36,44]}],"urls":[{"url":"https:\/\/t.co\/t3AHTc7uXW","expanded_url":"http:\/\/enva.to\/1MCsI","display_url":"enva.to\/1MCsI","indices":[105,128]}]},"source":"\u003ca href=\"http:\/\/www.hootsuite.com\" rel=\"nofollow\"\u003eHootsuite\u003c\/a\u003e","in_reply_to_status_id":null,"in_reply_to_status_id_str":null,"in_reply_to_user_id":null,"in_reply_to_user_id_str":null,"in_reply_to_screen_name":null,"user":{"id":16582191,"id_str":"16582191","name":"Envato","screen_name":"envato","location":"Melbourne","description":"A global community of designers & developers. #Australian made #startup @envatomarket @tutsplus. Customer support @envato_help","url":"http:\/\/t.co\/5OvUThFPYI","entities":{"url":{"urls":[{"url":"http:\/\/t.co\/5OvUThFPYI","expanded_url":"http:\/\/envato.com","display_url":"envato.com","indices":[0,22]}]},"description":{"urls":[]}},"protected":false,"followers_count":60594,"friends_count":1496,"listed_count":2044,"created_at":"Fri Oct 03 19:11:51 +0000 2008","favourites_count":732,"utc_offset":36000,"time_zone":"Melbourne","geo_enabled":false,"verified":true,"statuses_count":7831,"lang":"en","contributors_enabled":false,"is_translator":false,"is_translation_enabled":false,"profile_background_color":"323435","profile_background_image_url":"http:\/\/pbs.twimg.com\/profile_background_images\/378800000036129044\/4aaf87e960f30537daa1a0a0c3c4fc31.jpeg","profile_background_image_url_https":"https:\/\/pbs.twimg.com\/profile_background_images\/378800000036129044\/4aaf87e960f30537daa1a0a0c3c4fc31.jpeg","profile_background_tile":false,"profile_image_url":"http:\/\/pbs.twimg.com\/profile_images\/655904741617086464\/nwevoHSQ_normal.png","profile_image_url_https":"https:\/\/pbs.twimg.com\/profile_images\/655904741617086464\/nwevoHSQ_normal.png","profile_banner_url":"https:\/\/pbs.twimg.com\/profile_banners\/16582191\/1470016630","profile_link_color":"83B449","profile_sidebar_border_color":"FFFFFF","profile_sidebar_fill_color":"6C9450","profile_text_color":"242424","profile_use_background_image":true,"has_extended_profile":false,"default_profile":false,"default_profile_image":false,"following":false,"follow_request_sent":false,"notifications":false},"geo":null,"coordinates":null,"place":null,"contributors":null,"is_quote_status":false,"retweet_count":2,"favorite_count":6,"favorited":false,"retweeted":false,"possibly_sensitive":false,"lang":"en"},{"created_at":"Fri Aug 26 19:45:24 +0000 2016","id":769259469268258816,"id_str":"769259469268258816","text":"With unlimited downloads &amp; 5000+ graphic assets to pick from, you don't want to miss this. https:\/\/t.co\/Rf9kbWTZ4W https:\/\/t.co\/DUQRiqRDNP","truncated":false,"entities":{"hashtags":[],"symbols":[],"user_mentions":[],"urls":[{"url":"https:\/\/t.co\/Rf9kbWTZ4W","expanded_url":"http:\/\/enva.to\/elements","display_url":"enva.to\/elements","indices":[95,118]}],"media":[{"id":769259466822979584,"id_str":"769259466822979584","indices":[119,142],"media_url":"http:\/\/pbs.twimg.com\/media\/Cqz1aMwXEAApJIu.jpg","media_url_https":"https:\/\/pbs.twimg.com\/media\/Cqz1aMwXEAApJIu.jpg","url":"https:\/\/t.co\/DUQRiqRDNP","display_url":"pic.twitter.com\/DUQRiqRDNP","expanded_url":"https:\/\/twitter.com\/envato\/status\/769259469268258816\/photo\/1","type":"photo","sizes":{"large":{"w":1012,"h":506,"resize":"fit"},"medium":{"w":1012,"h":506,"resize":"fit"},"thumb":{"w":150,"h":150,"resize":"crop"},"small":{"w":680,"h":340,"resize":"fit"}}}]},"extended_entities":{"media":[{"id":769259466822979584,"id_str":"769259466822979584","indices":[119,142],"media_url":"http:\/\/pbs.twimg.com\/media\/Cqz1aMwXEAApJIu.jpg","media_url_https":"https:\/\/pbs.twimg.com\/media\/Cqz1aMwXEAApJIu.jpg","url":"https:\/\/t.co\/DUQRiqRDNP","display_url":"pic.twitter.com\/DUQRiqRDNP","expanded_url":"https:\/\/twitter.com\/envato\/status\/769259469268258816\/photo\/1","type":"photo","sizes":{"large":{"w":1012,"h":506,"resize":"fit"},"medium":{"w":1012,"h":506,"resize":"fit"},"thumb":{"w":150,"h":150,"resize":"crop"},"small":{"w":680,"h":340,"resize":"fit"}}}]},"source":"\u003ca href=\"http:\/\/www.hootsuite.com\" rel=\"nofollow\"\u003eHootsuite\u003c\/a\u003e","in_reply_to_status_id":null,"in_reply_to_status_id_str":null,"in_reply_to_user_id":null,"in_reply_to_user_id_str":null,"in_reply_to_screen_name":null,"user":{"id":16582191,"id_str":"16582191","name":"Envato","screen_name":"envato","location":"Melbourne","description":"A global community of designers & developers. #Australian made #startup @envatomarket @tutsplus. Customer support @envato_help","url":"http:\/\/t.co\/5OvUThFPYI","entities":{"url":{"urls":[{"url":"http:\/\/t.co\/5OvUThFPYI","expanded_url":"http:\/\/envato.com","display_url":"envato.com","indices":[0,22]}]},"description":{"urls":[]}},"protected":false,"followers_count":60594,"friends_count":1496,"listed_count":2044,"created_at":"Fri Oct 03 19:11:51 +0000 2008","favourites_count":732,"utc_offset":36000,"time_zone":"Melbourne","geo_enabled":false,"verified":true,"statuses_count":7831,"lang":"en","contributors_enabled":false,"is_translator":false,"is_translation_enabled":false,"profile_background_color":"323435","profile_background_image_url":"http:\/\/pbs.twimg.com\/profile_background_images\/378800000036129044\/4aaf87e960f30537daa1a0a0c3c4fc31.jpeg","profile_background_image_url_https":"https:\/\/pbs.twimg.com\/profile_background_images\/378800000036129044\/4aaf87e960f30537daa1a0a0c3c4fc31.jpeg","profile_background_tile":false,"profile_image_url":"http:\/\/pbs.twimg.com\/profile_images\/655904741617086464\/nwevoHSQ_normal.png","profile_image_url_https":"https:\/\/pbs.twimg.com\/profile_images\/655904741617086464\/nwevoHSQ_normal.png","profile_banner_url":"https:\/\/pbs.twimg.com\/profile_banners\/16582191\/1470016630","profile_link_color":"83B449","profile_sidebar_border_color":"FFFFFF","profile_sidebar_fill_color":"6C9450","profile_text_color":"242424","profile_use_background_image":true,"has_extended_profile":false,"default_profile":false,"default_profile_image":false,"following":false,"follow_request_sent":false,"notifications":false},"geo":null,"coordinates":null,"place":null,"contributors":null,"is_quote_status":false,"retweet_count":3,"favorite_count":1,"favorited":false,"retweeted":false,"possibly_sensitive":false,"lang":"en"},{"created_at":"Fri Aug 26 15:40:26 +0000 2016","id":769197821010579456,"id_str":"769197821010579456","text":"This guide will cover pretty much everything you want to know about making the most of a virtual orchestra. https:\/\/t.co\/P67wLbehxO","truncated":false,"entities":{"hashtags":[],"symbols":[],"user_mentions":[],"urls":[{"url":"https:\/\/t.co\/P67wLbehxO","expanded_url":"http:\/\/enva.to\/XB7Qe","display_url":"enva.to\/XB7Qe","indices":[108,131]}]},"source":"\u003ca href=\"http:\/\/www.hootsuite.com\" rel=\"nofollow\"\u003eHootsuite\u003c\/a\u003e","in_reply_to_status_id":null,"in_reply_to_status_id_str":null,"in_reply_to_user_id":null,"in_reply_to_user_id_str":null,"in_reply_to_screen_name":null,"user":{"id":16582191,"id_str":"16582191","name":"Envato","screen_name":"envato","location":"Melbourne","description":"A global community of designers & developers. #Australian made #startup @envatomarket @tutsplus. Customer support @envato_help","url":"http:\/\/t.co\/5OvUThFPYI","entities":{"url":{"urls":[{"url":"http:\/\/t.co\/5OvUThFPYI","expanded_url":"http:\/\/envato.com","display_url":"envato.com","indices":[0,22]}]},"description":{"urls":[]}},"protected":false,"followers_count":60594,"friends_count":1496,"listed_count":2044,"created_at":"Fri Oct 03 19:11:51 +0000 2008","favourites_count":732,"utc_offset":36000,"time_zone":"Melbourne","geo_enabled":false,"verified":true,"statuses_count":7831,"lang":"en","contributors_enabled":false,"is_translator":false,"is_translation_enabled":false,"profile_background_color":"323435","profile_background_image_url":"http:\/\/pbs.twimg.com\/profile_background_images\/378800000036129044\/4aaf87e960f30537daa1a0a0c3c4fc31.jpeg","profile_background_image_url_https":"https:\/\/pbs.twimg.com\/profile_background_images\/378800000036129044\/4aaf87e960f30537daa1a0a0c3c4fc31.jpeg","profile_background_tile":false,"profile_image_url":"http:\/\/pbs.twimg.com\/profile_images\/655904741617086464\/nwevoHSQ_normal.png","profile_image_url_https":"https:\/\/pbs.twimg.com\/profile_images\/655904741617086464\/nwevoHSQ_normal.png","profile_banner_url":"https:\/\/pbs.twimg.com\/profile_banners\/16582191\/1470016630","profile_link_color":"83B449","profile_sidebar_border_color":"FFFFFF","profile_sidebar_fill_color":"6C9450","profile_text_color":"242424","profile_use_background_image":true,"has_extended_profile":false,"default_profile":false,"default_profile_image":false,"following":false,"follow_request_sent":false,"notifications":false},"geo":null,"coordinates":null,"place":null,"contributors":null,"is_quote_status":false,"retweet_count":2,"favorite_count":4,"favorited":false,"retweeted":false,"possibly_sensitive":false,"lang":"en"},{"created_at":"Fri Aug 26 11:15:14 +0000 2016","id":769131082319028224,"id_str":"769131082319028224","text":"Special beta pricing's almost over, don't miss out. Head to  https:\/\/t.co\/Rf9kbWTZ4W to check it out &amp; sign up. https:\/\/t.co\/bvyfKcicNb","truncated":false,"entities":{"hashtags":[],"symbols":[],"user_mentions":[],"urls":[{"url":"https:\/\/t.co\/Rf9kbWTZ4W","expanded_url":"http:\/\/enva.to\/elements","display_url":"enva.to\/elements","indices":[61,84]}],"media":[{"id":769131079877980160,"id_str":"769131079877980160","indices":[116,139],"media_url":"http:\/\/pbs.twimg.com\/media\/CqyApGHW8AAGl7k.jpg","media_url_https":"https:\/\/pbs.twimg.com\/media\/CqyApGHW8AAGl7k.jpg","url":"https:\/\/t.co\/bvyfKcicNb","display_url":"pic.twitter.com\/bvyfKcicNb","expanded_url":"https:\/\/twitter.com\/envato\/status\/769131082319028224\/photo\/1","type":"photo","sizes":{"large":{"w":1012,"h":506,"resize":"fit"},"medium":{"w":1012,"h":506,"resize":"fit"},"thumb":{"w":150,"h":150,"resize":"crop"},"small":{"w":680,"h":340,"resize":"fit"}}}]},"extended_entities":{"media":[{"id":769131079877980160,"id_str":"769131079877980160","indices":[116,139],"media_url":"http:\/\/pbs.twimg.com\/media\/CqyApGHW8AAGl7k.jpg","media_url_https":"https:\/\/pbs.twimg.com\/media\/CqyApGHW8AAGl7k.jpg","url":"https:\/\/t.co\/bvyfKcicNb","display_url":"pic.twitter.com\/bvyfKcicNb","expanded_url":"https:\/\/twitter.com\/envato\/status\/769131082319028224\/photo\/1","type":"photo","sizes":{"large":{"w":1012,"h":506,"resize":"fit"},"medium":{"w":1012,"h":506,"resize":"fit"},"thumb":{"w":150,"h":150,"resize":"crop"},"small":{"w":680,"h":340,"resize":"fit"}}}]},"source":"\u003ca href=\"http:\/\/www.hootsuite.com\" rel=\"nofollow\"\u003eHootsuite\u003c\/a\u003e","in_reply_to_status_id":null,"in_reply_to_status_id_str":null,"in_reply_to_user_id":null,"in_reply_to_user_id_str":null,"in_reply_to_screen_name":null,"user":{"id":16582191,"id_str":"16582191","name":"Envato","screen_name":"envato","location":"Melbourne","description":"A global community of designers & developers. #Australian made #startup @envatomarket @tutsplus. Customer support @envato_help","url":"http:\/\/t.co\/5OvUThFPYI","entities":{"url":{"urls":[{"url":"http:\/\/t.co\/5OvUThFPYI","expanded_url":"http:\/\/envato.com","display_url":"envato.com","indices":[0,22]}]},"description":{"urls":[]}},"protected":false,"followers_count":60594,"friends_count":1496,"listed_count":2044,"created_at":"Fri Oct 03 19:11:51 +0000 2008","favourites_count":732,"utc_offset":36000,"time_zone":"Melbourne","geo_enabled":false,"verified":true,"statuses_count":7831,"lang":"en","contributors_enabled":false,"is_translator":false,"is_translation_enabled":false,"profile_background_color":"323435","profile_background_image_url":"http:\/\/pbs.twimg.com\/profile_background_images\/378800000036129044\/4aaf87e960f30537daa1a0a0c3c4fc31.jpeg","profile_background_image_url_https":"https:\/\/pbs.twimg.com\/profile_background_images\/378800000036129044\/4aaf87e960f30537daa1a0a0c3c4fc31.jpeg","profile_background_tile":false,"profile_image_url":"http:\/\/pbs.twimg.com\/profile_images\/655904741617086464\/nwevoHSQ_normal.png","profile_image_url_https":"https:\/\/pbs.twimg.com\/profile_images\/655904741617086464\/nwevoHSQ_normal.png","profile_banner_url":"https:\/\/pbs.twimg.com\/profile_banners\/16582191\/1470016630","profile_link_color":"83B449","profile_sidebar_border_color":"FFFFFF","profile_sidebar_fill_color":"6C9450","profile_text_color":"242424","profile_use_background_image":true,"has_extended_profile":false,"default_profile":false,"default_profile_image":false,"following":false,"follow_request_sent":false,"notifications":false},"geo":null,"coordinates":null,"place":null,"contributors":null,"is_quote_status":false,"retweet_count":0,"favorite_count":0,"favorited":false,"retweeted":false,"possibly_sensitive":false,"lang":"en"},{"created_at":"Fri Aug 26 08:05:52 +0000 2016","id":769083428813676544,"id_str":"769083428813676544","text":"It's Famous Five time! This week: Victoria\u2019s Secret, The Weeknd, Ellen, Ted Cruz, Nike &amp; American Express.\nhttps:\/\/t.co\/NhKEQC0XRC","truncated":false,"entities":{"hashtags":[],"symbols":[],"user_mentions":[],"urls":[{"url":"https:\/\/t.co\/NhKEQC0XRC","expanded_url":"https:\/\/amp.twimg.com\/v\/d9d154fc-3ed5-4ccf-ab98-734958eedbb3","display_url":"amp.twimg.com\/v\/d9d154fc-3ed\u2026","indices":[111,134]}]},"source":"\u003ca href=\"http:\/\/twitter.com\" rel=\"nofollow\"\u003eTwitter Web Client\u003c\/a\u003e","in_reply_to_status_id":null,"in_reply_to_status_id_str":null,"in_reply_to_user_id":null,"in_reply_to_user_id_str":null,"in_reply_to_screen_name":null,"user":{"id":16582191,"id_str":"16582191","name":"Envato","screen_name":"envato","location":"Melbourne","description":"A global community of designers & developers. #Australian made #startup @envatomarket @tutsplus. Customer support @envato_help","url":"http:\/\/t.co\/5OvUThFPYI","entities":{"url":{"urls":[{"url":"http:\/\/t.co\/5OvUThFPYI","expanded_url":"http:\/\/envato.com","display_url":"envato.com","indices":[0,22]}]},"description":{"urls":[]}},"protected":false,"followers_count":60594,"friends_count":1496,"listed_count":2044,"created_at":"Fri Oct 03 19:11:51 +0000 2008","favourites_count":732,"utc_offset":36000,"time_zone":"Melbourne","geo_enabled":false,"verified":true,"statuses_count":7831,"lang":"en","contributors_enabled":false,"is_translator":false,"is_translation_enabled":false,"profile_background_color":"323435","profile_background_image_url":"http:\/\/pbs.twimg.com\/profile_background_images\/378800000036129044\/4aaf87e960f30537daa1a0a0c3c4fc31.jpeg","profile_background_image_url_https":"https:\/\/pbs.twimg.com\/profile_background_images\/378800000036129044\/4aaf87e960f30537daa1a0a0c3c4fc31.jpeg","profile_background_tile":false,"profile_image_url":"http:\/\/pbs.twimg.com\/profile_images\/655904741617086464\/nwevoHSQ_normal.png","profile_image_url_https":"https:\/\/pbs.twimg.com\/profile_images\/655904741617086464\/nwevoHSQ_normal.png","profile_banner_url":"https:\/\/pbs.twimg.com\/profile_banners\/16582191\/1470016630","profile_link_color":"83B449","profile_sidebar_border_color":"FFFFFF","profile_sidebar_fill_color":"6C9450","profile_text_color":"242424","profile_use_background_image":true,"has_extended_profile":false,"default_profile":false,"default_profile_image":false,"following":false,"follow_request_sent":false,"notifications":false},"geo":null,"coordinates":null,"place":null,"contributors":null,"is_quote_status":false,"retweet_count":3,"favorite_count":3,"favorited":false,"retweeted":false,"possibly_sensitive":false,"lang":"en"},{"created_at":"Fri Aug 26 05:55:10 +0000 2016","id":769050537190891520,"id_str":"769050537190891520","text":"A look at some #MaterialDesign trends, &amp; some examples to show how they work on the web. https:\/\/t.co\/cCcIQg37t0","truncated":false,"entities":{"hashtags":[{"text":"MaterialDesign","indices":[15,30]}],"symbols":[],"user_mentions":[],"urls":[{"url":"https:\/\/t.co\/cCcIQg37t0","expanded_url":"http:\/\/enva.to\/-aitg","display_url":"enva.to\/-aitg","indices":[93,116]}]},"source":"\u003ca href=\"http:\/\/www.hootsuite.com\" rel=\"nofollow\"\u003eHootsuite\u003c\/a\u003e","in_reply_to_status_id":null,"in_reply_to_status_id_str":null,"in_reply_to_user_id":null,"in_reply_to_user_id_str":null,"in_reply_to_screen_name":null,"user":{"id":16582191,"id_str":"16582191","name":"Envato","screen_name":"envato","location":"Melbourne","description":"A global community of designers & developers. #Australian made #startup @envatomarket @tutsplus. Customer support @envato_help","url":"http:\/\/t.co\/5OvUThFPYI","entities":{"url":{"urls":[{"url":"http:\/\/t.co\/5OvUThFPYI","expanded_url":"http:\/\/envato.com","display_url":"envato.com","indices":[0,22]}]},"description":{"urls":[]}},"protected":false,"followers_count":60594,"friends_count":1496,"listed_count":2044,"created_at":"Fri Oct 03 19:11:51 +0000 2008","favourites_count":732,"utc_offset":36000,"time_zone":"Melbourne","geo_enabled":false,"verified":true,"statuses_count":7831,"lang":"en","contributors_enabled":false,"is_translator":false,"is_translation_enabled":false,"profile_background_color":"323435","profile_background_image_url":"http:\/\/pbs.twimg.com\/profile_background_images\/378800000036129044\/4aaf87e960f30537daa1a0a0c3c4fc31.jpeg","profile_background_image_url_https":"https:\/\/pbs.twimg.com\/profile_background_images\/378800000036129044\/4aaf87e960f30537daa1a0a0c3c4fc31.jpeg","profile_background_tile":false,"profile_image_url":"http:\/\/pbs.twimg.com\/profile_images\/655904741617086464\/nwevoHSQ_normal.png","profile_image_url_https":"https:\/\/pbs.twimg.com\/profile_images\/655904741617086464\/nwevoHSQ_normal.png","profile_banner_url":"https:\/\/pbs.twimg.com\/profile_banners\/16582191\/1470016630","profile_link_color":"83B449","profile_sidebar_border_color":"FFFFFF","profile_sidebar_fill_color":"6C9450","profile_text_color":"242424","profile_use_background_image":true,"has_extended_profile":false,"default_profile":false,"default_profile_image":false,"following":false,"follow_request_sent":false,"notifications":false},"geo":null,"coordinates":null,"place":null,"contributors":null,"is_quote_status":false,"retweet_count":1,"favorite_count":3,"favorited":false,"retweeted":false,"possibly_sensitive":false,"lang":"en"},{"created_at":"Thu Aug 25 20:35:18 +0000 2016","id":768909638515429376,"id_str":"768909638515429376","text":"Here are 10 awesome things you can do with #WordPress. What are the coolest WordPress plugins you've discovered? https:\/\/t.co\/XTLeGGtdc9","truncated":false,"entities":{"hashtags":[{"text":"WordPress","indices":[43,53]}],"symbols":[],"user_mentions":[],"urls":[{"url":"https:\/\/t.co\/XTLeGGtdc9","expanded_url":"http:\/\/enva.to\/k2nTJ","display_url":"enva.to\/k2nTJ","indices":[113,136]}]},"source":"\u003ca href=\"http:\/\/www.hootsuite.com\" rel=\"nofollow\"\u003eHootsuite\u003c\/a\u003e","in_reply_to_status_id":null,"in_reply_to_status_id_str":null,"in_reply_to_user_id":null,"in_reply_to_user_id_str":null,"in_reply_to_screen_name":null,"user":{"id":16582191,"id_str":"16582191","name":"Envato","screen_name":"envato","location":"Melbourne","description":"A global community of designers & developers. #Australian made #startup @envatomarket @tutsplus. Customer support @envato_help","url":"http:\/\/t.co\/5OvUThFPYI","entities":{"url":{"urls":[{"url":"http:\/\/t.co\/5OvUThFPYI","expanded_url":"http:\/\/envato.com","display_url":"envato.com","indices":[0,22]}]},"description":{"urls":[]}},"protected":false,"followers_count":60594,"friends_count":1496,"listed_count":2044,"created_at":"Fri Oct 03 19:11:51 +0000 2008","favourites_count":732,"utc_offset":36000,"time_zone":"Melbourne","geo_enabled":false,"verified":true,"statuses_count":7831,"lang":"en","contributors_enabled":false,"is_translator":false,"is_translation_enabled":false,"profile_background_color":"323435","profile_background_image_url":"http:\/\/pbs.twimg.com\/profile_background_images\/378800000036129044\/4aaf87e960f30537daa1a0a0c3c4fc31.jpeg","profile_background_image_url_https":"https:\/\/pbs.twimg.com\/profile_background_images\/378800000036129044\/4aaf87e960f30537daa1a0a0c3c4fc31.jpeg","profile_background_tile":false,"profile_image_url":"http:\/\/pbs.twimg.com\/profile_images\/655904741617086464\/nwevoHSQ_normal.png","profile_image_url_https":"https:\/\/pbs.twimg.com\/profile_images\/655904741617086464\/nwevoHSQ_normal.png","profile_banner_url":"https:\/\/pbs.twimg.com\/profile_banners\/16582191\/1470016630","profile_link_color":"83B449","profile_sidebar_border_color":"FFFFFF","profile_sidebar_fill_color":"6C9450","profile_text_color":"242424","profile_use_background_image":true,"has_extended_profile":false,"default_profile":false,"default_profile_image":false,"following":false,"follow_request_sent":false,"notifications":false},"geo":null,"coordinates":null,"place":null,"contributors":null,"is_quote_status":false,"retweet_count":12,"favorite_count":16,"favorited":false,"retweeted":false,"possibly_sensitive":false,"lang":"en"},{"created_at":"Thu Aug 25 16:05:27 +0000 2016","id":768841728132583424,"id_str":"768841728132583424","text":"Take a look at some modern design trends in #typography. https:\/\/t.co\/ujIWMbASw5","truncated":false,"entities":{"hashtags":[{"text":"typography","indices":[44,55]}],"symbols":[],"user_mentions":[],"urls":[{"url":"https:\/\/t.co\/ujIWMbASw5","expanded_url":"http:\/\/enva.to\/WOmDk","display_url":"enva.to\/WOmDk","indices":[57,80]}]},"source":"\u003ca href=\"http:\/\/www.hootsuite.com\" rel=\"nofollow\"\u003eHootsuite\u003c\/a\u003e","in_reply_to_status_id":null,"in_reply_to_status_id_str":null,"in_reply_to_user_id":null,"in_reply_to_user_id_str":null,"in_reply_to_screen_name":null,"user":{"id":16582191,"id_str":"16582191","name":"Envato","screen_name":"envato","location":"Melbourne","description":"A global community of designers & developers. #Australian made #startup @envatomarket @tutsplus. Customer support @envato_help","url":"http:\/\/t.co\/5OvUThFPYI","entities":{"url":{"urls":[{"url":"http:\/\/t.co\/5OvUThFPYI","expanded_url":"http:\/\/envato.com","display_url":"envato.com","indices":[0,22]}]},"description":{"urls":[]}},"protected":false,"followers_count":60594,"friends_count":1496,"listed_count":2044,"created_at":"Fri Oct 03 19:11:51 +0000 2008","favourites_count":732,"utc_offset":36000,"time_zone":"Melbourne","geo_enabled":false,"verified":true,"statuses_count":7831,"lang":"en","contributors_enabled":false,"is_translator":false,"is_translation_enabled":false,"profile_background_color":"323435","profile_background_image_url":"http:\/\/pbs.twimg.com\/profile_background_images\/378800000036129044\/4aaf87e960f30537daa1a0a0c3c4fc31.jpeg","profile_background_image_url_https":"https:\/\/pbs.twimg.com\/profile_background_images\/378800000036129044\/4aaf87e960f30537daa1a0a0c3c4fc31.jpeg","profile_background_tile":false,"profile_image_url":"http:\/\/pbs.twimg.com\/profile_images\/655904741617086464\/nwevoHSQ_normal.png","profile_image_url_https":"https:\/\/pbs.twimg.com\/profile_images\/655904741617086464\/nwevoHSQ_normal.png","profile_banner_url":"https:\/\/pbs.twimg.com\/profile_banners\/16582191\/1470016630","profile_link_color":"83B449","profile_sidebar_border_color":"FFFFFF","profile_sidebar_fill_color":"6C9450","profile_text_color":"242424","profile_use_background_image":true,"has_extended_profile":false,"default_profile":false,"default_profile_image":false,"following":false,"follow_request_sent":false,"notifications":false},"geo":null,"coordinates":null,"place":null,"contributors":null,"is_quote_status":false,"retweet_count":1,"favorite_count":1,"favorited":false,"retweeted":false,"possibly_sensitive":false,"lang":"en"},{"created_at":"Thu Aug 25 11:40:52 +0000 2016","id":768775146828075008,"id_str":"768775146828075008","text":"It doesn't have to be a case of #freelance life OR the simple life; simplify things with these tips. https:\/\/t.co\/zfcfFhwyxC","truncated":false,"entities":{"hashtags":[{"text":"freelance","indices":[32,42]}],"symbols":[],"user_mentions":[],"urls":[{"url":"https:\/\/t.co\/zfcfFhwyxC","expanded_url":"http:\/\/enva.to\/5IO70","display_url":"enva.to\/5IO70","indices":[101,124]}]},"source":"\u003ca href=\"http:\/\/www.hootsuite.com\" rel=\"nofollow\"\u003eHootsuite\u003c\/a\u003e","in_reply_to_status_id":null,"in_reply_to_status_id_str":null,"in_reply_to_user_id":null,"in_reply_to_user_id_str":null,"in_reply_to_screen_name":null,"user":{"id":16582191,"id_str":"16582191","name":"Envato","screen_name":"envato","location":"Melbourne","description":"A global community of designers & developers. #Australian made #startup @envatomarket @tutsplus. Customer support @envato_help","url":"http:\/\/t.co\/5OvUThFPYI","entities":{"url":{"urls":[{"url":"http:\/\/t.co\/5OvUThFPYI","expanded_url":"http:\/\/envato.com","display_url":"envato.com","indices":[0,22]}]},"description":{"urls":[]}},"protected":false,"followers_count":60594,"friends_count":1496,"listed_count":2044,"created_at":"Fri Oct 03 19:11:51 +0000 2008","favourites_count":732,"utc_offset":36000,"time_zone":"Melbourne","geo_enabled":false,"verified":true,"statuses_count":7831,"lang":"en","contributors_enabled":false,"is_translator":false,"is_translation_enabled":false,"profile_background_color":"323435","profile_background_image_url":"http:\/\/pbs.twimg.com\/profile_background_images\/378800000036129044\/4aaf87e960f30537daa1a0a0c3c4fc31.jpeg","profile_background_image_url_https":"https:\/\/pbs.twimg.com\/profile_background_images\/378800000036129044\/4aaf87e960f30537daa1a0a0c3c4fc31.jpeg","profile_background_tile":false,"profile_image_url":"http:\/\/pbs.twimg.com\/profile_images\/655904741617086464\/nwevoHSQ_normal.png","profile_image_url_https":"https:\/\/pbs.twimg.com\/profile_images\/655904741617086464\/nwevoHSQ_normal.png","profile_banner_url":"https:\/\/pbs.twimg.com\/profile_banners\/16582191\/1470016630","profile_link_color":"83B449","profile_sidebar_border_color":"FFFFFF","profile_sidebar_fill_color":"6C9450","profile_text_color":"242424","profile_use_background_image":true,"has_extended_profile":false,"default_profile":false,"default_profile_image":false,"following":false,"follow_request_sent":false,"notifications":false},"geo":null,"coordinates":null,"place":null,"contributors":null,"is_quote_status":false,"retweet_count":5,"favorite_count":10,"favorited":false,"retweeted":false,"possibly_sensitive":false,"lang":"en"}]