[{"created_at":"Mon Mar 10 00:16:28 +0000 2014","id":442816218479996928,"id_str":"442816218479996928","text":"RT @newsycombinator: Mathematical Equations That Changed the World https:\/\/t.co\/0He57IQyzk","truncated":false,"entities":{"hashtags":[],"symbols":[],"user_mentions":[{"screen_name":"newsycombinator","name":"Hacker News","id":14335498,"id_str":"14335498","indices":[3,19]}],"urls":[],"media":[{"id":442706898261782528,"id_str":"442706898261782528","indices":[67,90],"media_url":"http:\/\/pbs.twimg.com\/media\/BiTPlBKCMAARAAw.png","media_url_https":"https:\/\/pbs.twimg.com\/media\/BiTPlBKCMAARAAw.png","url":"https:\/\/t.co\/0He57IQyzk","display_url":"pic.twitter.com\/0He57IQyzk","expanded_url":"https:\/\/twitter.com\/paulcoxon\/status\/442706898370834432\/photo\/1","type":"photo","sizes":{"thumb":{"w":150,"h":150,"resize":"crop"},"medium":{"w":600,"h":785,"resize":"fit"},"small":{"w":340,"h":445,"resize":"fit"},"large":{"w":740,"h":968,"resize":"fit"}},"source_status_id":442706898370834432,"source_status_id_str":"442706898370834432","source_user_id":18911432,"source_user_id_str":"18911432"}]},"extended_entities":{"media":[{"id":442706898261782528,"id_str":"442706898261782528","indices":[67,90],"media_url":"http:\/\/pbs.twimg.com\/media\/BiTPlBKCMAARAAw.png","media_url_https":"https:\/\/pbs.twimg.com\/media\/BiTPlBKCMAARAAw.png","url":"https:\/\/t.co\/0He57IQyzk","display_url":"pic.twitter.com\/0He57IQyzk","expanded_url":"https:\/\/twitter.com\/paulcoxon\/status\/442706898370834432\/photo\/1","type":"photo","sizes":{"thumb":{"w":150,"h":150,"resize":"crop"},"medium":{"w":600,"h":785,"resize":"fit"},"small":{"w":340,"h":445,"resize":"fit"},"large":{"w":740,"h":968,"resize":"fit"}},"source_status_id":442706898370834432,"source_status_id_str":"442706898370834432","source_user_id":18911432,"source_user_id_str":"18911432"}]},"source":"\u003ca href=\"http:\/\/twitter.com\/download\/android\" rel=\"nofollow\"\u003eTwitter for Android\u003c\/a\u003e","in_reply_to_status_id":null,"in_reply_to_status_id_str":null,"in_reply_to_user_id":null,"in_reply_to_user_id_str":null,"in_reply_to_screen_name":null,"user":{"id":42273,"id_str":"42273","name":"pavan rao","screen_name":"rao","location":"Mysore","description":"","url":null,"entities":{"description":{"urls":[]}},"protected":false,"followers_count":88,"friends_count":260,"listed_count":8,"created_at":"Tue Dec 05 08:38:04 +0000 2006","favourites_count":13,"utc_offset":19800,"time_zone":"New Delhi","geo_enabled":false,"verified":false,"statuses_count":51,"lang":"en","contributors_enabled":false,"is_translator":false,"is_translation_enabled":false,"profile_background_color":"F8A202","profile_background_image_url":"http:\/\/abs.twimg.com\/images\/themes\/theme1\/bg.png","profile_background_image_url_https":"https:\/\/abs.twimg.com\/images\/themes\/theme1\/bg.png","profile_background_tile":false,"profile_image_url":"http:\/\/pbs.twimg.com\/profile_images\/2939656627\/c63fb3711c94cd1ba6662f48a866916c_normal.jpeg","profile_image_url_https":"https:\/\/pbs.twimg.com\/profile_images\/2939656627\/c63fb3711c94cd1ba6662f48a866916c_normal.jpeg","profile_link_color":"232326","profile_sidebar_border_color":"87BC44","profile_sidebar_fill_color":"E0FF92","profile_text_color":"000000","profile_use_background_image":true,"has_extended_profile":false,"default_profile":false,"default_profile_image":false,"following":false,"follow_request_sent":false,"notifications":false},"geo":null,"coordinates":null,"place":null,"contributors":null,"retweeted_status":{"created_at":"Sun Mar 09 19:05:17 +0000 2014","id":442737909087862784,"id_str":"442737909087862784","text":"Mathematical Equations That Changed the World https:\/\/t.co\/0He57IQyzk","truncated":false,"entities":{"hashtags":[],"symbols":[],"user_mentions":[],"urls":[],"media":[{"id":442706898261782528,"id_str":"442706898261782528","indices":[46,69],"media_url":"http:\/\/pbs.twimg.com\/media\/BiTPlBKCMAARAAw.png","media_url_https":"https:\/\/pbs.twimg.com\/media\/BiTPlBKCMAARAAw.png","url":"https:\/\/t.co\/0He57IQyzk","display_url":"pic.twitter.com\/0He57IQyzk","expanded_url":"https:\/\/twitter.com\/paulcoxon\/status\/442706898370834432\/photo\/1","type":"photo","sizes":{"thumb":{"w":150,"h":150,"resize":"crop"},"medium":{"w":600,"h":785,"resize":"fit"},"small":{"w":340,"h":445,"resize":"fit"},"large":{"w":740,"h":968,"resize":"fit"}},"source_status_id":442706898370834432,"source_status_id_str":"442706898370834432","source_user_id":18911432,"source_user_id_str":"18911432"}]},"extended_entities":{"media":[{"id":442706898261782528,"id_str":"442706898261782528","indices":[46,69],"media_url":"http:\/\/pbs.twimg.com\/media\/BiTPlBKCMAARAAw.png","media_url_https":"https:\/\/pbs.twimg.com\/media\/BiTPlBKCMAARAAw.png","url":"https:\/\/t.co\/0He57IQyzk","display_url":"pic.twitter.com\/0He57IQyzk","expanded_url":"https:\/\/twitter.com\/paulcoxon\/status\/442706898370834432\/photo\/1","type":"photo","sizes":{"thumb":{"w":150,"h":150,"resize":"crop"},"medium":{"w":600,"h":785,"resize":"fit"},"small":{"w":340,"h":445,"resize":"fit"},"large":{"w":740,"h":968,"resize":"fit"}},"source_status_id":442706898370834432,"source_status_id_str":"442706898370834432","source_user_id":18911432,"source_user_id_str":"18911432"}]},"source":"\u003ca href=\"http:\/\/www.steer.me\" rel=\"nofollow\"\u003enewsycombinator\u003c\/a\u003e","in_reply_to_status_id":null,"in_reply_to_status_id_str":null,"in_reply_to_user_id":null,"in_reply_to_user_id_str":null,"in_reply_to_screen_name":null,"user":{"id":14335498,"id_str":"14335498","name":"Hacker News","screen_name":"newsycombinator","location":"The Internet","description":"I'm a news.ycombinator bot, get the latest from Hacker News! Built by the lovely @riklomas from @superhi_ \u2013 sport shoes welcome.","url":"http:\/\/t.co\/gliZLgXpD1","entities":{"url":{"urls":[{"url":"http:\/\/t.co\/gliZLgXpD1","expanded_url":"http:\/\/news.ycombinator.com\/","display_url":"news.ycombinator.com","indices":[0,22]}]},"description":{"urls":[]}},"protected":false,"followers_count":136633,"friends_count":2,"listed_count":6910,"created_at":"Tue Apr 08 19:58:28 +0000 2008","favourites_count":0,"utc_offset":3600,"time_zone":"London","geo_enabled":false,"verified":false,"statuses_count":86402,"lang":"en","contributors_enabled":false,"is_translator":false,"is_translation_enabled":false,"profile_background_color":"F5F5F5","profile_background_image_url":"http:\/\/abs.twimg.com\/images\/themes\/theme1\/bg.png","profile_background_image_url_https":"https:\/\/abs.twimg.com\/images\/themes\/theme1\/bg.png","profile_background_tile":false,"profile_image_url":"http:\/\/pbs.twimg.com\/profile_images\/469397708986269696\/iUrYEOpJ_normal.png","profile_image_url_https":"https:\/\/pbs.twimg.com\/profile_images\/469397708986269696\/iUrYEOpJ_normal.png","profile_banner_url":"https:\/\/pbs.twimg.com\/profile_banners\/14335498\/1400748904","profile_link_color":"F06200","profile_sidebar_border_color":"F5F5F5","profile_sidebar_fill_color":"FF6600","profile_text_color":"000000","profile_use_background_image":false,"has_extended_profile":false,"default_profile":false,"default_profile_image":false,"following":false,"follow_request_sent":false,"notifications":false},"geo":null,"coordinates":null,"place":null,"contributors":null,"is_quote_status":false,"retweet_count":660,"favorite_count":738,"favorited":false,"retweeted":false,"possibly_sensitive":false,"lang":"en"},"is_quote_status":false,"retweet_count":660,"favorite_count":0,"favorited":false,"retweeted":false,"possibly_sensitive":false,"lang":"en"},{"created_at":"Wed Feb 05 04:01:38 +0000 2014","id":430914084318760960,"id_str":"430914084318760960","text":"RT @Microsoft: The scene at today's employee rally http:\/\/t.co\/AC6I4JG458","truncated":false,"entities":{"hashtags":[],"symbols":[],"user_mentions":[{"screen_name":"Microsoft","name":"Microsoft","id":74286565,"id_str":"74286565","indices":[3,13]}],"urls":[],"media":[{"id":430781045546299392,"id_str":"430781045546299392","indices":[51,73],"media_url":"http:\/\/pbs.twimg.com\/media\/BfpxFBvCMAALvPV.jpg","media_url_https":"https:\/\/pbs.twimg.com\/media\/BfpxFBvCMAALvPV.jpg","url":"http:\/\/t.co\/AC6I4JG458","display_url":"pic.twitter.com\/AC6I4JG458","expanded_url":"http:\/\/twitter.com\/Microsoft\/status\/430781045542105088\/photo\/1","type":"photo","sizes":{"small":{"w":340,"h":219,"resize":"fit"},"large":{"w":1024,"h":660,"resize":"fit"},"medium":{"w":600,"h":387,"resize":"fit"},"thumb":{"w":150,"h":150,"resize":"crop"}},"source_status_id":430781045542105088,"source_status_id_str":"430781045542105088","source_user_id":74286565,"source_user_id_str":"74286565"}]},"extended_entities":{"media":[{"id":430781045546299392,"id_str":"430781045546299392","indices":[51,73],"media_url":"http:\/\/pbs.twimg.com\/media\/BfpxFBvCMAALvPV.jpg","media_url_https":"https:\/\/pbs.twimg.com\/media\/BfpxFBvCMAALvPV.jpg","url":"http:\/\/t.co\/AC6I4JG458","display_url":"pic.twitter.com\/AC6I4JG458","expanded_url":"http:\/\/twitter.com\/Microsoft\/status\/430781045542105088\/photo\/1","type":"photo","sizes":{"small":{"w":340,"h":219,"resize":"fit"},"large":{"w":1024,"h":660,"resize":"fit"},"medium":{"w":600,"h":387,"resize":"fit"},"thumb":{"w":150,"h":150,"resize":"crop"}},"source_status_id":430781045542105088,"source_status_id_str":"430781045542105088","source_user_id":74286565,"source_user_id_str":"74286565"}]},"source":"\u003ca href=\"http:\/\/twitter.com\/download\/android\" rel=\"nofollow\"\u003eTwitter for Android\u003c\/a\u003e","in_reply_to_status_id":null,"in_reply_to_status_id_str":null,"in_reply_to_user_id":null,"in_reply_to_user_id_str":null,"in_reply_to_screen_name":null,"user":{"id":42273,"id_str":"42273","name":"pavan rao","screen_name":"rao","location":"Mysore","description":"","url":null,"entities":{"description":{"urls":[]}},"protected":false,"followers_count":88,"friends_count":260,"listed_count":8,"created_at":"Tue Dec 05 08:38:04 +0000 2006","favourites_count":13,"utc_offset":19800,"time_zone":"New Delhi","geo_enabled":false,"verified":false,"statuses_count":51,"lang":"en","contributors_enabled":false,"is_translator":false,"is_translation_enabled":false,"profile_background_color":"F8A202","profile_background_image_url":"http:\/\/abs.twimg.com\/images\/themes\/theme1\/bg.png","profile_background_image_url_https":"https:\/\/abs.twimg.com\/images\/themes\/theme1\/bg.png","profile_background_tile":false,"profile_image_url":"http:\/\/pbs.twimg.com\/profile_images\/2939656627\/c63fb3711c94cd1ba6662f48a866916c_normal.jpeg","profile_image_url_https":"https:\/\/pbs.twimg.com\/profile_images\/2939656627\/c63fb3711c94cd1ba6662f48a866916c_normal.jpeg","profile_link_color":"232326","profile_sidebar_border_color":"87BC44","profile_sidebar_fill_color":"E0FF92","profile_text_color":"000000","profile_use_background_image":true,"has_extended_profile":false,"default_profile":false,"default_profile_image":false,"following":false,"follow_request_sent":false,"notifications":false},"geo":null,"coordinates":null,"place":null,"contributors":null,"retweeted_status":{"created_at":"Tue Feb 04 19:12:59 +0000 2014","id":430781045542105088,"id_str":"430781045542105088","text":"The scene at today's employee rally http:\/\/t.co\/AC6I4JG458","truncated":false,"entities":{"hashtags":[],"symbols":[],"user_mentions":[],"urls":[],"media":[{"id":430781045546299392,"id_str":"430781045546299392","indices":[36,58],"media_url":"http:\/\/pbs.twimg.com\/media\/BfpxFBvCMAALvPV.jpg","media_url_https":"https:\/\/pbs.twimg.com\/media\/BfpxFBvCMAALvPV.jpg","url":"http:\/\/t.co\/AC6I4JG458","display_url":"pic.twitter.com\/AC6I4JG458","expanded_url":"http:\/\/twitter.com\/Microsoft\/status\/430781045542105088\/photo\/1","type":"photo","sizes":{"small":{"w":340,"h":219,"resize":"fit"},"large":{"w":1024,"h":660,"resize":"fit"},"medium":{"w":600,"h":387,"resize":"fit"},"thumb":{"w":150,"h":150,"resize":"crop"}}}]},"extended_entities":{"media":[{"id":430781045546299392,"id_str":"430781045546299392","indices":[36,58],"media_url":"http:\/\/pbs.twimg.com\/media\/BfpxFBvCMAALvPV.jpg","media_url_https":"https:\/\/pbs.twimg.com\/media\/BfpxFBvCMAALvPV.jpg","url":"http:\/\/t.co\/AC6I4JG458","display_url":"pic.twitter.com\/AC6I4JG458","expanded_url":"http:\/\/twitter.com\/Microsoft\/status\/430781045542105088\/photo\/1","type":"photo","sizes":{"small":{"w":340,"h":219,"resize":"fit"},"large":{"w":1024,"h":660,"resize":"fit"},"medium":{"w":600,"h":387,"resize":"fit"},"thumb":{"w":150,"h":150,"resize":"crop"}}}]},"source":"\u003ca href=\"http:\/\/twitter.com\" rel=\"nofollow\"\u003eTwitter Web Client\u003c\/a\u003e","in_reply_to_status_id":null,"in_reply_to_status_id_str":null,"in_reply_to_user_id":null,"in_reply_to_user_id_str":null,"in_reply_to_screen_name":null,"user":{"id":74286565,"id_str":"74286565","name":"Microsoft","screen_name":"Microsoft","location":"Redmond, WA","description":"The official Twitter page for Microsoft consumer products and your source for major announcements and events.","url":"http:\/\/t.co\/iIrGzB9fzr","entities":{"url":{"urls":[{"url":"http:\/\/t.co\/iIrGzB9fzr","expanded_url":"http:\/\/www.facebook.com\/Microsoft","display_url":"facebook.com\/Microsoft","indices":[0,22]}]},"description":{"urls":[]}},"protected":false,"followers_count":7737804,"friends_count":1883,"listed_count":19842,"created_at":"Mon Sep 14 22:35:42 +0000 2009","favourites_count":644,"utc_offset":-25200,"time_zone":"Pacific Time (US & Canada)","geo_enabled":false,"verified":true,"statuses_count":11760,"lang":"en","contributors_enabled":false,"is_translator":false,"is_translation_enabled":false,"profile_background_color":"00AEEF","profile_background_image_url":"http:\/\/pbs.twimg.com\/profile_background_images\/561955703753957377\/JINi1-sJ.png","profile_background_image_url_https":"https:\/\/pbs.twimg.com\/profile_background_images\/561955703753957377\/JINi1-sJ.png","profile_background_tile":true,"profile_image_url":"http:\/\/pbs.twimg.com\/profile_images\/709852306632744960\/zQ0xyGGK_normal.jpg","profile_image_url_https":"https:\/\/pbs.twimg.com\/profile_images\/709852306632744960\/zQ0xyGGK_normal.jpg","profile_banner_url":"https:\/\/pbs.twimg.com\/profile_banners\/74286565\/1471020101","profile_link_color":"1570A6","profile_sidebar_border_color":"FFFFFF","profile_sidebar_fill_color":"FFFFFF","profile_text_color":"333333","profile_use_background_image":true,"has_extended_profile":false,"default_profile":false,"default_profile_image":false,"following":false,"follow_request_sent":false,"notifications":false},"geo":null,"coordinates":null,"place":null,"contributors":null,"is_quote_status":false,"retweet_count":794,"favorite_count":500,"favorited":false,"retweeted":false,"possibly_sensitive":false,"lang":"en"},"is_quote_status":false,"retweet_count":794,"favorite_count":0,"favorited":false,"retweeted":false,"possibly_sensitive":false,"lang":"en"},{"created_at":"Thu Jan 30 03:46:29 +0000 2014","id":428735943949189120,"id_str":"428735943949189120","text":"RT @codinghorror: It is true, children are quite expensive. But hey, if you're gonna be an angel investor in something.. might as well be y\u2026","truncated":false,"entities":{"hashtags":[],"symbols":[],"user_mentions":[{"screen_name":"codinghorror","name":"Jeff Atwood","id":5637652,"id_str":"5637652","indices":[3,16]}],"urls":[]},"source":"\u003ca href=\"http:\/\/twitter.com\/download\/android\" rel=\"nofollow\"\u003eTwitter for Android\u003c\/a\u003e","in_reply_to_status_id":null,"in_reply_to_status_id_str":null,"in_reply_to_user_id":null,"in_reply_to_user_id_str":null,"in_reply_to_screen_name":null,"user":{"id":42273,"id_str":"42273","name":"pavan rao","screen_name":"rao","location":"Mysore","description":"","url":null,"entities":{"description":{"urls":[]}},"protected":false,"followers_count":88,"friends_count":260,"listed_count":8,"created_at":"Tue Dec 05 08:38:04 +0000 2006","favourites_count":13,"utc_offset":19800,"time_zone":"New Delhi","geo_enabled":false,"verified":false,"statuses_count":51,"lang":"en","contributors_enabled":false,"is_translator":false,"is_translation_enabled":false,"profile_background_color":"F8A202","profile_background_image_url":"http:\/\/abs.twimg.com\/images\/themes\/theme1\/bg.png","profile_background_image_url_https":"https:\/\/abs.twimg.com\/images\/themes\/theme1\/bg.png","profile_background_tile":false,"profile_image_url":"http:\/\/pbs.twimg.com\/profile_images\/2939656627\/c63fb3711c94cd1ba6662f48a866916c_normal.jpeg","profile_image_url_https":"https:\/\/pbs.twimg.com\/profile_images\/2939656627\/c63fb3711c94cd1ba6662f48a866916c_normal.jpeg","profile_link_color":"232326","profile_sidebar_border_color":"87BC44","profile_sidebar_fill_color":"E0FF92","profile_text_color":"000000","profile_use_background_image":true,"has_extended_profile":false,"default_profile":false,"default_profile_image":false,"following":false,"follow_request_sent":false,"notifications":false},"geo":null,"coordinates":null,"place":null,"contributors":null,"retweeted_status":{"created_at":"Thu Jan 30 01:35:06 +0000 2014","id":428702880132898817,"id_str":"428702880132898817","text":"It is true, children are quite expensive. But hey, if you're gonna be an angel investor in something.. might as well be your kids.","truncated":false,"entities":{"hashtags":[],"symbols":[],"user_mentions":[],"urls":[]},"source":"\u003ca href=\"http:\/\/twitter.com\" rel=\"nofollow\"\u003eTwitter Web Client\u003c\/a\u003e","in_reply_to_status_id":null,"in_reply_to_status_id_str":null,"in_reply_to_user_id":null,"in_reply_to_user_id_str":null,"in_reply_to_screen_name":null,"user":{"id":5637652,"id_str":"5637652","name":"Jeff Atwood","screen_name":"codinghorror","location":"Bay Area, CA","description":"Indoor enthusiast. Co-founder of https:\/\/t.co\/P7MEYP7MjF and https:\/\/t.co\/kaSwrLYuQZ. Disclaimer: I have no idea what I'm talking about.","url":"http:\/\/t.co\/rM9N1bQpLr","entities":{"url":{"urls":[{"url":"http:\/\/t.co\/rM9N1bQpLr","expanded_url":"http:\/\/blog.codinghorror.com","display_url":"blog.codinghorror.com","indices":[0,22]}]},"description":{"urls":[{"url":"https:\/\/t.co\/P7MEYP7MjF","expanded_url":"http:\/\/stackoverflow.com","display_url":"stackoverflow.com","indices":[33,56]},{"url":"https:\/\/t.co\/kaSwrLYuQZ","expanded_url":"http:\/\/www.discourse.org","display_url":"discourse.org","indices":[61,84]}]}},"protected":false,"followers_count":204493,"friends_count":171,"listed_count":9208,"created_at":"Sun Apr 29 20:50:37 +0000 2007","favourites_count":9944,"utc_offset":-25200,"time_zone":"Arizona","geo_enabled":false,"verified":true,"statuses_count":51124,"lang":"en","contributors_enabled":false,"is_translator":false,"is_translation_enabled":false,"profile_background_color":"FFFFFF","profile_background_image_url":"http:\/\/pbs.twimg.com\/profile_background_images\/623412\/hunt-wumpus-bg.png","profile_background_image_url_https":"https:\/\/pbs.twimg.com\/profile_background_images\/623412\/hunt-wumpus-bg.png","profile_background_tile":true,"profile_image_url":"http:\/\/pbs.twimg.com\/profile_images\/632821853627678720\/zPKK7jql_normal.png","profile_image_url_https":"https:\/\/pbs.twimg.com\/profile_images\/632821853627678720\/zPKK7jql_normal.png","profile_banner_url":"https:\/\/pbs.twimg.com\/profile_banners\/5637652\/1398207303","profile_link_color":"282D58","profile_sidebar_border_color":"E0E1F5","profile_sidebar_fill_color":"E0E1F5","profile_text_color":"383A48","profile_use_background_image":true,"has_extended_profile":false,"default_profile":false,"default_profile_image":false,"following":false,"follow_request_sent":false,"notifications":false},"geo":null,"coordinates":null,"place":null,"contributors":null,"is_quote_status":false,"retweet_count":242,"favorite_count":152,"favorited":false,"retweeted":false,"lang":"en"},"is_quote_status":false,"retweet_count":242,"favorite_count":0,"favorited":false,"retweeted":false,"lang":"en"},{"created_at":"Thu Dec 06 15:02:09 +0000 2012","id":276703076587556865,"id_str":"276703076587556865","text":"Just enrolled in Introduction to Statistics at @Udacity http:\/\/t.co\/Ims3Vtpf","truncated":false,"entities":{"hashtags":[],"symbols":[],"user_mentions":[{"screen_name":"udacity","name":"Udacity","id":326912209,"id_str":"326912209","indices":[47,55]}],"urls":[{"url":"http:\/\/t.co\/Ims3Vtpf","expanded_url":"http:\/\/www.udacity.com\/overview\/Course\/st101\/CourseRev\/1","display_url":"udacity.com\/overview\/Cours\u2026","indices":[56,76]}]},"source":"\u003ca href=\"https:\/\/dev.twitter.com\/docs\/tfw\" rel=\"nofollow\"\u003eTwitter for Websites\u003c\/a\u003e","in_reply_to_status_id":null,"in_reply_to_status_id_str":null,"in_reply_to_user_id":null,"in_reply_to_user_id_str":null,"in_reply_to_screen_name":null,"user":{"id":42273,"id_str":"42273","name":"pavan rao","screen_name":"rao","location":"Mysore","description":"","url":null,"entities":{"description":{"urls":[]}},"protected":false,"followers_count":88,"friends_count":260,"listed_count":8,"created_at":"Tue Dec 05 08:38:04 +0000 2006","favourites_count":13,"utc_offset":19800,"time_zone":"New Delhi","geo_enabled":false,"verified":false,"statuses_count":51,"lang":"en","contributors_enabled":false,"is_translator":false,"is_translation_enabled":false,"profile_background_color":"F8A202","profile_background_image_url":"http:\/\/abs.twimg.com\/images\/themes\/theme1\/bg.png","profile_background_image_url_https":"https:\/\/abs.twimg.com\/images\/themes\/theme1\/bg.png","profile_background_tile":false,"profile_image_url":"http:\/\/pbs.twimg.com\/profile_images\/2939656627\/c63fb3711c94cd1ba6662f48a866916c_normal.jpeg","profile_image_url_https":"https:\/\/pbs.twimg.com\/profile_images\/2939656627\/c63fb3711c94cd1ba6662f48a866916c_normal.jpeg","profile_link_color":"232326","profile_sidebar_border_color":"87BC44","profile_sidebar_fill_color":"E0FF92","profile_text_color":"000000","profile_use_background_image":true,"has_extended_profile":false,"default_profile":false,"default_profile_image":false,"following":false,"follow_request_sent":false,"notifications":false},"geo":null,"coordinates":null,"place":null,"contributors":null,"is_quote_status":false,"retweet_count":0,"favorite_count":0,"favorited":false,"retweeted":false,"possibly_sensitive":false,"lang":"en"},{"created_at":"Thu Dec 06 14:50:01 +0000 2012","id":276700023742427137,"id_str":"276700023742427137","text":"6 years since I started my twitter account...   http:\/\/t.co\/k249ksTF via @TwBirthday","truncated":false,"entities":{"hashtags":[],"symbols":[],"user_mentions":[{"screen_name":"TwBirthday","name":"TwBirthday","id":39750199,"id_str":"39750199","indices":[73,84]}],"urls":[{"url":"http:\/\/t.co\/k249ksTF","expanded_url":"http:\/\/twbirthday.com\/rao\/","display_url":"twbirthday.com\/rao\/","indices":[48,68]}]},"source":"\u003ca href=\"https:\/\/dev.twitter.com\/docs\/tfw\" rel=\"nofollow\"\u003eTwitter for Websites\u003c\/a\u003e","in_reply_to_status_id":null,"in_reply_to_status_id_str":null,"in_reply_to_user_id":null,"in_reply_to_user_id_str":null,"in_reply_to_screen_name":null,"user":{"id":42273,"id_str":"42273","name":"pavan rao","screen_name":"rao","location":"Mysore","description":"","url":null,"entities":{"description":{"urls":[]}},"protected":false,"followers_count":88,"friends_count":260,"listed_count":8,"created_at":"Tue Dec 05 08:38:04 +0000 2006","favourites_count":13,"utc_offset":19800,"time_zone":"New Delhi","geo_enabled":false,"verified":false,"statuses_count":51,"lang":"en","contributors_enabled":false,"is_translator":false,"is_translation_enabled":false,"profile_background_color":"F8A202","profile_background_image_url":"http:\/\/abs.twimg.com\/images\/themes\/theme1\/bg.png","profile_background_image_url_https":"https:\/\/abs.twimg.com\/images\/themes\/theme1\/bg.png","profile_background_tile":false,"profile_image_url":"http:\/\/pbs.twimg.com\/profile_images\/2939656627\/c63fb3711c94cd1ba6662f48a866916c_normal.jpeg","profile_image_url_https":"https:\/\/pbs.twimg.com\/profile_images\/2939656627\/c63fb3711c94cd1ba6662f48a866916c_normal.jpeg","profile_link_color":"232326","profile_sidebar_border_color":"87BC44","profile_sidebar_fill_color":"E0FF92","profile_text_color":"000000","profile_use_background_image":true,"has_extended_profile":false,"default_profile":false,"default_profile_image":false,"following":false,"follow_request_sent":false,"notifications":false},"geo":null,"coordinates":null,"place":null,"contributors":null,"is_quote_status":false,"retweet_count":0,"favorite_count":0,"favorited":false,"retweeted":false,"possibly_sensitive":false,"lang":"en"},{"created_at":"Thu Dec 06 14:25:40 +0000 2012","id":276693897378422785,"id_str":"276693897378422785","text":"Get a free 25GB Box account when signing up for Hojoki http:\/\/t.co\/oTkkawDp","truncated":false,"entities":{"hashtags":[],"symbols":[],"user_mentions":[],"urls":[{"url":"http:\/\/t.co\/oTkkawDp","expanded_url":"http:\/\/news.ycombinator.com\/item?id=4881628","display_url":"news.ycombinator.com\/item?id=4881628","indices":[55,75]}]},"source":"\u003ca href=\"http:\/\/twitter.com\" rel=\"nofollow\"\u003eTwitter Web Client\u003c\/a\u003e","in_reply_to_status_id":null,"in_reply_to_status_id_str":null,"in_reply_to_user_id":null,"in_reply_to_user_id_str":null,"in_reply_to_screen_name":null,"user":{"id":42273,"id_str":"42273","name":"pavan rao","screen_name":"rao","location":"Mysore","description":"","url":null,"entities":{"description":{"urls":[]}},"protected":false,"followers_count":88,"friends_count":260,"listed_count":8,"created_at":"Tue Dec 05 08:38:04 +0000 2006","favourites_count":13,"utc_offset":19800,"time_zone":"New Delhi","geo_enabled":false,"verified":false,"statuses_count":51,"lang":"en","contributors_enabled":false,"is_translator":false,"is_translation_enabled":false,"profile_background_color":"F8A202","profile_background_image_url":"http:\/\/abs.twimg.com\/images\/themes\/theme1\/bg.png","profile_background_image_url_https":"https:\/\/abs.twimg.com\/images\/themes\/theme1\/bg.png","profile_background_tile":false,"profile_image_url":"http:\/\/pbs.twimg.com\/profile_images\/2939656627\/c63fb3711c94cd1ba6662f48a866916c_normal.jpeg","profile_image_url_https":"https:\/\/pbs.twimg.com\/profile_images\/2939656627\/c63fb3711c94cd1ba6662f48a866916c_normal.jpeg","profile_link_color":"232326","profile_sidebar_border_color":"87BC44","profile_sidebar_fill_color":"E0FF92","profile_text_color":"000000","profile_use_background_image":true,"has_extended_profile":false,"default_profile":false,"default_profile_image":false,"following":false,"follow_request_sent":false,"notifications":false},"geo":null,"coordinates":null,"place":null,"contributors":null,"is_quote_status":false,"retweet_count":0,"favorite_count":0,"favorited":false,"retweeted":false,"possibly_sensitive":false,"lang":"en"},{"created_at":"Wed Oct 24 04:22:09 +0000 2012","id":260959338540175360,"id_str":"260959338540175360","text":"\u0cb5\u0cbf\u0c9c\u0caf\u0ca6\u0cb6\u0cae\u0cbf \u0cb9\u0cac\u0ccd\u0cac\u0ca6 \u0cb6\u0cc1\u0cad\u0cbe\u0cb6\u0caf\u0c97\u0cb3\u0cc1 !!\n\u0c8e\u0cb2\u0ccd\u0cb2\u0cb0\u0cbf\u0c97\u0cc2 \u0cae\u0cc8\u0cb8\u0cc2\u0cb0\u0cc1 \u0ca6\u0cb8\u0cb0\u0cbe\u0c97\u0cc6 \u0cb8\u0cc1\u0cb8\u0ccd\u0cb5\u0cbe\u0c97\u0ca4!!","truncated":false,"entities":{"hashtags":[],"symbols":[],"user_mentions":[],"urls":[]},"source":"\u003ca href=\"http:\/\/twitter.com\" rel=\"nofollow\"\u003eTwitter Web Client\u003c\/a\u003e","in_reply_to_status_id":null,"in_reply_to_status_id_str":null,"in_reply_to_user_id":null,"in_reply_to_user_id_str":null,"in_reply_to_screen_name":null,"user":{"id":42273,"id_str":"42273","name":"pavan rao","screen_name":"rao","location":"Mysore","description":"","url":null,"entities":{"description":{"urls":[]}},"protected":false,"followers_count":88,"friends_count":260,"listed_count":8,"created_at":"Tue Dec 05 08:38:04 +0000 2006","favourites_count":13,"utc_offset":19800,"time_zone":"New Delhi","geo_enabled":false,"verified":false,"statuses_count":51,"lang":"en","contributors_enabled":false,"is_translator":false,"is_translation_enabled":false,"profile_background_color":"F8A202","profile_background_image_url":"http:\/\/abs.twimg.com\/images\/themes\/theme1\/bg.png","profile_background_image_url_https":"https:\/\/abs.twimg.com\/images\/themes\/theme1\/bg.png","profile_background_tile":false,"profile_image_url":"http:\/\/pbs.twimg.com\/profile_images\/2939656627\/c63fb3711c94cd1ba6662f48a866916c_normal.jpeg","profile_image_url_https":"https:\/\/pbs.twimg.com\/profile_images\/2939656627\/c63fb3711c94cd1ba6662f48a866916c_normal.jpeg","profile_link_color":"232326","profile_sidebar_border_color":"87BC44","profile_sidebar_fill_color":"E0FF92","profile_text_color":"000000","profile_use_background_image":true,"has_extended_profile":false,"default_profile":false,"default_profile_image":false,"following":false,"follow_request_sent":false,"notifications":false},"geo":null,"coordinates":null,"place":null,"contributors":null,"is_quote_status":false,"retweet_count":0,"favorite_count":1,"favorited":false,"retweeted":false,"lang":"kn"},{"created_at":"Tue May 17 10:59:08 +0000 2011","id":70443226586296320,"id_str":"70443226586296320","text":"RT @ravikh: Four grams of gold free of cost for girls getting married: Jaya http:\/\/bit.ly\/kdVaMj (... and TVS XL Super for boys?!)","truncated":false,"entities":{"hashtags":[],"symbols":[],"user_mentions":[{"screen_name":"ravikh","name":"Ravishankar K H","id":14969498,"id_str":"14969498","indices":[3,10]}],"urls":[]},"source":"\u003ca href=\"http:\/\/mobile.twitter.com\" rel=\"nofollow\"\u003eMobile Web\u003c\/a\u003e","in_reply_to_status_id":null,"in_reply_to_status_id_str":null,"in_reply_to_user_id":null,"in_reply_to_user_id_str":null,"in_reply_to_screen_name":null,"user":{"id":42273,"id_str":"42273","name":"pavan rao","screen_name":"rao","location":"Mysore","description":"","url":null,"entities":{"description":{"urls":[]}},"protected":false,"followers_count":88,"friends_count":260,"listed_count":8,"created_at":"Tue Dec 05 08:38:04 +0000 2006","favourites_count":13,"utc_offset":19800,"time_zone":"New Delhi","geo_enabled":false,"verified":false,"statuses_count":51,"lang":"en","contributors_enabled":false,"is_translator":false,"is_translation_enabled":false,"profile_background_color":"F8A202","profile_background_image_url":"http:\/\/abs.twimg.com\/images\/themes\/theme1\/bg.png","profile_background_image_url_https":"https:\/\/abs.twimg.com\/images\/themes\/theme1\/bg.png","profile_background_tile":false,"profile_image_url":"http:\/\/pbs.twimg.com\/profile_images\/2939656627\/c63fb3711c94cd1ba6662f48a866916c_normal.jpeg","profile_image_url_https":"https:\/\/pbs.twimg.com\/profile_images\/2939656627\/c63fb3711c94cd1ba6662f48a866916c_normal.jpeg","profile_link_color":"232326","profile_sidebar_border_color":"87BC44","profile_sidebar_fill_color":"E0FF92","profile_text_color":"000000","profile_use_background_image":true,"has_extended_profile":false,"default_profile":false,"default_profile_image":false,"following":false,"follow_request_sent":false,"notifications":false},"geo":null,"coordinates":null,"place":null,"contributors":null,"retweeted_status":{"created_at":"Tue May 17 06:01:04 +0000 2011","id":70368216324640768,"id_str":"70368216324640768","text":"Four grams of gold free of cost for girls getting married: Jaya http:\/\/bit.ly\/kdVaMj (... and TVS XL Super for boys?!)","truncated":false,"entities":{"hashtags":[],"symbols":[],"user_mentions":[],"urls":[]},"source":"\u003ca href=\"http:\/\/twitter.com\" rel=\"nofollow\"\u003eTwitter Web Client\u003c\/a\u003e","in_reply_to_status_id":null,"in_reply_to_status_id_str":null,"in_reply_to_user_id":null,"in_reply_to_user_id_str":null,"in_reply_to_screen_name":null,"user":{"id":14969498,"id_str":"14969498","name":"Ravishankar K H","screen_name":"ravikh","location":"Bangalore, India","description":"Free and open source software enthusiast, an ardent fan of unconventional energy sources and modes of transport. Career is mainly in software profession.","url":"http:\/\/t.co\/G6Im9r7GD0","entities":{"url":{"urls":[{"url":"http:\/\/t.co\/G6Im9r7GD0","expanded_url":"http:\/\/techanthropy.blogspot.com\/","display_url":"techanthropy.blogspot.com","indices":[0,22]}]},"description":{"urls":[]}},"protected":false,"followers_count":237,"friends_count":102,"listed_count":13,"created_at":"Sun Jun 01 05:50:38 +0000 2008","favourites_count":913,"utc_offset":19800,"time_zone":"New Delhi","geo_enabled":true,"verified":false,"statuses_count":4257,"lang":"en","contributors_enabled":false,"is_translator":false,"is_translation_enabled":false,"profile_background_color":"022330","profile_background_image_url":"http:\/\/abs.twimg.com\/images\/themes\/theme15\/bg.png","profile_background_image_url_https":"https:\/\/abs.twimg.com\/images\/themes\/theme15\/bg.png","profile_background_tile":false,"profile_image_url":"http:\/\/pbs.twimg.com\/profile_images\/718341562959282176\/MPE7TW4z_normal.jpg","profile_image_url_https":"https:\/\/pbs.twimg.com\/profile_images\/718341562959282176\/MPE7TW4z_normal.jpg","profile_link_color":"0084B4","profile_sidebar_border_color":"A8C7F7","profile_sidebar_fill_color":"C0DFEC","profile_text_color":"333333","profile_use_background_image":true,"has_extended_profile":false,"default_profile":false,"default_profile_image":false,"following":false,"follow_request_sent":false,"notifications":false},"geo":null,"coordinates":null,"place":null,"contributors":null,"is_quote_status":false,"retweet_count":1,"favorite_count":1,"favorited":false,"retweeted":false,"lang":"en"},"is_quote_status":false,"retweet_count":1,"favorite_count":0,"favorited":false,"retweeted":false,"lang":"en"},{"created_at":"Sat May 14 17:10:55 +0000 2011","id":69449625991528448,"id_str":"69449625991528448","text":"RT @ghoseb: Need a direct contact with someone at Facebook's Abuse Desk. Anyone know someone like that?","truncated":false,"entities":{"hashtags":[],"symbols":[],"user_mentions":[{"screen_name":"ghoseb","name":"Baishampayan Ghose","id":2098451,"id_str":"2098451","indices":[3,10]}],"urls":[]},"source":"\u003ca href=\"http:\/\/mobile.twitter.com\" rel=\"nofollow\"\u003eMobile Web\u003c\/a\u003e","in_reply_to_status_id":null,"in_reply_to_status_id_str":null,"in_reply_to_user_id":null,"in_reply_to_user_id_str":null,"in_reply_to_screen_name":null,"user":{"id":42273,"id_str":"42273","name":"pavan rao","screen_name":"rao","location":"Mysore","description":"","url":null,"entities":{"description":{"urls":[]}},"protected":false,"followers_count":88,"friends_count":260,"listed_count":8,"created_at":"Tue Dec 05 08:38:04 +0000 2006","favourites_count":13,"utc_offset":19800,"time_zone":"New Delhi","geo_enabled":false,"verified":false,"statuses_count":51,"lang":"en","contributors_enabled":false,"is_translator":false,"is_translation_enabled":false,"profile_background_color":"F8A202","profile_background_image_url":"http:\/\/abs.twimg.com\/images\/themes\/theme1\/bg.png","profile_background_image_url_https":"https:\/\/abs.twimg.com\/images\/themes\/theme1\/bg.png","profile_background_tile":false,"profile_image_url":"http:\/\/pbs.twimg.com\/profile_images\/2939656627\/c63fb3711c94cd1ba6662f48a866916c_normal.jpeg","profile_image_url_https":"https:\/\/pbs.twimg.com\/profile_images\/2939656627\/c63fb3711c94cd1ba6662f48a866916c_normal.jpeg","profile_link_color":"232326","profile_sidebar_border_color":"87BC44","profile_sidebar_fill_color":"E0FF92","profile_text_color":"000000","profile_use_background_image":true,"has_extended_profile":false,"default_profile":false,"default_profile_image":false,"following":false,"follow_request_sent":false,"notifications":false},"geo":null,"coordinates":null,"place":null,"contributors":null,"retweeted_status":{"created_at":"Sat May 14 08:32:09 +0000 2011","id":69319071174361088,"id_str":"69319071174361088","text":"Need a direct contact with someone at Facebook's Abuse Desk. Anyone know someone like that?","truncated":false,"entities":{"hashtags":[],"symbols":[],"user_mentions":[],"urls":[]},"source":"\u003ca href=\"http:\/\/itunes.apple.com\/us\/app\/twitter\/id409789998?mt=12\" rel=\"nofollow\"\u003eTwitter for Mac\u003c\/a\u003e","in_reply_to_status_id":null,"in_reply_to_status_id_str":null,"in_reply_to_user_id":null,"in_reply_to_user_id_str":null,"in_reply_to_screen_name":null,"user":{"id":2098451,"id_str":"2098451","name":"Baishampayan Ghose","screen_name":"ghoseb","location":"This piece of rock","description":"Feminist. Hacktivist. Co-founder at http:\/\/t.co\/l7MseM9Hok (@helpshift)","url":"http:\/\/t.co\/rBFEirqOA1","entities":{"url":{"urls":[{"url":"http:\/\/t.co\/rBFEirqOA1","expanded_url":"http:\/\/freegeek.in\/","display_url":"freegeek.in","indices":[0,22]}]},"description":{"urls":[{"url":"http:\/\/t.co\/l7MseM9Hok","expanded_url":"http:\/\/helpshift.com","display_url":"helpshift.com","indices":[36,58]}]}},"protected":false,"followers_count":3682,"friends_count":60,"listed_count":284,"created_at":"Sat Mar 24 11:13:58 +0000 2007","favourites_count":41,"utc_offset":19800,"time_zone":"Asia\/Calcutta","geo_enabled":true,"verified":false,"statuses_count":14082,"lang":"en","contributors_enabled":false,"is_translator":false,"is_translation_enabled":false,"profile_background_color":"FBFBFB","profile_background_image_url":"http:\/\/pbs.twimg.com\/profile_background_images\/158734573\/xe4b06be80d7cc55e4a2ec83929657b8.jpg","profile_background_image_url_https":"https:\/\/pbs.twimg.com\/profile_background_images\/158734573\/xe4b06be80d7cc55e4a2ec83929657b8.jpg","profile_background_tile":false,"profile_image_url":"http:\/\/pbs.twimg.com\/profile_images\/737862278977060864\/1CW0H4st_normal.jpg","profile_image_url_https":"https:\/\/pbs.twimg.com\/profile_images\/737862278977060864\/1CW0H4st_normal.jpg","profile_banner_url":"https:\/\/pbs.twimg.com\/profile_banners\/2098451\/1398209961","profile_link_color":"0E164D","profile_sidebar_border_color":"080000","profile_sidebar_fill_color":"FBFBFB","profile_text_color":"080000","profile_use_background_image":false,"has_extended_profile":false,"default_profile":false,"default_profile_image":false,"following":false,"follow_request_sent":false,"notifications":false},"geo":null,"coordinates":null,"place":null,"contributors":null,"is_quote_status":false,"retweet_count":1,"favorite_count":1,"favorited":false,"retweeted":false,"lang":"en"},"is_quote_status":false,"retweet_count":1,"favorite_count":0,"favorited":false,"retweeted":false,"lang":"en"},{"created_at":"Sat May 14 16:59:24 +0000 2011","id":69446724984389632,"id_str":"69446724984389632","text":"RT @thej: If you are thinking about Jayalalalith's win, think no more...it was Rajni's vote that mattered.","truncated":false,"entities":{"hashtags":[],"symbols":[],"user_mentions":[{"screen_name":"thej","name":"Thejesh GN","id":645343,"id_str":"645343","indices":[3,8]}],"urls":[]},"source":"\u003ca href=\"http:\/\/mobile.twitter.com\" rel=\"nofollow\"\u003eMobile Web\u003c\/a\u003e","in_reply_to_status_id":null,"in_reply_to_status_id_str":null,"in_reply_to_user_id":null,"in_reply_to_user_id_str":null,"in_reply_to_screen_name":null,"user":{"id":42273,"id_str":"42273","name":"pavan rao","screen_name":"rao","location":"Mysore","description":"","url":null,"entities":{"description":{"urls":[]}},"protected":false,"followers_count":88,"friends_count":260,"listed_count":8,"created_at":"Tue Dec 05 08:38:04 +0000 2006","favourites_count":13,"utc_offset":19800,"time_zone":"New Delhi","geo_enabled":false,"verified":false,"statuses_count":51,"lang":"en","contributors_enabled":false,"is_translator":false,"is_translation_enabled":false,"profile_background_color":"F8A202","profile_background_image_url":"http:\/\/abs.twimg.com\/images\/themes\/theme1\/bg.png","profile_background_image_url_https":"https:\/\/abs.twimg.com\/images\/themes\/theme1\/bg.png","profile_background_tile":false,"profile_image_url":"http:\/\/pbs.twimg.com\/profile_images\/2939656627\/c63fb3711c94cd1ba6662f48a866916c_normal.jpeg","profile_image_url_https":"https:\/\/pbs.twimg.com\/profile_images\/2939656627\/c63fb3711c94cd1ba6662f48a866916c_normal.jpeg","profile_link_color":"232326","profile_sidebar_border_color":"87BC44","profile_sidebar_fill_color":"E0FF92","profile_text_color":"000000","profile_use_background_image":true,"has_extended_profile":false,"default_profile":false,"default_profile_image":false,"following":false,"follow_request_sent":false,"notifications":false},"geo":null,"coordinates":null,"place":null,"contributors":null,"retweeted_status":{"created_at":"Sat May 14 15:56:50 +0000 2011","id":69430979441336320,"id_str":"69430979441336320","text":"If you are thinking about Jayalalalith's win, think no more...it was Rajni's vote that mattered.","truncated":false,"entities":{"hashtags":[],"symbols":[],"user_mentions":[],"urls":[]},"source":"\u003ca href=\"https:\/\/about.twitter.com\/products\/tweetdeck\" rel=\"nofollow\"\u003eTweetDeck\u003c\/a\u003e","in_reply_to_status_id":null,"in_reply_to_status_id_str":null,"in_reply_to_user_id":null,"in_reply_to_user_id_str":null,"in_reply_to_screen_name":null,"user":{"id":645343,"id_str":"645343","name":"Thejesh GN","screen_name":"thej","location":"Bangalore, India","description":"\u007bThejesh GN \u23da \u0ca4\u0cc7\u0c9c\u0cc7\u0cb6\u0ccd \u0c9c\u0cbf.\u0c8e\u0ca8\u0ccd\u007d Hacker, Blogger, InfoActivist, Developer, Web, FOSS, Open Data, Open Internet, Traveller, @datameet    0xBFFC8DD3C06DD6B0","url":"https:\/\/t.co\/aSaZMA8BQz","entities":{"url":{"urls":[{"url":"https:\/\/t.co\/aSaZMA8BQz","expanded_url":"http:\/\/thejeshgn.com","display_url":"thejeshgn.com","indices":[0,23]}]},"description":{"urls":[]}},"protected":false,"followers_count":5568,"friends_count":2064,"listed_count":277,"created_at":"Tue Jan 16 10:39:44 +0000 2007","favourites_count":2802,"utc_offset":19800,"time_zone":"Chennai","geo_enabled":true,"verified":false,"statuses_count":21810,"lang":"en","contributors_enabled":false,"is_translator":false,"is_translation_enabled":false,"profile_background_color":"1A1B1F","profile_background_image_url":"http:\/\/pbs.twimg.com\/profile_background_images\/67161922\/thejeshgn1.JPG","profile_background_image_url_https":"https:\/\/pbs.twimg.com\/profile_background_images\/67161922\/thejeshgn1.JPG","profile_background_tile":false,"profile_image_url":"http:\/\/pbs.twimg.com\/profile_images\/378800000020774425\/166e0cea259d0eab47decbf2b3046a95_normal.jpeg","profile_image_url_https":"https:\/\/pbs.twimg.com\/profile_images\/378800000020774425\/166e0cea259d0eab47decbf2b3046a95_normal.jpeg","profile_banner_url":"https:\/\/pbs.twimg.com\/profile_banners\/645343\/1398248695","profile_link_color":"2FC2EF","profile_sidebar_border_color":"181A1E","profile_sidebar_fill_color":"252429","profile_text_color":"666666","profile_use_background_image":true,"has_extended_profile":true,"default_profile":false,"default_profile_image":false,"following":false,"follow_request_sent":false,"notifications":false},"geo":null,"coordinates":null,"place":null,"contributors":null,"is_quote_status":false,"retweet_count":1,"favorite_count":1,"favorited":false,"retweeted":false,"lang":"en"},"is_quote_status":false,"retweet_count":1,"favorite_count":0,"favorited":false,"retweeted":false,"lang":"en"}]