[{"created_at":"Thu Mar 10 22:28:36 +0000 2016","id":708056992032526336,"id_str":"708056992032526336","text":"Got a spare 45min? Origami Darth Vader tutorial:\nhttps:\/\/t.co\/8swhSXemaj","truncated":false,"source":"\u003ca href=\"http:\/\/twitter.com\" rel=\"nofollow\"\u003eTwitter Web Client\u003c\/a\u003e","in_reply_to_status_id":null,"in_reply_to_status_id_str":null,"in_reply_to_user_id":null,"in_reply_to_user_id_str":null,"in_reply_to_screen_name":null,"user":{"id":149304117,"id_str":"149304117","name":"glen jackson taylor","screen_name":"default","location":"San Francisco","description":"Pattern Recognition","url":"http:\/\/t.co\/4Xj6n6kPSi","entities":{"url":{"urls":[{"url":"http:\/\/t.co\/4Xj6n6kPSi","expanded_url":"http:\/\/defaultprojects.com","display_url":"defaultprojects.com","indices":[0,22]}]},"description":{"urls":[]}},"protected":false,"followers_count":199,"friends_count":143,"listed_count":8,"created_at":"Fri May 28 23:32:56 +0000 2010","favourites_count":12,"utc_offset":-14400,"time_zone":"Eastern Time (US & Canada)","geo_enabled":false,"verified":false,"statuses_count":678,"lang":"en","contributors_enabled":false,"is_translator":false,"is_translation_enabled":false,"profile_background_color":"E8ECED","profile_background_image_url":"http:\/\/pbs.twimg.com\/profile_background_images\/217032885\/blackboard.jpg","profile_background_image_url_https":"https:\/\/pbs.twimg.com\/profile_background_images\/217032885\/blackboard.jpg","profile_background_tile":true,"profile_image_url":"http:\/\/pbs.twimg.com\/profile_images\/485448559357984768\/BQQXsmRM_normal.png","profile_image_url_https":"https:\/\/pbs.twimg.com\/profile_images\/485448559357984768\/BQQXsmRM_normal.png","profile_banner_url":"https:\/\/pbs.twimg.com\/profile_banners\/149304117\/1404563621","profile_link_color":"1E94B8","profile_sidebar_border_color":"E8ECED","profile_sidebar_fill_color":"1B1C1C","profile_text_color":"706C70","profile_use_background_image":true,"has_extended_profile":false,"default_profile":false,"default_profile_image":false,"following":false,"follow_request_sent":false,"notifications":false},"geo":null,"coordinates":null,"place":null,"contributors":null,"is_quote_status":false,"retweet_count":0,"favorite_count":2,"entities":{"hashtags":[],"symbols":[],"user_mentions":[],"urls":[{"url":"https:\/\/t.co\/8swhSXemaj","expanded_url":"https:\/\/www.youtube.com\/watch?v=nkeFJgQDpjQ","display_url":"youtube.com\/watch?v=nkeFJg\u2026","indices":[49,72]}]},"favorited":false,"retweeted":false,"possibly_sensitive":false,"lang":"en"},{"created_at":"Mon Feb 29 15:04:45 +0000 2016","id":704321413176434688,"id_str":"704321413176434688","text":"Leaping Bunny! #LeapYear #GoogleDoodle https:\/\/t.co\/QPX6j5n36U","truncated":false,"source":"\u003ca href=\"http:\/\/twitter.com\" rel=\"nofollow\"\u003eTwitter Web Client\u003c\/a\u003e","in_reply_to_status_id":null,"in_reply_to_status_id_str":null,"in_reply_to_user_id":null,"in_reply_to_user_id_str":null,"in_reply_to_screen_name":null,"user":{"id":149304117,"id_str":"149304117","name":"glen jackson taylor","screen_name":"default","location":"San Francisco","description":"Pattern Recognition","url":"http:\/\/t.co\/4Xj6n6kPSi","entities":{"url":{"urls":[{"url":"http:\/\/t.co\/4Xj6n6kPSi","expanded_url":"http:\/\/defaultprojects.com","display_url":"defaultprojects.com","indices":[0,22]}]},"description":{"urls":[]}},"protected":false,"followers_count":199,"friends_count":143,"listed_count":8,"created_at":"Fri May 28 23:32:56 +0000 2010","favourites_count":12,"utc_offset":-14400,"time_zone":"Eastern Time (US & Canada)","geo_enabled":false,"verified":false,"statuses_count":678,"lang":"en","contributors_enabled":false,"is_translator":false,"is_translation_enabled":false,"profile_background_color":"E8ECED","profile_background_image_url":"http:\/\/pbs.twimg.com\/profile_background_images\/217032885\/blackboard.jpg","profile_background_image_url_https":"https:\/\/pbs.twimg.com\/profile_background_images\/217032885\/blackboard.jpg","profile_background_tile":true,"profile_image_url":"http:\/\/pbs.twimg.com\/profile_images\/485448559357984768\/BQQXsmRM_normal.png","profile_image_url_https":"https:\/\/pbs.twimg.com\/profile_images\/485448559357984768\/BQQXsmRM_normal.png","profile_banner_url":"https:\/\/pbs.twimg.com\/profile_banners\/149304117\/1404563621","profile_link_color":"1E94B8","profile_sidebar_border_color":"E8ECED","profile_sidebar_fill_color":"1B1C1C","profile_text_color":"706C70","profile_use_background_image":true,"has_extended_profile":false,"default_profile":false,"default_profile_image":false,"following":false,"follow_request_sent":false,"notifications":false},"geo":null,"coordinates":null,"place":null,"contributors":null,"is_quote_status":false,"retweet_count":0,"favorite_count":0,"entities":{"hashtags":[{"text":"LeapYear","indices":[15,24]},{"text":"GoogleDoodle","indices":[25,38]}],"symbols":[],"user_mentions":[],"urls":[],"media":[{"id":704321357148852224,"id_str":"704321357148852224","indices":[39,62],"media_url":"http:\/\/pbs.twimg.com\/tweet_video_thumb\/CcZAiuyUEAA9hVs.jpg","media_url_https":"https:\/\/pbs.twimg.com\/tweet_video_thumb\/CcZAiuyUEAA9hVs.jpg","url":"https:\/\/t.co\/QPX6j5n36U","display_url":"pic.twitter.com\/QPX6j5n36U","expanded_url":"http:\/\/twitter.com\/default\/status\/704321413176434688\/photo\/1","type":"photo","sizes":{"medium":{"w":600,"h":240,"resize":"fit"},"small":{"w":340,"h":136,"resize":"fit"},"thumb":{"w":150,"h":150,"resize":"crop"},"large":{"w":1000,"h":400,"resize":"fit"}}}]},"extended_entities":{"media":[{"id":704321357148852224,"id_str":"704321357148852224","indices":[39,62],"media_url":"http:\/\/pbs.twimg.com\/tweet_video_thumb\/CcZAiuyUEAA9hVs.jpg","media_url_https":"https:\/\/pbs.twimg.com\/tweet_video_thumb\/CcZAiuyUEAA9hVs.jpg","url":"https:\/\/t.co\/QPX6j5n36U","display_url":"pic.twitter.com\/QPX6j5n36U","expanded_url":"http:\/\/twitter.com\/default\/status\/704321413176434688\/photo\/1","type":"animated_gif","sizes":{"medium":{"w":600,"h":240,"resize":"fit"},"small":{"w":340,"h":136,"resize":"fit"},"thumb":{"w":150,"h":150,"resize":"crop"},"large":{"w":1000,"h":400,"resize":"fit"}},"video_info":{"aspect_ratio":[5,2],"variants":[{"bitrate":0,"content_type":"video\/mp4","url":"https:\/\/pbs.twimg.com\/tweet_video\/CcZAiuyUEAA9hVs.mp4"}]}}]},"favorited":false,"retweeted":false,"possibly_sensitive":false,"lang":"en"},{"created_at":"Thu Dec 03 02:58:29 +0000 2015","id":672248509924425729,"id_str":"672248509924425729","text":"Nice to see @nervous_system working with New Balance on their custom 3D-printed midsole: https:\/\/t.co\/pRfTFSbdEn https:\/\/t.co\/GsCMAbrmfD","truncated":false,"source":"\u003ca href=\"http:\/\/twitter.com\" rel=\"nofollow\"\u003eTwitter Web Client\u003c\/a\u003e","in_reply_to_status_id":null,"in_reply_to_status_id_str":null,"in_reply_to_user_id":null,"in_reply_to_user_id_str":null,"in_reply_to_screen_name":null,"user":{"id":149304117,"id_str":"149304117","name":"glen jackson taylor","screen_name":"default","location":"San Francisco","description":"Pattern Recognition","url":"http:\/\/t.co\/4Xj6n6kPSi","entities":{"url":{"urls":[{"url":"http:\/\/t.co\/4Xj6n6kPSi","expanded_url":"http:\/\/defaultprojects.com","display_url":"defaultprojects.com","indices":[0,22]}]},"description":{"urls":[]}},"protected":false,"followers_count":199,"friends_count":143,"listed_count":8,"created_at":"Fri May 28 23:32:56 +0000 2010","favourites_count":12,"utc_offset":-14400,"time_zone":"Eastern Time (US & Canada)","geo_enabled":false,"verified":false,"statuses_count":678,"lang":"en","contributors_enabled":false,"is_translator":false,"is_translation_enabled":false,"profile_background_color":"E8ECED","profile_background_image_url":"http:\/\/pbs.twimg.com\/profile_background_images\/217032885\/blackboard.jpg","profile_background_image_url_https":"https:\/\/pbs.twimg.com\/profile_background_images\/217032885\/blackboard.jpg","profile_background_tile":true,"profile_image_url":"http:\/\/pbs.twimg.com\/profile_images\/485448559357984768\/BQQXsmRM_normal.png","profile_image_url_https":"https:\/\/pbs.twimg.com\/profile_images\/485448559357984768\/BQQXsmRM_normal.png","profile_banner_url":"https:\/\/pbs.twimg.com\/profile_banners\/149304117\/1404563621","profile_link_color":"1E94B8","profile_sidebar_border_color":"E8ECED","profile_sidebar_fill_color":"1B1C1C","profile_text_color":"706C70","profile_use_background_image":true,"has_extended_profile":false,"default_profile":false,"default_profile_image":false,"following":false,"follow_request_sent":false,"notifications":false},"geo":null,"coordinates":null,"place":null,"contributors":null,"is_quote_status":false,"retweet_count":0,"favorite_count":2,"entities":{"hashtags":[],"symbols":[],"user_mentions":[{"screen_name":"nervous_system","name":"Nervous System","id":46509329,"id_str":"46509329","indices":[12,27]}],"urls":[{"url":"https:\/\/t.co\/pRfTFSbdEn","expanded_url":"http:\/\/www.newbalance.com\/article?id=4041","display_url":"newbalance.com\/article?id=4041","indices":[89,112]}],"media":[{"id":672248508049559554,"id_str":"672248508049559554","indices":[113,136],"media_url":"http:\/\/pbs.twimg.com\/tweet_video_thumb\/CVROdNMUkAIvpVe.png","media_url_https":"https:\/\/pbs.twimg.com\/tweet_video_thumb\/CVROdNMUkAIvpVe.png","url":"https:\/\/t.co\/GsCMAbrmfD","display_url":"pic.twitter.com\/GsCMAbrmfD","expanded_url":"http:\/\/twitter.com\/default\/status\/672248509924425729\/photo\/1","type":"photo","sizes":{"medium":{"w":600,"h":338,"resize":"fit"},"thumb":{"w":150,"h":150,"resize":"crop"},"large":{"w":700,"h":394,"resize":"fit"},"small":{"w":340,"h":191,"resize":"fit"}}}]},"extended_entities":{"media":[{"id":672248508049559554,"id_str":"672248508049559554","indices":[113,136],"media_url":"http:\/\/pbs.twimg.com\/tweet_video_thumb\/CVROdNMUkAIvpVe.png","media_url_https":"https:\/\/pbs.twimg.com\/tweet_video_thumb\/CVROdNMUkAIvpVe.png","url":"https:\/\/t.co\/GsCMAbrmfD","display_url":"pic.twitter.com\/GsCMAbrmfD","expanded_url":"http:\/\/twitter.com\/default\/status\/672248509924425729\/photo\/1","type":"animated_gif","sizes":{"medium":{"w":600,"h":338,"resize":"fit"},"thumb":{"w":150,"h":150,"resize":"crop"},"large":{"w":700,"h":394,"resize":"fit"},"small":{"w":340,"h":191,"resize":"fit"}},"video_info":{"aspect_ratio":[350,197],"variants":[{"bitrate":0,"content_type":"video\/mp4","url":"https:\/\/pbs.twimg.com\/tweet_video\/CVROdNMUkAIvpVe.mp4"}]}}]},"favorited":false,"retweeted":false,"possibly_sensitive":false,"lang":"en"},{"created_at":"Sat Oct 31 15:46:06 +0000 2015","id":660482890388508672,"id_str":"660482890388508672","text":"#HappyHalloween - @babooncreation killed it with their #31HorrorDays animated gif series! https:\/\/t.co\/STFuTC09ng","truncated":false,"source":"\u003ca href=\"http:\/\/twitter.com\" rel=\"nofollow\"\u003eTwitter Web Client\u003c\/a\u003e","in_reply_to_status_id":null,"in_reply_to_status_id_str":null,"in_reply_to_user_id":null,"in_reply_to_user_id_str":null,"in_reply_to_screen_name":null,"user":{"id":149304117,"id_str":"149304117","name":"glen jackson taylor","screen_name":"default","location":"San Francisco","description":"Pattern Recognition","url":"http:\/\/t.co\/4Xj6n6kPSi","entities":{"url":{"urls":[{"url":"http:\/\/t.co\/4Xj6n6kPSi","expanded_url":"http:\/\/defaultprojects.com","display_url":"defaultprojects.com","indices":[0,22]}]},"description":{"urls":[]}},"protected":false,"followers_count":199,"friends_count":143,"listed_count":8,"created_at":"Fri May 28 23:32:56 +0000 2010","favourites_count":12,"utc_offset":-14400,"time_zone":"Eastern Time (US & Canada)","geo_enabled":false,"verified":false,"statuses_count":678,"lang":"en","contributors_enabled":false,"is_translator":false,"is_translation_enabled":false,"profile_background_color":"E8ECED","profile_background_image_url":"http:\/\/pbs.twimg.com\/profile_background_images\/217032885\/blackboard.jpg","profile_background_image_url_https":"https:\/\/pbs.twimg.com\/profile_background_images\/217032885\/blackboard.jpg","profile_background_tile":true,"profile_image_url":"http:\/\/pbs.twimg.com\/profile_images\/485448559357984768\/BQQXsmRM_normal.png","profile_image_url_https":"https:\/\/pbs.twimg.com\/profile_images\/485448559357984768\/BQQXsmRM_normal.png","profile_banner_url":"https:\/\/pbs.twimg.com\/profile_banners\/149304117\/1404563621","profile_link_color":"1E94B8","profile_sidebar_border_color":"E8ECED","profile_sidebar_fill_color":"1B1C1C","profile_text_color":"706C70","profile_use_background_image":true,"has_extended_profile":false,"default_profile":false,"default_profile_image":false,"following":false,"follow_request_sent":false,"notifications":false},"geo":null,"coordinates":null,"place":null,"contributors":null,"is_quote_status":false,"retweet_count":0,"favorite_count":2,"entities":{"hashtags":[{"text":"HappyHalloween","indices":[0,15]},{"text":"31HorrorDays","indices":[55,68]}],"symbols":[],"user_mentions":[{"screen_name":"babooncreation","name":"Baboon Creation","id":117128598,"id_str":"117128598","indices":[18,33]}],"urls":[],"media":[{"id":660482888970821632,"id_str":"660482888970821632","indices":[90,113],"media_url":"http:\/\/pbs.twimg.com\/tweet_video_thumb\/CSqBsClUYAARZYv.png","media_url_https":"https:\/\/pbs.twimg.com\/tweet_video_thumb\/CSqBsClUYAARZYv.png","url":"https:\/\/t.co\/STFuTC09ng","display_url":"pic.twitter.com\/STFuTC09ng","expanded_url":"http:\/\/twitter.com\/default\/status\/660482890388508672\/photo\/1","type":"photo","sizes":{"thumb":{"w":150,"h":150,"resize":"crop"},"large":{"w":800,"h":380,"resize":"fit"},"small":{"w":340,"h":162,"resize":"fit"},"medium":{"w":600,"h":285,"resize":"fit"}}}]},"extended_entities":{"media":[{"id":660482888970821632,"id_str":"660482888970821632","indices":[90,113],"media_url":"http:\/\/pbs.twimg.com\/tweet_video_thumb\/CSqBsClUYAARZYv.png","media_url_https":"https:\/\/pbs.twimg.com\/tweet_video_thumb\/CSqBsClUYAARZYv.png","url":"https:\/\/t.co\/STFuTC09ng","display_url":"pic.twitter.com\/STFuTC09ng","expanded_url":"http:\/\/twitter.com\/default\/status\/660482890388508672\/photo\/1","type":"animated_gif","sizes":{"thumb":{"w":150,"h":150,"resize":"crop"},"large":{"w":800,"h":380,"resize":"fit"},"small":{"w":340,"h":162,"resize":"fit"},"medium":{"w":600,"h":285,"resize":"fit"}},"video_info":{"aspect_ratio":[40,19],"variants":[{"bitrate":0,"content_type":"video\/mp4","url":"https:\/\/pbs.twimg.com\/tweet_video\/CSqBsClUYAARZYv.mp4"}]}}]},"favorited":false,"retweeted":false,"possibly_sensitive":false,"lang":"en"},{"created_at":"Sat Oct 31 02:08:59 +0000 2015","id":660277254413357057,"id_str":"660277254413357057","text":"Looking forward to presenting a breakout session with my team at https:\/\/t.co\/5gd9TRmlE2 next month. #PioneerMode https:\/\/t.co\/2a57aieqUF","truncated":false,"source":"\u003ca href=\"http:\/\/twitter.com\" rel=\"nofollow\"\u003eTwitter Web Client\u003c\/a\u003e","in_reply_to_status_id":null,"in_reply_to_status_id_str":null,"in_reply_to_user_id":null,"in_reply_to_user_id_str":null,"in_reply_to_screen_name":null,"user":{"id":149304117,"id_str":"149304117","name":"glen jackson taylor","screen_name":"default","location":"San Francisco","description":"Pattern Recognition","url":"http:\/\/t.co\/4Xj6n6kPSi","entities":{"url":{"urls":[{"url":"http:\/\/t.co\/4Xj6n6kPSi","expanded_url":"http:\/\/defaultprojects.com","display_url":"defaultprojects.com","indices":[0,22]}]},"description":{"urls":[]}},"protected":false,"followers_count":199,"friends_count":143,"listed_count":8,"created_at":"Fri May 28 23:32:56 +0000 2010","favourites_count":12,"utc_offset":-14400,"time_zone":"Eastern Time (US & Canada)","geo_enabled":false,"verified":false,"statuses_count":678,"lang":"en","contributors_enabled":false,"is_translator":false,"is_translation_enabled":false,"profile_background_color":"E8ECED","profile_background_image_url":"http:\/\/pbs.twimg.com\/profile_background_images\/217032885\/blackboard.jpg","profile_background_image_url_https":"https:\/\/pbs.twimg.com\/profile_background_images\/217032885\/blackboard.jpg","profile_background_tile":true,"profile_image_url":"http:\/\/pbs.twimg.com\/profile_images\/485448559357984768\/BQQXsmRM_normal.png","profile_image_url_https":"https:\/\/pbs.twimg.com\/profile_images\/485448559357984768\/BQQXsmRM_normal.png","profile_banner_url":"https:\/\/pbs.twimg.com\/profile_banners\/149304117\/1404563621","profile_link_color":"1E94B8","profile_sidebar_border_color":"E8ECED","profile_sidebar_fill_color":"1B1C1C","profile_text_color":"706C70","profile_use_background_image":true,"has_extended_profile":false,"default_profile":false,"default_profile_image":false,"following":false,"follow_request_sent":false,"notifications":false},"geo":null,"coordinates":null,"place":null,"contributors":null,"is_quote_status":false,"retweet_count":1,"favorite_count":3,"entities":{"hashtags":[{"text":"PioneerMode","indices":[101,113]}],"symbols":[],"user_mentions":[],"urls":[{"url":"https:\/\/t.co\/5gd9TRmlE2","expanded_url":"http:\/\/pioneermode.com","display_url":"pioneermode.com","indices":[65,88]}],"media":[{"id":660277253704577024,"id_str":"660277253704577024","indices":[114,137],"media_url":"http:\/\/pbs.twimg.com\/media\/CSnGqfhU8AAD3NJ.png","media_url_https":"https:\/\/pbs.twimg.com\/media\/CSnGqfhU8AAD3NJ.png","url":"https:\/\/t.co\/2a57aieqUF","display_url":"pic.twitter.com\/2a57aieqUF","expanded_url":"http:\/\/twitter.com\/default\/status\/660277254413357057\/photo\/1","type":"photo","sizes":{"large":{"w":1024,"h":512,"resize":"fit"},"medium":{"w":600,"h":300,"resize":"fit"},"thumb":{"w":150,"h":150,"resize":"crop"},"small":{"w":340,"h":170,"resize":"fit"}}}]},"extended_entities":{"media":[{"id":660277253704577024,"id_str":"660277253704577024","indices":[114,137],"media_url":"http:\/\/pbs.twimg.com\/media\/CSnGqfhU8AAD3NJ.png","media_url_https":"https:\/\/pbs.twimg.com\/media\/CSnGqfhU8AAD3NJ.png","url":"https:\/\/t.co\/2a57aieqUF","display_url":"pic.twitter.com\/2a57aieqUF","expanded_url":"http:\/\/twitter.com\/default\/status\/660277254413357057\/photo\/1","type":"photo","sizes":{"large":{"w":1024,"h":512,"resize":"fit"},"medium":{"w":600,"h":300,"resize":"fit"},"thumb":{"w":150,"h":150,"resize":"crop"},"small":{"w":340,"h":170,"resize":"fit"}}}]},"favorited":false,"retweeted":false,"possibly_sensitive":false,"lang":"en"},{"created_at":"Fri Oct 30 18:51:53 +0000 2015","id":660167256039518208,"id_str":"660167256039518208","text":"Nice updates to Adam Chang's New York Subway tile signage archive: https:\/\/t.co\/519QLxDMlA https:\/\/t.co\/hl58OIMQ5U","truncated":false,"source":"\u003ca href=\"http:\/\/twitter.com\" rel=\"nofollow\"\u003eTwitter Web Client\u003c\/a\u003e","in_reply_to_status_id":null,"in_reply_to_status_id_str":null,"in_reply_to_user_id":null,"in_reply_to_user_id_str":null,"in_reply_to_screen_name":null,"user":{"id":149304117,"id_str":"149304117","name":"glen jackson taylor","screen_name":"default","location":"San Francisco","description":"Pattern Recognition","url":"http:\/\/t.co\/4Xj6n6kPSi","entities":{"url":{"urls":[{"url":"http:\/\/t.co\/4Xj6n6kPSi","expanded_url":"http:\/\/defaultprojects.com","display_url":"defaultprojects.com","indices":[0,22]}]},"description":{"urls":[]}},"protected":false,"followers_count":199,"friends_count":143,"listed_count":8,"created_at":"Fri May 28 23:32:56 +0000 2010","favourites_count":12,"utc_offset":-14400,"time_zone":"Eastern Time (US & Canada)","geo_enabled":false,"verified":false,"statuses_count":678,"lang":"en","contributors_enabled":false,"is_translator":false,"is_translation_enabled":false,"profile_background_color":"E8ECED","profile_background_image_url":"http:\/\/pbs.twimg.com\/profile_background_images\/217032885\/blackboard.jpg","profile_background_image_url_https":"https:\/\/pbs.twimg.com\/profile_background_images\/217032885\/blackboard.jpg","profile_background_tile":true,"profile_image_url":"http:\/\/pbs.twimg.com\/profile_images\/485448559357984768\/BQQXsmRM_normal.png","profile_image_url_https":"https:\/\/pbs.twimg.com\/profile_images\/485448559357984768\/BQQXsmRM_normal.png","profile_banner_url":"https:\/\/pbs.twimg.com\/profile_banners\/149304117\/1404563621","profile_link_color":"1E94B8","profile_sidebar_border_color":"E8ECED","profile_sidebar_fill_color":"1B1C1C","profile_text_color":"706C70","profile_use_background_image":true,"has_extended_profile":false,"default_profile":false,"default_profile_image":false,"following":false,"follow_request_sent":false,"notifications":false},"geo":null,"coordinates":null,"place":null,"contributors":null,"is_quote_status":false,"retweet_count":0,"favorite_count":1,"entities":{"hashtags":[],"symbols":[],"user_mentions":[],"urls":[{"url":"https:\/\/t.co\/519QLxDMlA","expanded_url":"http:\/\/nytrainproject.com","display_url":"nytrainproject.com","indices":[67,90]}],"media":[{"id":660167255548821505,"id_str":"660167255548821505","indices":[91,114],"media_url":"http:\/\/pbs.twimg.com\/media\/CSlinwdVAAE-C8Q.jpg","media_url_https":"https:\/\/pbs.twimg.com\/media\/CSlinwdVAAE-C8Q.jpg","url":"https:\/\/t.co\/hl58OIMQ5U","display_url":"pic.twitter.com\/hl58OIMQ5U","expanded_url":"http:\/\/twitter.com\/default\/status\/660167256039518208\/photo\/1","type":"photo","sizes":{"thumb":{"w":150,"h":150,"resize":"crop"},"large":{"w":1024,"h":512,"resize":"fit"},"medium":{"w":600,"h":300,"resize":"fit"},"small":{"w":340,"h":170,"resize":"fit"}}}]},"extended_entities":{"media":[{"id":660167255548821505,"id_str":"660167255548821505","indices":[91,114],"media_url":"http:\/\/pbs.twimg.com\/media\/CSlinwdVAAE-C8Q.jpg","media_url_https":"https:\/\/pbs.twimg.com\/media\/CSlinwdVAAE-C8Q.jpg","url":"https:\/\/t.co\/hl58OIMQ5U","display_url":"pic.twitter.com\/hl58OIMQ5U","expanded_url":"http:\/\/twitter.com\/default\/status\/660167256039518208\/photo\/1","type":"photo","sizes":{"thumb":{"w":150,"h":150,"resize":"crop"},"large":{"w":1024,"h":512,"resize":"fit"},"medium":{"w":600,"h":300,"resize":"fit"},"small":{"w":340,"h":170,"resize":"fit"}}}]},"favorited":false,"retweeted":false,"possibly_sensitive":false,"lang":"en"},{"created_at":"Sat Aug 08 20:57:25 +0000 2015","id":630120654302412800,"id_str":"630120654302412800","text":"RT @PioneerMode: Study: Women More Successful Than Men at #Crowdfunding Online via @kickstarter @Indiegogo http:\/\/t.co\/MK4Y9e6Egx http:\/\/t.\u2026","truncated":false,"source":"\u003ca href=\"http:\/\/twitter.com\" rel=\"nofollow\"\u003eTwitter Web Client\u003c\/a\u003e","in_reply_to_status_id":null,"in_reply_to_status_id_str":null,"in_reply_to_user_id":null,"in_reply_to_user_id_str":null,"in_reply_to_screen_name":null,"user":{"id":149304117,"id_str":"149304117","name":"glen jackson taylor","screen_name":"default","location":"San Francisco","description":"Pattern Recognition","url":"http:\/\/t.co\/4Xj6n6kPSi","entities":{"url":{"urls":[{"url":"http:\/\/t.co\/4Xj6n6kPSi","expanded_url":"http:\/\/defaultprojects.com","display_url":"defaultprojects.com","indices":[0,22]}]},"description":{"urls":[]}},"protected":false,"followers_count":199,"friends_count":143,"listed_count":8,"created_at":"Fri May 28 23:32:56 +0000 2010","favourites_count":12,"utc_offset":-14400,"time_zone":"Eastern Time (US & Canada)","geo_enabled":false,"verified":false,"statuses_count":678,"lang":"en","contributors_enabled":false,"is_translator":false,"is_translation_enabled":false,"profile_background_color":"E8ECED","profile_background_image_url":"http:\/\/pbs.twimg.com\/profile_background_images\/217032885\/blackboard.jpg","profile_background_image_url_https":"https:\/\/pbs.twimg.com\/profile_background_images\/217032885\/blackboard.jpg","profile_background_tile":true,"profile_image_url":"http:\/\/pbs.twimg.com\/profile_images\/485448559357984768\/BQQXsmRM_normal.png","profile_image_url_https":"https:\/\/pbs.twimg.com\/profile_images\/485448559357984768\/BQQXsmRM_normal.png","profile_banner_url":"https:\/\/pbs.twimg.com\/profile_banners\/149304117\/1404563621","profile_link_color":"1E94B8","profile_sidebar_border_color":"E8ECED","profile_sidebar_fill_color":"1B1C1C","profile_text_color":"706C70","profile_use_background_image":true,"has_extended_profile":false,"default_profile":false,"default_profile_image":false,"following":false,"follow_request_sent":false,"notifications":false},"geo":null,"coordinates":null,"place":null,"contributors":null,"retweeted_status":{"created_at":"Wed Aug 05 19:57:27 +0000 2015","id":629018399478272000,"id_str":"629018399478272000","text":"Study: Women More Successful Than Men at #Crowdfunding Online via @kickstarter @Indiegogo http:\/\/t.co\/MK4Y9e6Egx http:\/\/t.co\/KYqMZUdjeo","truncated":false,"source":"\u003ca href=\"http:\/\/twitter.com\" rel=\"nofollow\"\u003eTwitter Web Client\u003c\/a\u003e","in_reply_to_status_id":null,"in_reply_to_status_id_str":null,"in_reply_to_user_id":null,"in_reply_to_user_id_str":null,"in_reply_to_screen_name":null,"user":{"id":3116128930,"id_str":"3116128930","name":"Pioneer Mode","screen_name":"PioneerMode","location":"New York City","description":"The first conference and community platform for the fashion industry connecting the desire for change with the people who make change happen.","url":"https:\/\/t.co\/f4tmsmuJuE","entities":{"url":{"urls":[{"url":"https:\/\/t.co\/f4tmsmuJuE","expanded_url":"http:\/\/www.pioneermode.com\/","display_url":"pioneermode.com","indices":[0,23]}]},"description":{"urls":[]}},"protected":false,"followers_count":217,"friends_count":389,"listed_count":32,"created_at":"Wed Mar 25 21:53:44 +0000 2015","favourites_count":214,"utc_offset":null,"time_zone":null,"geo_enabled":false,"verified":false,"statuses_count":735,"lang":"en","contributors_enabled":false,"is_translator":false,"is_translation_enabled":false,"profile_background_color":"000000","profile_background_image_url":"http:\/\/abs.twimg.com\/images\/themes\/theme1\/bg.png","profile_background_image_url_https":"https:\/\/abs.twimg.com\/images\/themes\/theme1\/bg.png","profile_background_tile":false,"profile_image_url":"http:\/\/pbs.twimg.com\/profile_images\/701799497794359297\/FXsf5KkH_normal.jpg","profile_image_url_https":"https:\/\/pbs.twimg.com\/profile_images\/701799497794359297\/FXsf5KkH_normal.jpg","profile_banner_url":"https:\/\/pbs.twimg.com\/profile_banners\/3116128930\/1456158799","profile_link_color":"ABB8C2","profile_sidebar_border_color":"000000","profile_sidebar_fill_color":"000000","profile_text_color":"000000","profile_use_background_image":false,"has_extended_profile":false,"default_profile":false,"default_profile_image":false,"following":false,"follow_request_sent":false,"notifications":false},"geo":null,"coordinates":null,"place":null,"contributors":null,"is_quote_status":false,"retweet_count":1,"favorite_count":0,"entities":{"hashtags":[{"text":"Crowdfunding","indices":[41,54]}],"symbols":[],"user_mentions":[{"screen_name":"kickstarter","name":"Kickstarter","id":16186995,"id_str":"16186995","indices":[66,78]},{"screen_name":"Indiegogo","name":"Indiegogo","id":34732474,"id_str":"34732474","indices":[79,89]}],"urls":[{"url":"http:\/\/t.co\/MK4Y9e6Egx","expanded_url":"http:\/\/on.wsj.com\/1MChv0b","display_url":"on.wsj.com\/1MChv0b","indices":[90,112]}],"media":[{"id":629018398979026944,"id_str":"629018398979026944","indices":[113,135],"media_url":"http:\/\/pbs.twimg.com\/media\/CLq45rRUcAAgzMo.png","media_url_https":"https:\/\/pbs.twimg.com\/media\/CLq45rRUcAAgzMo.png","url":"http:\/\/t.co\/KYqMZUdjeo","display_url":"pic.twitter.com\/KYqMZUdjeo","expanded_url":"http:\/\/twitter.com\/PioneerMode\/status\/629018399478272000\/photo\/1","type":"photo","sizes":{"medium":{"w":551,"h":564,"resize":"fit"},"large":{"w":551,"h":564,"resize":"fit"},"thumb":{"w":150,"h":150,"resize":"crop"},"small":{"w":340,"h":348,"resize":"fit"}}}]},"extended_entities":{"media":[{"id":629018398979026944,"id_str":"629018398979026944","indices":[113,135],"media_url":"http:\/\/pbs.twimg.com\/media\/CLq45rRUcAAgzMo.png","media_url_https":"https:\/\/pbs.twimg.com\/media\/CLq45rRUcAAgzMo.png","url":"http:\/\/t.co\/KYqMZUdjeo","display_url":"pic.twitter.com\/KYqMZUdjeo","expanded_url":"http:\/\/twitter.com\/PioneerMode\/status\/629018399478272000\/photo\/1","type":"photo","sizes":{"medium":{"w":551,"h":564,"resize":"fit"},"large":{"w":551,"h":564,"resize":"fit"},"thumb":{"w":150,"h":150,"resize":"crop"},"small":{"w":340,"h":348,"resize":"fit"}}}]},"favorited":false,"retweeted":false,"possibly_sensitive":false,"lang":"en"},"is_quote_status":false,"retweet_count":1,"favorite_count":0,"entities":{"hashtags":[{"text":"Crowdfunding","indices":[58,71]}],"symbols":[],"user_mentions":[{"screen_name":"PioneerMode","name":"Pioneer Mode","id":3116128930,"id_str":"3116128930","indices":[3,15]},{"screen_name":"kickstarter","name":"Kickstarter","id":16186995,"id_str":"16186995","indices":[83,95]},{"screen_name":"Indiegogo","name":"Indiegogo","id":34732474,"id_str":"34732474","indices":[96,106]}],"urls":[{"url":"http:\/\/t.co\/MK4Y9e6Egx","expanded_url":"http:\/\/on.wsj.com\/1MChv0b","display_url":"on.wsj.com\/1MChv0b","indices":[107,129]}],"media":[{"id":629018398979026944,"id_str":"629018398979026944","indices":[139,140],"media_url":"http:\/\/pbs.twimg.com\/media\/CLq45rRUcAAgzMo.png","media_url_https":"https:\/\/pbs.twimg.com\/media\/CLq45rRUcAAgzMo.png","url":"http:\/\/t.co\/KYqMZUdjeo","display_url":"pic.twitter.com\/KYqMZUdjeo","expanded_url":"http:\/\/twitter.com\/PioneerMode\/status\/629018399478272000\/photo\/1","type":"photo","sizes":{"medium":{"w":551,"h":564,"resize":"fit"},"large":{"w":551,"h":564,"resize":"fit"},"thumb":{"w":150,"h":150,"resize":"crop"},"small":{"w":340,"h":348,"resize":"fit"}},"source_status_id":629018399478272000,"source_status_id_str":"629018399478272000","source_user_id":3116128930,"source_user_id_str":"3116128930"}]},"extended_entities":{"media":[{"id":629018398979026944,"id_str":"629018398979026944","indices":[139,140],"media_url":"http:\/\/pbs.twimg.com\/media\/CLq45rRUcAAgzMo.png","media_url_https":"https:\/\/pbs.twimg.com\/media\/CLq45rRUcAAgzMo.png","url":"http:\/\/t.co\/KYqMZUdjeo","display_url":"pic.twitter.com\/KYqMZUdjeo","expanded_url":"http:\/\/twitter.com\/PioneerMode\/status\/629018399478272000\/photo\/1","type":"photo","sizes":{"medium":{"w":551,"h":564,"resize":"fit"},"large":{"w":551,"h":564,"resize":"fit"},"thumb":{"w":150,"h":150,"resize":"crop"},"small":{"w":340,"h":348,"resize":"fit"}},"source_status_id":629018399478272000,"source_status_id_str":"629018399478272000","source_user_id":3116128930,"source_user_id_str":"3116128930"}]},"favorited":false,"retweeted":false,"possibly_sensitive":false,"lang":"en"},{"created_at":"Thu Aug 06 15:22:28 +0000 2015","id":629311582741250048,"id_str":"629311582741250048","text":"Soylent is mental illness as a service: http:\/\/t.co\/pCREgjYhuI","truncated":false,"source":"\u003ca href=\"http:\/\/twitter.com\" rel=\"nofollow\"\u003eTwitter Web Client\u003c\/a\u003e","in_reply_to_status_id":null,"in_reply_to_status_id_str":null,"in_reply_to_user_id":null,"in_reply_to_user_id_str":null,"in_reply_to_screen_name":null,"user":{"id":149304117,"id_str":"149304117","name":"glen jackson taylor","screen_name":"default","location":"San Francisco","description":"Pattern Recognition","url":"http:\/\/t.co\/4Xj6n6kPSi","entities":{"url":{"urls":[{"url":"http:\/\/t.co\/4Xj6n6kPSi","expanded_url":"http:\/\/defaultprojects.com","display_url":"defaultprojects.com","indices":[0,22]}]},"description":{"urls":[]}},"protected":false,"followers_count":199,"friends_count":143,"listed_count":8,"created_at":"Fri May 28 23:32:56 +0000 2010","favourites_count":12,"utc_offset":-14400,"time_zone":"Eastern Time (US & Canada)","geo_enabled":false,"verified":false,"statuses_count":678,"lang":"en","contributors_enabled":false,"is_translator":false,"is_translation_enabled":false,"profile_background_color":"E8ECED","profile_background_image_url":"http:\/\/pbs.twimg.com\/profile_background_images\/217032885\/blackboard.jpg","profile_background_image_url_https":"https:\/\/pbs.twimg.com\/profile_background_images\/217032885\/blackboard.jpg","profile_background_tile":true,"profile_image_url":"http:\/\/pbs.twimg.com\/profile_images\/485448559357984768\/BQQXsmRM_normal.png","profile_image_url_https":"https:\/\/pbs.twimg.com\/profile_images\/485448559357984768\/BQQXsmRM_normal.png","profile_banner_url":"https:\/\/pbs.twimg.com\/profile_banners\/149304117\/1404563621","profile_link_color":"1E94B8","profile_sidebar_border_color":"E8ECED","profile_sidebar_fill_color":"1B1C1C","profile_text_color":"706C70","profile_use_background_image":true,"has_extended_profile":false,"default_profile":false,"default_profile_image":false,"following":false,"follow_request_sent":false,"notifications":false},"geo":null,"coordinates":null,"place":null,"contributors":null,"is_quote_status":false,"retweet_count":0,"favorite_count":1,"entities":{"hashtags":[],"symbols":[],"user_mentions":[],"urls":[{"url":"http:\/\/t.co\/pCREgjYhuI","expanded_url":"http:\/\/thenextweb.com\/opinion\/2015\/08\/04\/drink-your-feelings-bros\/","display_url":"thenextweb.com\/opinion\/2015\/0\u2026","indices":[40,62]}]},"favorited":false,"retweeted":false,"possibly_sensitive":false,"lang":"en"},{"created_at":"Thu Jul 23 14:18:17 +0000 2015","id":624222002727923713,"id_str":"624222002727923713","text":"Drones with cameras: http:\/\/t.co\/ErcnUWi6CA http:\/\/t.co\/yyrtkM1SGs","truncated":false,"source":"\u003ca href=\"http:\/\/twitter.com\" rel=\"nofollow\"\u003eTwitter Web Client\u003c\/a\u003e","in_reply_to_status_id":null,"in_reply_to_status_id_str":null,"in_reply_to_user_id":null,"in_reply_to_user_id_str":null,"in_reply_to_screen_name":null,"user":{"id":149304117,"id_str":"149304117","name":"glen jackson taylor","screen_name":"default","location":"San Francisco","description":"Pattern Recognition","url":"http:\/\/t.co\/4Xj6n6kPSi","entities":{"url":{"urls":[{"url":"http:\/\/t.co\/4Xj6n6kPSi","expanded_url":"http:\/\/defaultprojects.com","display_url":"defaultprojects.com","indices":[0,22]}]},"description":{"urls":[]}},"protected":false,"followers_count":199,"friends_count":143,"listed_count":8,"created_at":"Fri May 28 23:32:56 +0000 2010","favourites_count":12,"utc_offset":-14400,"time_zone":"Eastern Time (US & Canada)","geo_enabled":false,"verified":false,"statuses_count":678,"lang":"en","contributors_enabled":false,"is_translator":false,"is_translation_enabled":false,"profile_background_color":"E8ECED","profile_background_image_url":"http:\/\/pbs.twimg.com\/profile_background_images\/217032885\/blackboard.jpg","profile_background_image_url_https":"https:\/\/pbs.twimg.com\/profile_background_images\/217032885\/blackboard.jpg","profile_background_tile":true,"profile_image_url":"http:\/\/pbs.twimg.com\/profile_images\/485448559357984768\/BQQXsmRM_normal.png","profile_image_url_https":"https:\/\/pbs.twimg.com\/profile_images\/485448559357984768\/BQQXsmRM_normal.png","profile_banner_url":"https:\/\/pbs.twimg.com\/profile_banners\/149304117\/1404563621","profile_link_color":"1E94B8","profile_sidebar_border_color":"E8ECED","profile_sidebar_fill_color":"1B1C1C","profile_text_color":"706C70","profile_use_background_image":true,"has_extended_profile":false,"default_profile":false,"default_profile_image":false,"following":false,"follow_request_sent":false,"notifications":false},"geo":null,"coordinates":null,"place":null,"contributors":null,"is_quote_status":false,"retweet_count":0,"favorite_count":0,"entities":{"hashtags":[],"symbols":[],"user_mentions":[],"urls":[{"url":"http:\/\/t.co\/ErcnUWi6CA","expanded_url":"http:\/\/www.dronestagr.am","display_url":"dronestagr.am","indices":[21,43]}],"media":[{"id":624222002216210432,"id_str":"624222002216210432","indices":[44,66],"media_url":"http:\/\/pbs.twimg.com\/media\/CKmumo8UkAANwZw.jpg","media_url_https":"https:\/\/pbs.twimg.com\/media\/CKmumo8UkAANwZw.jpg","url":"http:\/\/t.co\/yyrtkM1SGs","display_url":"pic.twitter.com\/yyrtkM1SGs","expanded_url":"http:\/\/twitter.com\/default\/status\/624222002727923713\/photo\/1","type":"photo","sizes":{"thumb":{"w":150,"h":150,"resize":"crop"},"large":{"w":1024,"h":512,"resize":"fit"},"medium":{"w":600,"h":300,"resize":"fit"},"small":{"w":340,"h":170,"resize":"fit"}}}]},"extended_entities":{"media":[{"id":624222002216210432,"id_str":"624222002216210432","indices":[44,66],"media_url":"http:\/\/pbs.twimg.com\/media\/CKmumo8UkAANwZw.jpg","media_url_https":"https:\/\/pbs.twimg.com\/media\/CKmumo8UkAANwZw.jpg","url":"http:\/\/t.co\/yyrtkM1SGs","display_url":"pic.twitter.com\/yyrtkM1SGs","expanded_url":"http:\/\/twitter.com\/default\/status\/624222002727923713\/photo\/1","type":"photo","sizes":{"thumb":{"w":150,"h":150,"resize":"crop"},"large":{"w":1024,"h":512,"resize":"fit"},"medium":{"w":600,"h":300,"resize":"fit"},"small":{"w":340,"h":170,"resize":"fit"}}}]},"favorited":false,"retweeted":false,"possibly_sensitive":false,"lang":"en"},{"created_at":"Sat Jul 11 16:15:52 +0000 2015","id":619902939352600576,"id_str":"619902939352600576","text":"This will be epic. Star Wars: The Force Awakens - Comic-Con 2015 Reel: https:\/\/t.co\/zXYHQeXzBN","truncated":false,"source":"\u003ca href=\"http:\/\/twitter.com\" rel=\"nofollow\"\u003eTwitter Web Client\u003c\/a\u003e","in_reply_to_status_id":null,"in_reply_to_status_id_str":null,"in_reply_to_user_id":null,"in_reply_to_user_id_str":null,"in_reply_to_screen_name":null,"user":{"id":149304117,"id_str":"149304117","name":"glen jackson taylor","screen_name":"default","location":"San Francisco","description":"Pattern Recognition","url":"http:\/\/t.co\/4Xj6n6kPSi","entities":{"url":{"urls":[{"url":"http:\/\/t.co\/4Xj6n6kPSi","expanded_url":"http:\/\/defaultprojects.com","display_url":"defaultprojects.com","indices":[0,22]}]},"description":{"urls":[]}},"protected":false,"followers_count":199,"friends_count":143,"listed_count":8,"created_at":"Fri May 28 23:32:56 +0000 2010","favourites_count":12,"utc_offset":-14400,"time_zone":"Eastern Time (US & Canada)","geo_enabled":false,"verified":false,"statuses_count":678,"lang":"en","contributors_enabled":false,"is_translator":false,"is_translation_enabled":false,"profile_background_color":"E8ECED","profile_background_image_url":"http:\/\/pbs.twimg.com\/profile_background_images\/217032885\/blackboard.jpg","profile_background_image_url_https":"https:\/\/pbs.twimg.com\/profile_background_images\/217032885\/blackboard.jpg","profile_background_tile":true,"profile_image_url":"http:\/\/pbs.twimg.com\/profile_images\/485448559357984768\/BQQXsmRM_normal.png","profile_image_url_https":"https:\/\/pbs.twimg.com\/profile_images\/485448559357984768\/BQQXsmRM_normal.png","profile_banner_url":"https:\/\/pbs.twimg.com\/profile_banners\/149304117\/1404563621","profile_link_color":"1E94B8","profile_sidebar_border_color":"E8ECED","profile_sidebar_fill_color":"1B1C1C","profile_text_color":"706C70","profile_use_background_image":true,"has_extended_profile":false,"default_profile":false,"default_profile_image":false,"following":false,"follow_request_sent":false,"notifications":false},"geo":null,"coordinates":null,"place":null,"contributors":null,"is_quote_status":false,"retweet_count":0,"favorite_count":0,"entities":{"hashtags":[],"symbols":[],"user_mentions":[],"urls":[{"url":"https:\/\/t.co\/zXYHQeXzBN","expanded_url":"https:\/\/www.youtube.com\/watch?v=CTNJ51ghzdY&feature=youtu.be","display_url":"youtube.com\/watch?v=CTNJ51\u2026","indices":[71,94]}]},"favorited":false,"retweeted":false,"possibly_sensitive":false,"lang":"en"}]