[{"created_at":"Mon Oct 10 10:02:04 +0000 2016","id":785420121682477056,"id_str":"785420121682477056","text":"This week's Famous 5 checks out 5 famous YouTubers making use of Envato items. https:\/\/t.co\/qAgk2Souwl","truncated":false,"entities":{"hashtags":[],"symbols":[],"user_mentions":[],"urls":[],"media":[{"id":785413135779766272,"id_str":"785413135779766272","indices":[79,102],"media_url":"http:\/\/pbs.twimg.com\/amplify_video_thumb\/785413135779766272\/img\/p9kz6jI5G1u5Akaj.jpg","media_url_https":"https:\/\/pbs.twimg.com\/amplify_video_thumb\/785413135779766272\/img\/p9kz6jI5G1u5Akaj.jpg","url":"https:\/\/t.co\/qAgk2Souwl","display_url":"pic.twitter.com\/qAgk2Souwl","expanded_url":"https:\/\/twitter.com\/envato\/status\/785420121682477056\/video\/1","type":"photo","sizes":{"thumb":{"w":150,"h":150,"resize":"crop"},"medium":{"w":600,"h":338,"resize":"fit"},"small":{"w":340,"h":191,"resize":"fit"},"large":{"w":1024,"h":576,"resize":"fit"}}}]},"extended_entities":{"media":[{"id":785413135779766272,"id_str":"785413135779766272","indices":[79,102],"media_url":"http:\/\/pbs.twimg.com\/amplify_video_thumb\/785413135779766272\/img\/p9kz6jI5G1u5Akaj.jpg","media_url_https":"https:\/\/pbs.twimg.com\/amplify_video_thumb\/785413135779766272\/img\/p9kz6jI5G1u5Akaj.jpg","url":"https:\/\/t.co\/qAgk2Souwl","display_url":"pic.twitter.com\/qAgk2Souwl","expanded_url":"https:\/\/twitter.com\/envato\/status\/785420121682477056\/video\/1","type":"video","sizes":{"thumb":{"w":150,"h":150,"resize":"crop"},"medium":{"w":600,"h":338,"resize":"fit"},"small":{"w":340,"h":191,"resize":"fit"},"large":{"w":1024,"h":576,"resize":"fit"}},"video_info":{"aspect_ratio":[16,9],"duration_millis":348360,"variants":[{"content_type":"application\/dash+xml","url":"https:\/\/video.twimg.com\/amplify_video\/785413135779766272\/pl\/GpVjHa_m1VPFtp13.mpd"},{"bitrate":2176000,"content_type":"video\/mp4","url":"https:\/\/video.twimg.com\/amplify_video\/785413135779766272\/vid\/1280x720\/Pti77gmjIFN-eZB0.mp4"},{"bitrate":832000,"content_type":"video\/mp4","url":"https:\/\/video.twimg.com\/amplify_video\/785413135779766272\/vid\/640x360\/0t0g5YDNZhTaUj96.mp4"},{"content_type":"application\/x-mpegURL","url":"https:\/\/video.twimg.com\/amplify_video\/785413135779766272\/pl\/GpVjHa_m1VPFtp13.m3u8"},{"bitrate":320000,"content_type":"video\/mp4","url":"https:\/\/video.twimg.com\/amplify_video\/785413135779766272\/vid\/320x180\/8hVNcjYzGPJV6MWD.mp4"}]},"additional_media_info":{"title":"Envato Famous Five - 5 Famous YouTubers Who've Used Envato Items","description":"A weekly look at Envato items popping up in famous places; this week, famous YouTubers!","call_to_actions":{"visit_site":{"url":"http:\/\/community.envato.com\/famous-youtube-stars-envato-items\/?utm_source=twitter&utm_medium=social&utm_campaign=social_twtr_envato"}},"embeddable":true,"monetizable":false}}]},"source":"\u003ca href=\"https:\/\/studio.twitter.com\" rel=\"nofollow\"\u003eMedia Studio\u003c\/a\u003e","in_reply_to_status_id":null,"in_reply_to_status_id_str":null,"in_reply_to_user_id":null,"in_reply_to_user_id_str":null,"in_reply_to_screen_name":null,"user":{"id":16582191,"id_str":"16582191","name":"Envato","screen_name":"envato","location":"Melbourne","description":"A global community of designers & developers. #Australian made #startup @envatomarket @tutsplus. Customer support @envato_help","url":"http:\/\/t.co\/5OvUThFPYI","entities":{"url":{"urls":[{"url":"http:\/\/t.co\/5OvUThFPYI","expanded_url":"http:\/\/envato.com","display_url":"envato.com","indices":[0,22]}]},"description":{"urls":[]}},"protected":false,"followers_count":61185,"friends_count":1506,"listed_count":2074,"created_at":"Fri Oct 03 19:11:51 +0000 2008","favourites_count":755,"utc_offset":39600,"time_zone":"Melbourne","geo_enabled":false,"verified":true,"statuses_count":8014,"lang":"en","contributors_enabled":false,"is_translator":false,"is_translation_enabled":false,"profile_background_color":"323435","profile_background_image_url":"http:\/\/pbs.twimg.com\/profile_background_images\/378800000036129044\/4aaf87e960f30537daa1a0a0c3c4fc31.jpeg","profile_background_image_url_https":"https:\/\/pbs.twimg.com\/profile_background_images\/378800000036129044\/4aaf87e960f30537daa1a0a0c3c4fc31.jpeg","profile_background_tile":false,"profile_image_url":"http:\/\/pbs.twimg.com\/profile_images\/655904741617086464\/nwevoHSQ_normal.png","profile_image_url_https":"https:\/\/pbs.twimg.com\/profile_images\/655904741617086464\/nwevoHSQ_normal.png","profile_banner_url":"https:\/\/pbs.twimg.com\/profile_banners\/16582191\/1474952970","profile_link_color":"83B449","profile_sidebar_border_color":"FFFFFF","profile_sidebar_fill_color":"6C9450","profile_text_color":"242424","profile_use_background_image":true,"has_extended_profile":false,"default_profile":false,"default_profile_image":false,"following":false,"follow_request_sent":false,"notifications":false},"geo":null,"coordinates":null,"place":null,"contributors":null,"is_quote_status":false,"retweet_count":1,"favorite_count":3,"favorited":false,"retweeted":false,"possibly_sensitive":false,"lang":"en"},{"created_at":"Mon Oct 10 06:45:20 +0000 2016","id":785370614928465920,"id_str":"785370614928465920","text":"\"Redesigning Chrome Desktop\" by @KounterB, @HubbaDev's \"Reverse Engineering the InVision Interface\" &amp; more. https:\/\/t.co\/u2uG70JFfv","truncated":false,"entities":{"hashtags":[],"symbols":[],"user_mentions":[{"screen_name":"KounterB","name":"Sebastien Gabriel","id":30202336,"id_str":"30202336","indices":[32,41]},{"screen_name":"HubbaDev","name":"Development at Hubba","id":743092393725952000,"id_str":"743092393725952000","indices":[43,52]}],"urls":[{"url":"https:\/\/t.co\/u2uG70JFfv","expanded_url":"http:\/\/enva.to\/L4HQn","display_url":"enva.to\/L4HQn","indices":[112,135]}]},"source":"\u003ca href=\"http:\/\/www.hootsuite.com\" rel=\"nofollow\"\u003eHootsuite\u003c\/a\u003e","in_reply_to_status_id":null,"in_reply_to_status_id_str":null,"in_reply_to_user_id":null,"in_reply_to_user_id_str":null,"in_reply_to_screen_name":null,"user":{"id":16582191,"id_str":"16582191","name":"Envato","screen_name":"envato","location":"Melbourne","description":"A global community of designers & developers. #Australian made #startup @envatomarket @tutsplus. Customer support @envato_help","url":"http:\/\/t.co\/5OvUThFPYI","entities":{"url":{"urls":[{"url":"http:\/\/t.co\/5OvUThFPYI","expanded_url":"http:\/\/envato.com","display_url":"envato.com","indices":[0,22]}]},"description":{"urls":[]}},"protected":false,"followers_count":61185,"friends_count":1506,"listed_count":2074,"created_at":"Fri Oct 03 19:11:51 +0000 2008","favourites_count":755,"utc_offset":39600,"time_zone":"Melbourne","geo_enabled":false,"verified":true,"statuses_count":8014,"lang":"en","contributors_enabled":false,"is_translator":false,"is_translation_enabled":false,"profile_background_color":"323435","profile_background_image_url":"http:\/\/pbs.twimg.com\/profile_background_images\/378800000036129044\/4aaf87e960f30537daa1a0a0c3c4fc31.jpeg","profile_background_image_url_https":"https:\/\/pbs.twimg.com\/profile_background_images\/378800000036129044\/4aaf87e960f30537daa1a0a0c3c4fc31.jpeg","profile_background_tile":false,"profile_image_url":"http:\/\/pbs.twimg.com\/profile_images\/655904741617086464\/nwevoHSQ_normal.png","profile_image_url_https":"https:\/\/pbs.twimg.com\/profile_images\/655904741617086464\/nwevoHSQ_normal.png","profile_banner_url":"https:\/\/pbs.twimg.com\/profile_banners\/16582191\/1474952970","profile_link_color":"83B449","profile_sidebar_border_color":"FFFFFF","profile_sidebar_fill_color":"6C9450","profile_text_color":"242424","profile_use_background_image":true,"has_extended_profile":false,"default_profile":false,"default_profile_image":false,"following":false,"follow_request_sent":false,"notifications":false},"geo":null,"coordinates":null,"place":null,"contributors":null,"is_quote_status":false,"retweet_count":0,"favorite_count":6,"favorited":false,"retweeted":false,"possibly_sensitive":false,"lang":"en"},{"created_at":"Mon Oct 10 02:25:05 +0000 2016","id":785305119244115968,"id_str":"785305119244115968","text":"Free this month on Audiojungle; \"The House\", a cheerful &amp; energetic track by Summer Loops. Grab it at\u2026 https:\/\/t.co\/qLMWYZaGbI","truncated":true,"entities":{"hashtags":[],"symbols":[],"user_mentions":[],"urls":[{"url":"https:\/\/t.co\/qLMWYZaGbI","expanded_url":"https:\/\/twitter.com\/i\/web\/status\/785305119244115968","display_url":"twitter.com\/i\/web\/status\/7\u2026","indices":[107,130]}]},"source":"\u003ca href=\"http:\/\/www.hootsuite.com\" rel=\"nofollow\"\u003eHootsuite\u003c\/a\u003e","in_reply_to_status_id":null,"in_reply_to_status_id_str":null,"in_reply_to_user_id":null,"in_reply_to_user_id_str":null,"in_reply_to_screen_name":null,"user":{"id":16582191,"id_str":"16582191","name":"Envato","screen_name":"envato","location":"Melbourne","description":"A global community of designers & developers. #Australian made #startup @envatomarket @tutsplus. Customer support @envato_help","url":"http:\/\/t.co\/5OvUThFPYI","entities":{"url":{"urls":[{"url":"http:\/\/t.co\/5OvUThFPYI","expanded_url":"http:\/\/envato.com","display_url":"envato.com","indices":[0,22]}]},"description":{"urls":[]}},"protected":false,"followers_count":61185,"friends_count":1506,"listed_count":2074,"created_at":"Fri Oct 03 19:11:51 +0000 2008","favourites_count":755,"utc_offset":39600,"time_zone":"Melbourne","geo_enabled":false,"verified":true,"statuses_count":8014,"lang":"en","contributors_enabled":false,"is_translator":false,"is_translation_enabled":false,"profile_background_color":"323435","profile_background_image_url":"http:\/\/pbs.twimg.com\/profile_background_images\/378800000036129044\/4aaf87e960f30537daa1a0a0c3c4fc31.jpeg","profile_background_image_url_https":"https:\/\/pbs.twimg.com\/profile_background_images\/378800000036129044\/4aaf87e960f30537daa1a0a0c3c4fc31.jpeg","profile_background_tile":false,"profile_image_url":"http:\/\/pbs.twimg.com\/profile_images\/655904741617086464\/nwevoHSQ_normal.png","profile_image_url_https":"https:\/\/pbs.twimg.com\/profile_images\/655904741617086464\/nwevoHSQ_normal.png","profile_banner_url":"https:\/\/pbs.twimg.com\/profile_banners\/16582191\/1474952970","profile_link_color":"83B449","profile_sidebar_border_color":"FFFFFF","profile_sidebar_fill_color":"6C9450","profile_text_color":"242424","profile_use_background_image":true,"has_extended_profile":false,"default_profile":false,"default_profile_image":false,"following":false,"follow_request_sent":false,"notifications":false},"geo":null,"coordinates":null,"place":null,"contributors":null,"is_quote_status":false,"retweet_count":2,"favorite_count":3,"favorited":false,"retweeted":false,"possibly_sensitive":false,"lang":"en"},{"created_at":"Sun Oct 09 22:13:14 +0000 2016","id":785241740466851840,"id_str":"785241740466851840","text":"Increasing traffic to your website doesn\u2019t have to be as elusive as the Holy Grail.  https:\/\/t.co\/6tOMXpk7y1","truncated":false,"entities":{"hashtags":[],"symbols":[],"user_mentions":[],"urls":[{"url":"https:\/\/t.co\/6tOMXpk7y1","expanded_url":"http:\/\/enva.to\/TaGUi","display_url":"enva.to\/TaGUi","indices":[85,108]}]},"source":"\u003ca href=\"http:\/\/www.hootsuite.com\" rel=\"nofollow\"\u003eHootsuite\u003c\/a\u003e","in_reply_to_status_id":null,"in_reply_to_status_id_str":null,"in_reply_to_user_id":null,"in_reply_to_user_id_str":null,"in_reply_to_screen_name":null,"user":{"id":16582191,"id_str":"16582191","name":"Envato","screen_name":"envato","location":"Melbourne","description":"A global community of designers & developers. #Australian made #startup @envatomarket @tutsplus. Customer support @envato_help","url":"http:\/\/t.co\/5OvUThFPYI","entities":{"url":{"urls":[{"url":"http:\/\/t.co\/5OvUThFPYI","expanded_url":"http:\/\/envato.com","display_url":"envato.com","indices":[0,22]}]},"description":{"urls":[]}},"protected":false,"followers_count":61185,"friends_count":1506,"listed_count":2074,"created_at":"Fri Oct 03 19:11:51 +0000 2008","favourites_count":755,"utc_offset":39600,"time_zone":"Melbourne","geo_enabled":false,"verified":true,"statuses_count":8014,"lang":"en","contributors_enabled":false,"is_translator":false,"is_translation_enabled":false,"profile_background_color":"323435","profile_background_image_url":"http:\/\/pbs.twimg.com\/profile_background_images\/378800000036129044\/4aaf87e960f30537daa1a0a0c3c4fc31.jpeg","profile_background_image_url_https":"https:\/\/pbs.twimg.com\/profile_background_images\/378800000036129044\/4aaf87e960f30537daa1a0a0c3c4fc31.jpeg","profile_background_tile":false,"profile_image_url":"http:\/\/pbs.twimg.com\/profile_images\/655904741617086464\/nwevoHSQ_normal.png","profile_image_url_https":"https:\/\/pbs.twimg.com\/profile_images\/655904741617086464\/nwevoHSQ_normal.png","profile_banner_url":"https:\/\/pbs.twimg.com\/profile_banners\/16582191\/1474952970","profile_link_color":"83B449","profile_sidebar_border_color":"FFFFFF","profile_sidebar_fill_color":"6C9450","profile_text_color":"242424","profile_use_background_image":true,"has_extended_profile":false,"default_profile":false,"default_profile_image":false,"following":false,"follow_request_sent":false,"notifications":false},"geo":null,"coordinates":null,"place":null,"contributors":null,"is_quote_status":false,"retweet_count":1,"favorite_count":4,"favorited":false,"retweeted":false,"possibly_sensitive":false,"lang":"en"},{"created_at":"Sat Oct 08 05:20:07 +0000 2016","id":784624394081624065,"id_str":"784624394081624065","text":"\ud83c\udfc6 A slick 360-degree video with music from AudioJungle grabs September's #madewithenvato prize. Check it out!  https:\/\/t.co\/z1gns8BU6Z","truncated":false,"entities":{"hashtags":[{"text":"madewithenvato","indices":[73,88]}],"symbols":[],"user_mentions":[],"urls":[{"url":"https:\/\/t.co\/z1gns8BU6Z","expanded_url":"http:\/\/enva.to\/F8Yc_","display_url":"enva.to\/F8Yc_","indices":[111,134]}]},"source":"\u003ca href=\"http:\/\/www.hootsuite.com\" rel=\"nofollow\"\u003eHootsuite\u003c\/a\u003e","in_reply_to_status_id":null,"in_reply_to_status_id_str":null,"in_reply_to_user_id":null,"in_reply_to_user_id_str":null,"in_reply_to_screen_name":null,"user":{"id":16582191,"id_str":"16582191","name":"Envato","screen_name":"envato","location":"Melbourne","description":"A global community of designers & developers. #Australian made #startup @envatomarket @tutsplus. Customer support @envato_help","url":"http:\/\/t.co\/5OvUThFPYI","entities":{"url":{"urls":[{"url":"http:\/\/t.co\/5OvUThFPYI","expanded_url":"http:\/\/envato.com","display_url":"envato.com","indices":[0,22]}]},"description":{"urls":[]}},"protected":false,"followers_count":61185,"friends_count":1506,"listed_count":2074,"created_at":"Fri Oct 03 19:11:51 +0000 2008","favourites_count":755,"utc_offset":39600,"time_zone":"Melbourne","geo_enabled":false,"verified":true,"statuses_count":8014,"lang":"en","contributors_enabled":false,"is_translator":false,"is_translation_enabled":false,"profile_background_color":"323435","profile_background_image_url":"http:\/\/pbs.twimg.com\/profile_background_images\/378800000036129044\/4aaf87e960f30537daa1a0a0c3c4fc31.jpeg","profile_background_image_url_https":"https:\/\/pbs.twimg.com\/profile_background_images\/378800000036129044\/4aaf87e960f30537daa1a0a0c3c4fc31.jpeg","profile_background_tile":false,"profile_image_url":"http:\/\/pbs.twimg.com\/profile_images\/655904741617086464\/nwevoHSQ_normal.png","profile_image_url_https":"https:\/\/pbs.twimg.com\/profile_images\/655904741617086464\/nwevoHSQ_normal.png","profile_banner_url":"https:\/\/pbs.twimg.com\/profile_banners\/16582191\/1474952970","profile_link_color":"83B449","profile_sidebar_border_color":"FFFFFF","profile_sidebar_fill_color":"6C9450","profile_text_color":"242424","profile_use_background_image":true,"has_extended_profile":false,"default_profile":false,"default_profile_image":false,"following":false,"follow_request_sent":false,"notifications":false},"geo":null,"coordinates":null,"place":null,"contributors":null,"is_quote_status":false,"retweet_count":1,"favorite_count":2,"favorited":false,"retweeted":false,"possibly_sensitive":false,"lang":"en"},{"created_at":"Sat Oct 08 01:22:23 +0000 2016","id":784564566147624960,"id_str":"784564566147624960","text":"A must-read if you're working with video; September's best #AfterEffects templates. https:\/\/t.co\/iXQHXatwJ7","truncated":false,"entities":{"hashtags":[{"text":"AfterEffects","indices":[59,72]}],"symbols":[],"user_mentions":[],"urls":[{"url":"https:\/\/t.co\/iXQHXatwJ7","expanded_url":"http:\/\/enva.to\/CziJY","display_url":"enva.to\/CziJY","indices":[84,107]}]},"source":"\u003ca href=\"http:\/\/www.hootsuite.com\" rel=\"nofollow\"\u003eHootsuite\u003c\/a\u003e","in_reply_to_status_id":null,"in_reply_to_status_id_str":null,"in_reply_to_user_id":null,"in_reply_to_user_id_str":null,"in_reply_to_screen_name":null,"user":{"id":16582191,"id_str":"16582191","name":"Envato","screen_name":"envato","location":"Melbourne","description":"A global community of designers & developers. #Australian made #startup @envatomarket @tutsplus. Customer support @envato_help","url":"http:\/\/t.co\/5OvUThFPYI","entities":{"url":{"urls":[{"url":"http:\/\/t.co\/5OvUThFPYI","expanded_url":"http:\/\/envato.com","display_url":"envato.com","indices":[0,22]}]},"description":{"urls":[]}},"protected":false,"followers_count":61185,"friends_count":1506,"listed_count":2074,"created_at":"Fri Oct 03 19:11:51 +0000 2008","favourites_count":755,"utc_offset":39600,"time_zone":"Melbourne","geo_enabled":false,"verified":true,"statuses_count":8014,"lang":"en","contributors_enabled":false,"is_translator":false,"is_translation_enabled":false,"profile_background_color":"323435","profile_background_image_url":"http:\/\/pbs.twimg.com\/profile_background_images\/378800000036129044\/4aaf87e960f30537daa1a0a0c3c4fc31.jpeg","profile_background_image_url_https":"https:\/\/pbs.twimg.com\/profile_background_images\/378800000036129044\/4aaf87e960f30537daa1a0a0c3c4fc31.jpeg","profile_background_tile":false,"profile_image_url":"http:\/\/pbs.twimg.com\/profile_images\/655904741617086464\/nwevoHSQ_normal.png","profile_image_url_https":"https:\/\/pbs.twimg.com\/profile_images\/655904741617086464\/nwevoHSQ_normal.png","profile_banner_url":"https:\/\/pbs.twimg.com\/profile_banners\/16582191\/1474952970","profile_link_color":"83B449","profile_sidebar_border_color":"FFFFFF","profile_sidebar_fill_color":"6C9450","profile_text_color":"242424","profile_use_background_image":true,"has_extended_profile":false,"default_profile":false,"default_profile_image":false,"following":false,"follow_request_sent":false,"notifications":false},"geo":null,"coordinates":null,"place":null,"contributors":null,"is_quote_status":false,"retweet_count":2,"favorite_count":4,"favorited":false,"retweeted":false,"possibly_sensitive":false,"lang":"en"},{"created_at":"Fri Oct 07 07:06:18 +0000 2016","id":784288727224823808,"id_str":"784288727224823808","text":"Here's what caught our attention in #design this week. https:\/\/t.co\/u2uG70s3QV","truncated":false,"entities":{"hashtags":[{"text":"design","indices":[36,43]}],"symbols":[],"user_mentions":[],"urls":[{"url":"https:\/\/t.co\/u2uG70s3QV","expanded_url":"http:\/\/enva.to\/L4HQn","display_url":"enva.to\/L4HQn","indices":[55,78]}]},"source":"\u003ca href=\"http:\/\/www.hootsuite.com\" rel=\"nofollow\"\u003eHootsuite\u003c\/a\u003e","in_reply_to_status_id":null,"in_reply_to_status_id_str":null,"in_reply_to_user_id":null,"in_reply_to_user_id_str":null,"in_reply_to_screen_name":null,"user":{"id":16582191,"id_str":"16582191","name":"Envato","screen_name":"envato","location":"Melbourne","description":"A global community of designers & developers. #Australian made #startup @envatomarket @tutsplus. Customer support @envato_help","url":"http:\/\/t.co\/5OvUThFPYI","entities":{"url":{"urls":[{"url":"http:\/\/t.co\/5OvUThFPYI","expanded_url":"http:\/\/envato.com","display_url":"envato.com","indices":[0,22]}]},"description":{"urls":[]}},"protected":false,"followers_count":61185,"friends_count":1506,"listed_count":2074,"created_at":"Fri Oct 03 19:11:51 +0000 2008","favourites_count":755,"utc_offset":39600,"time_zone":"Melbourne","geo_enabled":false,"verified":true,"statuses_count":8014,"lang":"en","contributors_enabled":false,"is_translator":false,"is_translation_enabled":false,"profile_background_color":"323435","profile_background_image_url":"http:\/\/pbs.twimg.com\/profile_background_images\/378800000036129044\/4aaf87e960f30537daa1a0a0c3c4fc31.jpeg","profile_background_image_url_https":"https:\/\/pbs.twimg.com\/profile_background_images\/378800000036129044\/4aaf87e960f30537daa1a0a0c3c4fc31.jpeg","profile_background_tile":false,"profile_image_url":"http:\/\/pbs.twimg.com\/profile_images\/655904741617086464\/nwevoHSQ_normal.png","profile_image_url_https":"https:\/\/pbs.twimg.com\/profile_images\/655904741617086464\/nwevoHSQ_normal.png","profile_banner_url":"https:\/\/pbs.twimg.com\/profile_banners\/16582191\/1474952970","profile_link_color":"83B449","profile_sidebar_border_color":"FFFFFF","profile_sidebar_fill_color":"6C9450","profile_text_color":"242424","profile_use_background_image":true,"has_extended_profile":false,"default_profile":false,"default_profile_image":false,"following":false,"follow_request_sent":false,"notifications":false},"geo":null,"coordinates":null,"place":null,"contributors":null,"is_quote_status":false,"retweet_count":1,"favorite_count":3,"favorited":false,"retweeted":false,"possibly_sensitive":false,"lang":"en"},{"created_at":"Fri Oct 07 02:28:36 +0000 2016","id":784218840255361024,"id_str":"784218840255361024","text":"Useful insights on #UX &amp; content strategy working together from this presentation by @fiorellarza to @MelbourneGA. https:\/\/t.co\/mdhxagDzJK","truncated":false,"entities":{"hashtags":[{"text":"UX","indices":[19,22]}],"symbols":[],"user_mentions":[{"screen_name":"fiorellarza","name":"Fiorella Rizz\u00e0","id":41897725,"id_str":"41897725","indices":[89,101]},{"screen_name":"MelbourneGA","name":"GA Melbourne","id":752395825,"id_str":"752395825","indices":[105,117]}],"urls":[{"url":"https:\/\/t.co\/mdhxagDzJK","expanded_url":"http:\/\/enva.to\/-FvC9","display_url":"enva.to\/-FvC9","indices":[119,142]}]},"source":"\u003ca href=\"http:\/\/www.hootsuite.com\" rel=\"nofollow\"\u003eHootsuite\u003c\/a\u003e","in_reply_to_status_id":null,"in_reply_to_status_id_str":null,"in_reply_to_user_id":null,"in_reply_to_user_id_str":null,"in_reply_to_screen_name":null,"user":{"id":16582191,"id_str":"16582191","name":"Envato","screen_name":"envato","location":"Melbourne","description":"A global community of designers & developers. #Australian made #startup @envatomarket @tutsplus. Customer support @envato_help","url":"http:\/\/t.co\/5OvUThFPYI","entities":{"url":{"urls":[{"url":"http:\/\/t.co\/5OvUThFPYI","expanded_url":"http:\/\/envato.com","display_url":"envato.com","indices":[0,22]}]},"description":{"urls":[]}},"protected":false,"followers_count":61185,"friends_count":1506,"listed_count":2074,"created_at":"Fri Oct 03 19:11:51 +0000 2008","favourites_count":755,"utc_offset":39600,"time_zone":"Melbourne","geo_enabled":false,"verified":true,"statuses_count":8014,"lang":"en","contributors_enabled":false,"is_translator":false,"is_translation_enabled":false,"profile_background_color":"323435","profile_background_image_url":"http:\/\/pbs.twimg.com\/profile_background_images\/378800000036129044\/4aaf87e960f30537daa1a0a0c3c4fc31.jpeg","profile_background_image_url_https":"https:\/\/pbs.twimg.com\/profile_background_images\/378800000036129044\/4aaf87e960f30537daa1a0a0c3c4fc31.jpeg","profile_background_tile":false,"profile_image_url":"http:\/\/pbs.twimg.com\/profile_images\/655904741617086464\/nwevoHSQ_normal.png","profile_image_url_https":"https:\/\/pbs.twimg.com\/profile_images\/655904741617086464\/nwevoHSQ_normal.png","profile_banner_url":"https:\/\/pbs.twimg.com\/profile_banners\/16582191\/1474952970","profile_link_color":"83B449","profile_sidebar_border_color":"FFFFFF","profile_sidebar_fill_color":"6C9450","profile_text_color":"242424","profile_use_background_image":true,"has_extended_profile":false,"default_profile":false,"default_profile_image":false,"following":false,"follow_request_sent":false,"notifications":false},"geo":null,"coordinates":null,"place":null,"contributors":null,"is_quote_status":false,"retweet_count":6,"favorite_count":9,"favorited":false,"retweeted":false,"possibly_sensitive":false,"lang":"en"},{"created_at":"Fri Oct 07 00:45:10 +0000 2016","id":784192811017068549,"id_str":"784192811017068549","text":"RT @TradeVictoria: Representing the best of Victorian Women in International Business - Cyan Ta'eed from @envato #GOVEA","truncated":false,"entities":{"hashtags":[{"text":"GOVEA","indices":[113,119]}],"symbols":[],"user_mentions":[{"screen_name":"TradeVictoria","name":"Trade Victoria","id":2836256348,"id_str":"2836256348","indices":[3,17]},{"screen_name":"envato","name":"Envato","id":16582191,"id_str":"16582191","indices":[105,112]}],"urls":[]},"source":"\u003ca href=\"http:\/\/www.hootsuite.com\" rel=\"nofollow\"\u003eHootsuite\u003c\/a\u003e","in_reply_to_status_id":null,"in_reply_to_status_id_str":null,"in_reply_to_user_id":null,"in_reply_to_user_id_str":null,"in_reply_to_screen_name":null,"user":{"id":16582191,"id_str":"16582191","name":"Envato","screen_name":"envato","location":"Melbourne","description":"A global community of designers & developers. #Australian made #startup @envatomarket @tutsplus. Customer support @envato_help","url":"http:\/\/t.co\/5OvUThFPYI","entities":{"url":{"urls":[{"url":"http:\/\/t.co\/5OvUThFPYI","expanded_url":"http:\/\/envato.com","display_url":"envato.com","indices":[0,22]}]},"description":{"urls":[]}},"protected":false,"followers_count":61185,"friends_count":1506,"listed_count":2074,"created_at":"Fri Oct 03 19:11:51 +0000 2008","favourites_count":755,"utc_offset":39600,"time_zone":"Melbourne","geo_enabled":false,"verified":true,"statuses_count":8014,"lang":"en","contributors_enabled":false,"is_translator":false,"is_translation_enabled":false,"profile_background_color":"323435","profile_background_image_url":"http:\/\/pbs.twimg.com\/profile_background_images\/378800000036129044\/4aaf87e960f30537daa1a0a0c3c4fc31.jpeg","profile_background_image_url_https":"https:\/\/pbs.twimg.com\/profile_background_images\/378800000036129044\/4aaf87e960f30537daa1a0a0c3c4fc31.jpeg","profile_background_tile":false,"profile_image_url":"http:\/\/pbs.twimg.com\/profile_images\/655904741617086464\/nwevoHSQ_normal.png","profile_image_url_https":"https:\/\/pbs.twimg.com\/profile_images\/655904741617086464\/nwevoHSQ_normal.png","profile_banner_url":"https:\/\/pbs.twimg.com\/profile_banners\/16582191\/1474952970","profile_link_color":"83B449","profile_sidebar_border_color":"FFFFFF","profile_sidebar_fill_color":"6C9450","profile_text_color":"242424","profile_use_background_image":true,"has_extended_profile":false,"default_profile":false,"default_profile_image":false,"following":false,"follow_request_sent":false,"notifications":false},"geo":null,"coordinates":null,"place":null,"contributors":null,"retweeted_status":{"created_at":"Thu Oct 06 07:26:52 +0000 2016","id":783931515201650688,"id_str":"783931515201650688","text":"Representing the best of Victorian Women in International Business - Cyan Ta'eed from @envato #GOVEA","truncated":false,"entities":{"hashtags":[{"text":"GOVEA","indices":[94,100]}],"symbols":[],"user_mentions":[{"screen_name":"envato","name":"Envato","id":16582191,"id_str":"16582191","indices":[86,93]}],"urls":[]},"source":"\u003ca href=\"http:\/\/twitter.com\/download\/iphone\" rel=\"nofollow\"\u003eTwitter for iPhone\u003c\/a\u003e","in_reply_to_status_id":null,"in_reply_to_status_id_str":null,"in_reply_to_user_id":null,"in_reply_to_user_id_str":null,"in_reply_to_screen_name":null,"user":{"id":2836256348,"id_str":"2836256348","name":"Trade Victoria","screen_name":"TradeVictoria","location":"Victoria, Australia ","description":"Connecting Victorian businesses to the world. Get ready for the journey, visit http:\/\/t.co\/WrGur97kYb","url":"http:\/\/t.co\/WrGur97kYb","entities":{"url":{"urls":[{"url":"http:\/\/t.co\/WrGur97kYb","expanded_url":"http:\/\/www.trade.vic.gov.au","display_url":"trade.vic.gov.au","indices":[0,22]}]},"description":{"urls":[{"url":"http:\/\/t.co\/WrGur97kYb","expanded_url":"http:\/\/www.trade.vic.gov.au","display_url":"trade.vic.gov.au","indices":[79,101]}]}},"protected":false,"followers_count":1099,"friends_count":750,"listed_count":50,"created_at":"Wed Oct 01 06:15:25 +0000 2014","favourites_count":288,"utc_offset":39600,"time_zone":"Melbourne","geo_enabled":false,"verified":false,"statuses_count":783,"lang":"en-gb","contributors_enabled":false,"is_translator":false,"is_translation_enabled":false,"profile_background_color":"C0DEED","profile_background_image_url":"http:\/\/abs.twimg.com\/images\/themes\/theme1\/bg.png","profile_background_image_url_https":"https:\/\/abs.twimg.com\/images\/themes\/theme1\/bg.png","profile_background_tile":false,"profile_image_url":"http:\/\/pbs.twimg.com\/profile_images\/657413544321806336\/Ci9tubS8_normal.png","profile_image_url_https":"https:\/\/pbs.twimg.com\/profile_images\/657413544321806336\/Ci9tubS8_normal.png","profile_banner_url":"https:\/\/pbs.twimg.com\/profile_banners\/2836256348\/1433315277","profile_link_color":"0084B4","profile_sidebar_border_color":"C0DEED","profile_sidebar_fill_color":"DDEEF6","profile_text_color":"333333","profile_use_background_image":true,"has_extended_profile":false,"default_profile":true,"default_profile_image":false,"following":false,"follow_request_sent":false,"notifications":false},"geo":null,"coordinates":null,"place":null,"contributors":null,"is_quote_status":false,"retweet_count":3,"favorite_count":5,"favorited":false,"retweeted":false,"lang":"en"},"is_quote_status":false,"retweet_count":3,"favorite_count":0,"favorited":false,"retweeted":false,"lang":"en"},{"created_at":"Fri Oct 07 00:39:59 +0000 2016","id":784191509079875584,"id_str":"784191509079875584","text":"RT @TradeVictoria: Making international waves! @envato wins the #GOVEA for Digital Tech!","truncated":false,"entities":{"hashtags":[{"text":"GOVEA","indices":[64,70]}],"symbols":[],"user_mentions":[{"screen_name":"TradeVictoria","name":"Trade Victoria","id":2836256348,"id_str":"2836256348","indices":[3,17]},{"screen_name":"envato","name":"Envato","id":16582191,"id_str":"16582191","indices":[47,54]}],"urls":[]},"source":"\u003ca href=\"http:\/\/twitter.com\" rel=\"nofollow\"\u003eTwitter Web Client\u003c\/a\u003e","in_reply_to_status_id":null,"in_reply_to_status_id_str":null,"in_reply_to_user_id":null,"in_reply_to_user_id_str":null,"in_reply_to_screen_name":null,"user":{"id":16582191,"id_str":"16582191","name":"Envato","screen_name":"envato","location":"Melbourne","description":"A global community of designers & developers. #Australian made #startup @envatomarket @tutsplus. Customer support @envato_help","url":"http:\/\/t.co\/5OvUThFPYI","entities":{"url":{"urls":[{"url":"http:\/\/t.co\/5OvUThFPYI","expanded_url":"http:\/\/envato.com","display_url":"envato.com","indices":[0,22]}]},"description":{"urls":[]}},"protected":false,"followers_count":61185,"friends_count":1506,"listed_count":2074,"created_at":"Fri Oct 03 19:11:51 +0000 2008","favourites_count":755,"utc_offset":39600,"time_zone":"Melbourne","geo_enabled":false,"verified":true,"statuses_count":8014,"lang":"en","contributors_enabled":false,"is_translator":false,"is_translation_enabled":false,"profile_background_color":"323435","profile_background_image_url":"http:\/\/pbs.twimg.com\/profile_background_images\/378800000036129044\/4aaf87e960f30537daa1a0a0c3c4fc31.jpeg","profile_background_image_url_https":"https:\/\/pbs.twimg.com\/profile_background_images\/378800000036129044\/4aaf87e960f30537daa1a0a0c3c4fc31.jpeg","profile_background_tile":false,"profile_image_url":"http:\/\/pbs.twimg.com\/profile_images\/655904741617086464\/nwevoHSQ_normal.png","profile_image_url_https":"https:\/\/pbs.twimg.com\/profile_images\/655904741617086464\/nwevoHSQ_normal.png","profile_banner_url":"https:\/\/pbs.twimg.com\/profile_banners\/16582191\/1474952970","profile_link_color":"83B449","profile_sidebar_border_color":"FFFFFF","profile_sidebar_fill_color":"6C9450","profile_text_color":"242424","profile_use_background_image":true,"has_extended_profile":false,"default_profile":false,"default_profile_image":false,"following":false,"follow_request_sent":false,"notifications":false},"geo":null,"coordinates":null,"place":null,"contributors":null,"retweeted_status":{"created_at":"Thu Oct 06 07:18:22 +0000 2016","id":783929375477465088,"id_str":"783929375477465088","text":"Making international waves! @envato wins the #GOVEA for Digital Tech!","truncated":false,"entities":{"hashtags":[{"text":"GOVEA","indices":[45,51]}],"symbols":[],"user_mentions":[{"screen_name":"envato","name":"Envato","id":16582191,"id_str":"16582191","indices":[28,35]}],"urls":[]},"source":"\u003ca href=\"http:\/\/twitter.com\/download\/iphone\" rel=\"nofollow\"\u003eTwitter for iPhone\u003c\/a\u003e","in_reply_to_status_id":null,"in_reply_to_status_id_str":null,"in_reply_to_user_id":null,"in_reply_to_user_id_str":null,"in_reply_to_screen_name":null,"user":{"id":2836256348,"id_str":"2836256348","name":"Trade Victoria","screen_name":"TradeVictoria","location":"Victoria, Australia ","description":"Connecting Victorian businesses to the world. Get ready for the journey, visit http:\/\/t.co\/WrGur97kYb","url":"http:\/\/t.co\/WrGur97kYb","entities":{"url":{"urls":[{"url":"http:\/\/t.co\/WrGur97kYb","expanded_url":"http:\/\/www.trade.vic.gov.au","display_url":"trade.vic.gov.au","indices":[0,22]}]},"description":{"urls":[{"url":"http:\/\/t.co\/WrGur97kYb","expanded_url":"http:\/\/www.trade.vic.gov.au","display_url":"trade.vic.gov.au","indices":[79,101]}]}},"protected":false,"followers_count":1099,"friends_count":750,"listed_count":50,"created_at":"Wed Oct 01 06:15:25 +0000 2014","favourites_count":288,"utc_offset":39600,"time_zone":"Melbourne","geo_enabled":false,"verified":false,"statuses_count":783,"lang":"en-gb","contributors_enabled":false,"is_translator":false,"is_translation_enabled":false,"profile_background_color":"C0DEED","profile_background_image_url":"http:\/\/abs.twimg.com\/images\/themes\/theme1\/bg.png","profile_background_image_url_https":"https:\/\/abs.twimg.com\/images\/themes\/theme1\/bg.png","profile_background_tile":false,"profile_image_url":"http:\/\/pbs.twimg.com\/profile_images\/657413544321806336\/Ci9tubS8_normal.png","profile_image_url_https":"https:\/\/pbs.twimg.com\/profile_images\/657413544321806336\/Ci9tubS8_normal.png","profile_banner_url":"https:\/\/pbs.twimg.com\/profile_banners\/2836256348\/1433315277","profile_link_color":"0084B4","profile_sidebar_border_color":"C0DEED","profile_sidebar_fill_color":"DDEEF6","profile_text_color":"333333","profile_use_background_image":true,"has_extended_profile":false,"default_profile":true,"default_profile_image":false,"following":false,"follow_request_sent":false,"notifications":false},"geo":null,"coordinates":null,"place":null,"contributors":null,"is_quote_status":false,"retweet_count":3,"favorite_count":8,"favorited":false,"retweeted":false,"lang":"en"},"is_quote_status":false,"retweet_count":3,"favorite_count":0,"favorited":false,"retweeted":false,"lang":"en"}]