[{"created_at":"Sun Oct 09 16:31:49 +0000 2016","id":785155817767051264,"id_str":"785155817767051264","text":"RT @Muzammilmalik07: \u0628\u064f\u063a\u0636 \u0646\u0648\u0627\u0632 \u06a9\u06d2 \u0645\u0627\u0631\u06d2 \u0628\u06d2 \u0633\u06c1\u0627\u0631\u0627 \u0633\u06cc\u0627\u0633\u06cc \u06cc\u062a\u06cc\u0645 \u0633\u06c1\u0627\u0631\u06d2 \u06a9\u06cc \u062a\u0644\u0627\u0634 \u0645\u06cc\u06ba \u0627\u06cc\u06a9 \u0628\u0627\u0631 \u067e\u06be\u0631 \u0644\u0646\u062f\u0646 \u0645\u06cc\u06ba \u062c\u0645\u0639 \u06c1\u0648\u0631\u06c1\u06d2 \u06c1\u06cc\u06ba \u06d4 \u06d4 \u06d4 \n@ImranKhanPTI @DrAye\u2026","truncated":false,"entities":{"hashtags":[],"symbols":[],"user_mentions":[{"screen_name":"Muzammilmalik07","name":"\u062e\u0627\u0644\u0635 \u067e\u0679\u0648\u0627\u0631\u06cc","id":2562997482,"id_str":"2562997482","indices":[3,19]},{"screen_name":"ImranKhanPTI","name":"Imran Khan","id":122453931,"id_str":"122453931","indices":[119,132]}],"urls":[]},"source":"\u003ca href=\"http:\/\/twitter.com\/download\/iphone\" rel=\"nofollow\"\u003eTwitter for iPhone\u003c\/a\u003e","in_reply_to_status_id":null,"in_reply_to_status_id_str":null,"in_reply_to_user_id":null,"in_reply_to_user_id_str":null,"in_reply_to_screen_name":null,"user":{"id":453507741,"id_str":"453507741","name":"Maryam Nawaz Sharif","screen_name":"MaryamNSharif","location":"Islamabad, Pakistan","description":"MA Eng Lit. It is a strange desire to seek power and to lose liberty;By pains men come to greater pains. Uneasy lies the head that wears the crown~Francis Bacon","url":null,"entities":{"description":{"urls":[]}},"protected":false,"followers_count":2395932,"friends_count":3587,"listed_count":2136,"created_at":"Tue Jan 03 00:31:42 +0000 2012","favourites_count":1898,"utc_offset":18000,"time_zone":"Islamabad","geo_enabled":true,"verified":true,"statuses_count":51675,"lang":"en","contributors_enabled":false,"is_translator":false,"is_translation_enabled":false,"profile_background_color":"C0DEED","profile_background_image_url":"http:\/\/abs.twimg.com\/images\/themes\/theme1\/bg.png","profile_background_image_url_https":"https:\/\/abs.twimg.com\/images\/themes\/theme1\/bg.png","profile_background_tile":false,"profile_image_url":"http:\/\/pbs.twimg.com\/profile_images\/783365862799605760\/zcd2GAtv_normal.jpg","profile_image_url_https":"https:\/\/pbs.twimg.com\/profile_images\/783365862799605760\/zcd2GAtv_normal.jpg","profile_banner_url":"https:\/\/pbs.twimg.com\/profile_banners\/453507741\/1475174462","profile_link_color":"0084B4","profile_sidebar_border_color":"C0DEED","profile_sidebar_fill_color":"DDEEF6","profile_text_color":"333333","profile_use_background_image":true,"has_extended_profile":false,"default_profile":true,"default_profile_image":false,"following":false,"follow_request_sent":false,"notifications":false},"geo":null,"coordinates":null,"place":null,"contributors":null,"retweeted_status":{"created_at":"Sun Oct 09 12:24:19 +0000 2016","id":785093532746997760,"id_str":"785093532746997760","text":"\u0628\u064f\u063a\u0636 \u0646\u0648\u0627\u0632 \u06a9\u06d2 \u0645\u0627\u0631\u06d2 \u0628\u06d2 \u0633\u06c1\u0627\u0631\u0627 \u0633\u06cc\u0627\u0633\u06cc \u06cc\u062a\u06cc\u0645 \u0633\u06c1\u0627\u0631\u06d2 \u06a9\u06cc \u062a\u0644\u0627\u0634 \u0645\u06cc\u06ba \u0627\u06cc\u06a9 \u0628\u0627\u0631 \u067e\u06be\u0631 \u0644\u0646\u062f\u0646 \u0645\u06cc\u06ba \u062c\u0645\u0639 \u06c1\u0648\u0631\u06c1\u06d2 \u06c1\u06cc\u06ba \u06d4 \u06d4 \u06d4 \n@ImranKhanPTI\u2026 https:\/\/t.co\/IoV8Sp60KC","truncated":true,"entities":{"hashtags":[],"symbols":[],"user_mentions":[{"screen_name":"ImranKhanPTI","name":"Imran Khan","id":122453931,"id_str":"122453931","indices":[98,111]}],"urls":[{"url":"https:\/\/t.co\/IoV8Sp60KC","expanded_url":"https:\/\/twitter.com\/i\/web\/status\/785093532746997760","display_url":"twitter.com\/i\/web\/status\/7\u2026","indices":[113,136]}]},"source":"\u003ca href=\"http:\/\/twitter.com\/download\/android\" rel=\"nofollow\"\u003eTwitter for Android\u003c\/a\u003e","in_reply_to_status_id":null,"in_reply_to_status_id_str":null,"in_reply_to_user_id":null,"in_reply_to_user_id_str":null,"in_reply_to_screen_name":null,"user":{"id":2562997482,"id_str":"2562997482","name":"\u062e\u0627\u0644\u0635 \u067e\u0679\u0648\u0627\u0631\u06cc","screen_name":"Muzammilmalik07","location":"Bhakkar","description":"Proud Patwari, Lover & Supporter of Leader of the Nation Mian Nawaz Sharif . Inspired by Maryam Nawaz.Member Of #PMLN #SMT...Social Media Activist..!.","url":null,"entities":{"description":{"urls":[]}},"protected":false,"followers_count":6133,"friends_count":206,"listed_count":16,"created_at":"Thu Jun 12 08:50:11 +0000 2014","favourites_count":13064,"utc_offset":18000,"time_zone":"Karachi","geo_enabled":true,"verified":false,"statuses_count":83404,"lang":"en","contributors_enabled":false,"is_translator":false,"is_translation_enabled":false,"profile_background_color":"C0DEED","profile_background_image_url":"http:\/\/abs.twimg.com\/images\/themes\/theme1\/bg.png","profile_background_image_url_https":"https:\/\/abs.twimg.com\/images\/themes\/theme1\/bg.png","profile_background_tile":false,"profile_image_url":"http:\/\/pbs.twimg.com\/profile_images\/778896947583352832\/1jQi8j30_normal.jpg","profile_image_url_https":"https:\/\/pbs.twimg.com\/profile_images\/778896947583352832\/1jQi8j30_normal.jpg","profile_banner_url":"https:\/\/pbs.twimg.com\/profile_banners\/2562997482\/1463221278","profile_link_color":"0084B4","profile_sidebar_border_color":"C0DEED","profile_sidebar_fill_color":"DDEEF6","profile_text_color":"333333","profile_use_background_image":true,"has_extended_profile":true,"default_profile":true,"default_profile_image":false,"following":false,"follow_request_sent":false,"notifications":false},"geo":null,"coordinates":null,"place":null,"contributors":null,"is_quote_status":false,"retweet_count":403,"favorite_count":561,"favorited":false,"retweeted":false,"possibly_sensitive":false,"lang":"ur"},"is_quote_status":false,"retweet_count":403,"favorite_count":0,"favorited":false,"retweeted":false,"lang":"ur"},{"created_at":"Sun Oct 09 16:31:31 +0000 2016","id":785155742978506753,"id_str":"785155742978506753","text":"RT @AbbTakk: \u067e\u0627\u06a9\u0633\u062a\u0627\u0646 \u062c\u0646\u0648\u0628\u06cc \u0627\u06cc\u0634\u06cc\u0627 \u06a9\u0627 \u0628\u06c1\u062a\u0631\u06cc\u0646 \u0627\u0646\u0641\u0631\u0627\u0633\u0679\u0631\u06a9\u0686\u0631 \u0688\u0648\u06cc\u0644\u067e\u0645\u0646\u0679 \u0645\u0644\u06a9 \u0642\u0631\u0627\u0631\n\nhttps:\/\/t.co\/Z3lGx2Kvfh\n\n#Pakistan #BestInfrastructureDevelopment\u2026","truncated":false,"entities":{"hashtags":[{"text":"Pakistan","indices":[99,108]},{"text":"BestInfrastructureDevelopment","indices":[109,139]}],"symbols":[],"user_mentions":[{"screen_name":"AbbTakk","name":"AbbTakk","id":1017158666,"id_str":"1017158666","indices":[3,11]}],"urls":[{"url":"https:\/\/t.co\/Z3lGx2Kvfh","expanded_url":"https:\/\/goo.gl\/tncxiP","display_url":"goo.gl\/tncxiP","indices":[74,97]}]},"source":"\u003ca href=\"http:\/\/twitter.com\/download\/iphone\" rel=\"nofollow\"\u003eTwitter for iPhone\u003c\/a\u003e","in_reply_to_status_id":null,"in_reply_to_status_id_str":null,"in_reply_to_user_id":null,"in_reply_to_user_id_str":null,"in_reply_to_screen_name":null,"user":{"id":453507741,"id_str":"453507741","name":"Maryam Nawaz Sharif","screen_name":"MaryamNSharif","location":"Islamabad, Pakistan","description":"MA Eng Lit. It is a strange desire to seek power and to lose liberty;By pains men come to greater pains. Uneasy lies the head that wears the crown~Francis Bacon","url":null,"entities":{"description":{"urls":[]}},"protected":false,"followers_count":2395932,"friends_count":3587,"listed_count":2136,"created_at":"Tue Jan 03 00:31:42 +0000 2012","favourites_count":1898,"utc_offset":18000,"time_zone":"Islamabad","geo_enabled":true,"verified":true,"statuses_count":51675,"lang":"en","contributors_enabled":false,"is_translator":false,"is_translation_enabled":false,"profile_background_color":"C0DEED","profile_background_image_url":"http:\/\/abs.twimg.com\/images\/themes\/theme1\/bg.png","profile_background_image_url_https":"https:\/\/abs.twimg.com\/images\/themes\/theme1\/bg.png","profile_background_tile":false,"profile_image_url":"http:\/\/pbs.twimg.com\/profile_images\/783365862799605760\/zcd2GAtv_normal.jpg","profile_image_url_https":"https:\/\/pbs.twimg.com\/profile_images\/783365862799605760\/zcd2GAtv_normal.jpg","profile_banner_url":"https:\/\/pbs.twimg.com\/profile_banners\/453507741\/1475174462","profile_link_color":"0084B4","profile_sidebar_border_color":"C0DEED","profile_sidebar_fill_color":"DDEEF6","profile_text_color":"333333","profile_use_background_image":true,"has_extended_profile":false,"default_profile":true,"default_profile_image":false,"following":false,"follow_request_sent":false,"notifications":false},"geo":null,"coordinates":null,"place":null,"contributors":null,"retweeted_status":{"created_at":"Sun Oct 09 14:00:46 +0000 2016","id":785117805649793024,"id_str":"785117805649793024","text":"\u067e\u0627\u06a9\u0633\u062a\u0627\u0646 \u062c\u0646\u0648\u0628\u06cc \u0627\u06cc\u0634\u06cc\u0627 \u06a9\u0627 \u0628\u06c1\u062a\u0631\u06cc\u0646 \u0627\u0646\u0641\u0631\u0627\u0633\u0679\u0631\u06a9\u0686\u0631 \u0688\u0648\u06cc\u0644\u067e\u0645\u0646\u0679 \u0645\u0644\u06a9 \u0642\u0631\u0627\u0631\n\nhttps:\/\/t.co\/Z3lGx2Kvfh\n\n#Pakistan\u2026 https:\/\/t.co\/2Ai961WYe7","truncated":true,"entities":{"hashtags":[{"text":"Pakistan","indices":[86,95]}],"symbols":[],"user_mentions":[],"urls":[{"url":"https:\/\/t.co\/Z3lGx2Kvfh","expanded_url":"https:\/\/goo.gl\/tncxiP","display_url":"goo.gl\/tncxiP","indices":[61,84]},{"url":"https:\/\/t.co\/2Ai961WYe7","expanded_url":"https:\/\/twitter.com\/i\/web\/status\/785117805649793024","display_url":"twitter.com\/i\/web\/status\/7\u2026","indices":[97,120]}]},"source":"\u003ca href=\"http:\/\/twitter.com\" rel=\"nofollow\"\u003eTwitter Web Client\u003c\/a\u003e","in_reply_to_status_id":null,"in_reply_to_status_id_str":null,"in_reply_to_user_id":null,"in_reply_to_user_id_str":null,"in_reply_to_screen_name":null,"user":{"id":1017158666,"id_str":"1017158666","name":"AbbTakk","screen_name":"AbbTakk","location":"Karachi, Pakistan","description":"Official Twitter Account of Abb Takk News","url":"https:\/\/t.co\/s0QeebPK90","entities":{"url":{"urls":[{"url":"https:\/\/t.co\/s0QeebPK90","expanded_url":"http:\/\/abbtakk.tv","display_url":"abbtakk.tv","indices":[0,23]}]},"description":{"urls":[]}},"protected":false,"followers_count":140746,"friends_count":63,"listed_count":371,"created_at":"Mon Dec 17 10:23:11 +0000 2012","favourites_count":15,"utc_offset":18000,"time_zone":"Karachi","geo_enabled":false,"verified":false,"statuses_count":645687,"lang":"en","contributors_enabled":false,"is_translator":false,"is_translation_enabled":false,"profile_background_color":"C0DEED","profile_background_image_url":"http:\/\/pbs.twimg.com\/profile_background_images\/847292933\/4c5ac6959f6a557cb6d54f84a93ec240.jpeg","profile_background_image_url_https":"https:\/\/pbs.twimg.com\/profile_background_images\/847292933\/4c5ac6959f6a557cb6d54f84a93ec240.jpeg","profile_background_tile":false,"profile_image_url":"http:\/\/pbs.twimg.com\/profile_images\/683647843941367808\/dJr8XG5m_normal.jpg","profile_image_url_https":"https:\/\/pbs.twimg.com\/profile_images\/683647843941367808\/dJr8XG5m_normal.jpg","profile_banner_url":"https:\/\/pbs.twimg.com\/profile_banners\/1017158666\/1449947430","profile_link_color":"B30000","profile_sidebar_border_color":"FFFFFF","profile_sidebar_fill_color":"DDEEF6","profile_text_color":"333333","profile_use_background_image":true,"has_extended_profile":false,"default_profile":false,"default_profile_image":false,"following":false,"follow_request_sent":false,"notifications":false},"geo":null,"coordinates":null,"place":null,"contributors":null,"is_quote_status":false,"retweet_count":212,"favorite_count":426,"favorited":false,"retweeted":false,"possibly_sensitive":false,"lang":"ur"},"is_quote_status":false,"retweet_count":212,"favorite_count":0,"favorited":false,"retweeted":false,"possibly_sensitive":false,"lang":"ur"},{"created_at":"Sat Oct 08 18:43:31 +0000 2016","id":784826576282193920,"id_str":"784826576282193920","text":"RT @HoneySaif: Pakistan , a market with good ROI https:\/\/t.co\/mvx0eHqdwx","truncated":false,"entities":{"hashtags":[],"symbols":[],"user_mentions":[{"screen_name":"HoneySaif","name":"Dr Humma","id":111128175,"id_str":"111128175","indices":[3,13]}],"urls":[{"url":"https:\/\/t.co\/mvx0eHqdwx","expanded_url":"https:\/\/twitter.com\/dunyanews\/status\/784666847341907968","display_url":"twitter.com\/dunyanews\/stat\u2026","indices":[49,72]}]},"source":"\u003ca href=\"http:\/\/twitter.com\/download\/iphone\" rel=\"nofollow\"\u003eTwitter for iPhone\u003c\/a\u003e","in_reply_to_status_id":null,"in_reply_to_status_id_str":null,"in_reply_to_user_id":null,"in_reply_to_user_id_str":null,"in_reply_to_screen_name":null,"user":{"id":453507741,"id_str":"453507741","name":"Maryam Nawaz Sharif","screen_name":"MaryamNSharif","location":"Islamabad, Pakistan","description":"MA Eng Lit. It is a strange desire to seek power and to lose liberty;By pains men come to greater pains. Uneasy lies the head that wears the crown~Francis Bacon","url":null,"entities":{"description":{"urls":[]}},"protected":false,"followers_count":2395932,"friends_count":3587,"listed_count":2136,"created_at":"Tue Jan 03 00:31:42 +0000 2012","favourites_count":1898,"utc_offset":18000,"time_zone":"Islamabad","geo_enabled":true,"verified":true,"statuses_count":51675,"lang":"en","contributors_enabled":false,"is_translator":false,"is_translation_enabled":false,"profile_background_color":"C0DEED","profile_background_image_url":"http:\/\/abs.twimg.com\/images\/themes\/theme1\/bg.png","profile_background_image_url_https":"https:\/\/abs.twimg.com\/images\/themes\/theme1\/bg.png","profile_background_tile":false,"profile_image_url":"http:\/\/pbs.twimg.com\/profile_images\/783365862799605760\/zcd2GAtv_normal.jpg","profile_image_url_https":"https:\/\/pbs.twimg.com\/profile_images\/783365862799605760\/zcd2GAtv_normal.jpg","profile_banner_url":"https:\/\/pbs.twimg.com\/profile_banners\/453507741\/1475174462","profile_link_color":"0084B4","profile_sidebar_border_color":"C0DEED","profile_sidebar_fill_color":"DDEEF6","profile_text_color":"333333","profile_use_background_image":true,"has_extended_profile":false,"default_profile":true,"default_profile_image":false,"following":false,"follow_request_sent":false,"notifications":false},"geo":null,"coordinates":null,"place":null,"contributors":null,"retweeted_status":{"created_at":"Sat Oct 08 18:40:21 +0000 2016","id":784825779859312640,"id_str":"784825779859312640","text":"Pakistan , a market with good ROI https:\/\/t.co\/mvx0eHqdwx","truncated":false,"entities":{"hashtags":[],"symbols":[],"user_mentions":[],"urls":[{"url":"https:\/\/t.co\/mvx0eHqdwx","expanded_url":"https:\/\/twitter.com\/dunyanews\/status\/784666847341907968","display_url":"twitter.com\/dunyanews\/stat\u2026","indices":[34,57]}]},"source":"\u003ca href=\"http:\/\/twitter.com\/download\/iphone\" rel=\"nofollow\"\u003eTwitter for iPhone\u003c\/a\u003e","in_reply_to_status_id":null,"in_reply_to_status_id_str":null,"in_reply_to_user_id":null,"in_reply_to_user_id_str":null,"in_reply_to_screen_name":null,"user":{"id":111128175,"id_str":"111128175","name":"Dr Humma","screen_name":"HoneySaif","location":"Land of Tornados","description":"","url":null,"entities":{"description":{"urls":[]}},"protected":false,"followers_count":2167,"friends_count":726,"listed_count":43,"created_at":"Wed Feb 03 22:17:25 +0000 2010","favourites_count":40132,"utc_offset":null,"time_zone":null,"geo_enabled":true,"verified":false,"statuses_count":33180,"lang":"en","contributors_enabled":false,"is_translator":false,"is_translation_enabled":false,"profile_background_color":"C0DEED","profile_background_image_url":"http:\/\/abs.twimg.com\/images\/themes\/theme1\/bg.png","profile_background_image_url_https":"https:\/\/abs.twimg.com\/images\/themes\/theme1\/bg.png","profile_background_tile":false,"profile_image_url":"http:\/\/pbs.twimg.com\/profile_images\/785321126574460928\/J3DyS3eX_normal.jpg","profile_image_url_https":"https:\/\/pbs.twimg.com\/profile_images\/785321126574460928\/J3DyS3eX_normal.jpg","profile_banner_url":"https:\/\/pbs.twimg.com\/profile_banners\/111128175\/1475466471","profile_link_color":"0084B4","profile_sidebar_border_color":"C0DEED","profile_sidebar_fill_color":"DDEEF6","profile_text_color":"333333","profile_use_background_image":true,"has_extended_profile":true,"default_profile":true,"default_profile_image":false,"following":false,"follow_request_sent":false,"notifications":false},"geo":null,"coordinates":null,"place":null,"contributors":null,"is_quote_status":true,"quoted_status_id":784666847341907968,"quoted_status_id_str":"784666847341907968","quoted_status":{"created_at":"Sat Oct 08 08:08:49 +0000 2016","id":784666847341907968,"id_str":"784666847341907968","text":"Pakistan promises good return for foreign investors: Moody\u2019s https:\/\/t.co\/1ywGA9PPfC https:\/\/t.co\/oRaPmhustm","truncated":false,"entities":{"hashtags":[],"symbols":[],"user_mentions":[],"urls":[{"url":"https:\/\/t.co\/1ywGA9PPfC","expanded_url":"http:\/\/bit.ly\/2daeKKA","display_url":"bit.ly\/2daeKKA","indices":[61,84]}],"media":[{"id":784666845928390656,"id_str":"784666845928390656","indices":[85,108],"media_url":"http:\/\/pbs.twimg.com\/media\/CuOyVsqWgAA1I0y.jpg","media_url_https":"https:\/\/pbs.twimg.com\/media\/CuOyVsqWgAA1I0y.jpg","url":"https:\/\/t.co\/oRaPmhustm","display_url":"pic.twitter.com\/oRaPmhustm","expanded_url":"https:\/\/twitter.com\/DunyaNews\/status\/784666847341907968\/photo\/1","type":"photo","sizes":{"medium":{"w":556,"h":370,"resize":"fit"},"thumb":{"w":150,"h":150,"resize":"crop"},"small":{"w":556,"h":370,"resize":"fit"},"large":{"w":556,"h":370,"resize":"fit"}}}]},"extended_entities":{"media":[{"id":784666845928390656,"id_str":"784666845928390656","indices":[85,108],"media_url":"http:\/\/pbs.twimg.com\/media\/CuOyVsqWgAA1I0y.jpg","media_url_https":"https:\/\/pbs.twimg.com\/media\/CuOyVsqWgAA1I0y.jpg","url":"https:\/\/t.co\/oRaPmhustm","display_url":"pic.twitter.com\/oRaPmhustm","expanded_url":"https:\/\/twitter.com\/DunyaNews\/status\/784666847341907968\/photo\/1","type":"photo","sizes":{"medium":{"w":556,"h":370,"resize":"fit"},"thumb":{"w":150,"h":150,"resize":"crop"},"small":{"w":556,"h":370,"resize":"fit"},"large":{"w":556,"h":370,"resize":"fit"}}}]},"source":"\u003ca href=\"http:\/\/dunyanews.tv\/\" rel=\"nofollow\"\u003eDunyaTV\u003c\/a\u003e","in_reply_to_status_id":null,"in_reply_to_status_id_str":null,"in_reply_to_user_id":null,"in_reply_to_user_id_str":null,"in_reply_to_screen_name":null,"user":{"id":99458922,"id_str":"99458922","name":"Dunya News","screen_name":"DunyaNews","location":"","description":"Official Twitter Feed of Dunya News. Follow us for the latest news and updates.   https:\/\/t.co\/F5PdFwqkYB","url":"http:\/\/t.co\/C5zYSpUn65","entities":{"url":{"urls":[{"url":"http:\/\/t.co\/C5zYSpUn65","expanded_url":"http:\/\/www.dunyanews.tv","display_url":"dunyanews.tv","indices":[0,22]}]},"description":{"urls":[{"url":"https:\/\/t.co\/F5PdFwqkYB","expanded_url":"https:\/\/www.facebook.com\/dunyanews","display_url":"facebook.com\/dunyanews","indices":[82,105]}]}},"protected":false,"followers_count":710958,"friends_count":83,"listed_count":829,"created_at":"Sat Dec 26 08:24:33 +0000 2009","favourites_count":9,"utc_offset":18000,"time_zone":"Islamabad","geo_enabled":false,"verified":true,"statuses_count":162089,"lang":"en","contributors_enabled":false,"is_translator":false,"is_translation_enabled":false,"profile_background_color":"02377D","profile_background_image_url":"http:\/\/pbs.twimg.com\/profile_background_images\/610334296\/gv3p1589w2kr4opn1z53.jpeg","profile_background_image_url_https":"https:\/\/pbs.twimg.com\/profile_background_images\/610334296\/gv3p1589w2kr4opn1z53.jpeg","profile_background_tile":false,"profile_image_url":"http:\/\/pbs.twimg.com\/profile_images\/773459764483334145\/TV_l7d5I_normal.jpg","profile_image_url_https":"https:\/\/pbs.twimg.com\/profile_images\/773459764483334145\/TV_l7d5I_normal.jpg","profile_banner_url":"https:\/\/pbs.twimg.com\/profile_banners\/99458922\/1474635514","profile_link_color":"0084B4","profile_sidebar_border_color":"C0DEED","profile_sidebar_fill_color":"DDEEF6","profile_text_color":"333333","profile_use_background_image":true,"has_extended_profile":false,"default_profile":false,"default_profile_image":false,"following":false,"follow_request_sent":false,"notifications":false},"geo":null,"coordinates":null,"place":null,"contributors":null,"is_quote_status":false,"retweet_count":19,"favorite_count":27,"favorited":false,"retweeted":false,"possibly_sensitive":false,"lang":"en"},"retweet_count":296,"favorite_count":478,"favorited":false,"retweeted":false,"possibly_sensitive":false,"lang":"en"},"is_quote_status":true,"quoted_status_id":784666847341907968,"quoted_status_id_str":"784666847341907968","retweet_count":296,"favorite_count":0,"favorited":false,"retweeted":false,"possibly_sensitive":false,"lang":"en"},{"created_at":"Sat Oct 08 18:42:13 +0000 2016","id":784826245808816128,"id_str":"784826245808816128","text":"RT @AbbTakk: Ishaq Dar declared as best 'Finance Minster-2016' in South Asia\nhttps:\/\/t.co\/YqPivX6c41 https:\/\/t.co\/08z8I5WTWk","truncated":false,"entities":{"hashtags":[],"symbols":[],"user_mentions":[{"screen_name":"AbbTakk","name":"AbbTakk","id":1017158666,"id_str":"1017158666","indices":[3,11]}],"urls":[{"url":"https:\/\/t.co\/YqPivX6c41","expanded_url":"https:\/\/goo.gl\/SG05MG","display_url":"goo.gl\/SG05MG","indices":[77,100]}],"media":[{"id":784820621528162305,"id_str":"784820621528162305","indices":[101,124],"media_url":"http:\/\/pbs.twimg.com\/media\/CuQ-MnaWYAEI5aM.jpg","media_url_https":"https:\/\/pbs.twimg.com\/media\/CuQ-MnaWYAEI5aM.jpg","url":"https:\/\/t.co\/08z8I5WTWk","display_url":"pic.twitter.com\/08z8I5WTWk","expanded_url":"https:\/\/twitter.com\/AbbTakk\/status\/784820630273286144\/photo\/1","type":"photo","sizes":{"medium":{"w":620,"h":330,"resize":"fit"},"thumb":{"w":150,"h":150,"resize":"crop"},"large":{"w":620,"h":330,"resize":"fit"},"small":{"w":620,"h":330,"resize":"fit"}},"source_status_id":784820630273286144,"source_status_id_str":"784820630273286144","source_user_id":1017158666,"source_user_id_str":"1017158666"}]},"extended_entities":{"media":[{"id":784820621528162305,"id_str":"784820621528162305","indices":[101,124],"media_url":"http:\/\/pbs.twimg.com\/media\/CuQ-MnaWYAEI5aM.jpg","media_url_https":"https:\/\/pbs.twimg.com\/media\/CuQ-MnaWYAEI5aM.jpg","url":"https:\/\/t.co\/08z8I5WTWk","display_url":"pic.twitter.com\/08z8I5WTWk","expanded_url":"https:\/\/twitter.com\/AbbTakk\/status\/784820630273286144\/photo\/1","type":"photo","sizes":{"medium":{"w":620,"h":330,"resize":"fit"},"thumb":{"w":150,"h":150,"resize":"crop"},"large":{"w":620,"h":330,"resize":"fit"},"small":{"w":620,"h":330,"resize":"fit"}},"source_status_id":784820630273286144,"source_status_id_str":"784820630273286144","source_user_id":1017158666,"source_user_id_str":"1017158666"}]},"source":"\u003ca href=\"http:\/\/twitter.com\/download\/iphone\" rel=\"nofollow\"\u003eTwitter for iPhone\u003c\/a\u003e","in_reply_to_status_id":null,"in_reply_to_status_id_str":null,"in_reply_to_user_id":null,"in_reply_to_user_id_str":null,"in_reply_to_screen_name":null,"user":{"id":453507741,"id_str":"453507741","name":"Maryam Nawaz Sharif","screen_name":"MaryamNSharif","location":"Islamabad, Pakistan","description":"MA Eng Lit. It is a strange desire to seek power and to lose liberty;By pains men come to greater pains. Uneasy lies the head that wears the crown~Francis Bacon","url":null,"entities":{"description":{"urls":[]}},"protected":false,"followers_count":2395932,"friends_count":3587,"listed_count":2136,"created_at":"Tue Jan 03 00:31:42 +0000 2012","favourites_count":1898,"utc_offset":18000,"time_zone":"Islamabad","geo_enabled":true,"verified":true,"statuses_count":51675,"lang":"en","contributors_enabled":false,"is_translator":false,"is_translation_enabled":false,"profile_background_color":"C0DEED","profile_background_image_url":"http:\/\/abs.twimg.com\/images\/themes\/theme1\/bg.png","profile_background_image_url_https":"https:\/\/abs.twimg.com\/images\/themes\/theme1\/bg.png","profile_background_tile":false,"profile_image_url":"http:\/\/pbs.twimg.com\/profile_images\/783365862799605760\/zcd2GAtv_normal.jpg","profile_image_url_https":"https:\/\/pbs.twimg.com\/profile_images\/783365862799605760\/zcd2GAtv_normal.jpg","profile_banner_url":"https:\/\/pbs.twimg.com\/profile_banners\/453507741\/1475174462","profile_link_color":"0084B4","profile_sidebar_border_color":"C0DEED","profile_sidebar_fill_color":"DDEEF6","profile_text_color":"333333","profile_use_background_image":true,"has_extended_profile":false,"default_profile":true,"default_profile_image":false,"following":false,"follow_request_sent":false,"notifications":false},"geo":null,"coordinates":null,"place":null,"contributors":null,"retweeted_status":{"created_at":"Sat Oct 08 18:19:54 +0000 2016","id":784820630273286144,"id_str":"784820630273286144","text":"Ishaq Dar declared as best 'Finance Minster-2016' in South Asia\nhttps:\/\/t.co\/YqPivX6c41 https:\/\/t.co\/08z8I5WTWk","truncated":false,"entities":{"hashtags":[],"symbols":[],"user_mentions":[],"urls":[{"url":"https:\/\/t.co\/YqPivX6c41","expanded_url":"https:\/\/goo.gl\/SG05MG","display_url":"goo.gl\/SG05MG","indices":[64,87]}],"media":[{"id":784820621528162305,"id_str":"784820621528162305","indices":[88,111],"media_url":"http:\/\/pbs.twimg.com\/media\/CuQ-MnaWYAEI5aM.jpg","media_url_https":"https:\/\/pbs.twimg.com\/media\/CuQ-MnaWYAEI5aM.jpg","url":"https:\/\/t.co\/08z8I5WTWk","display_url":"pic.twitter.com\/08z8I5WTWk","expanded_url":"https:\/\/twitter.com\/AbbTakk\/status\/784820630273286144\/photo\/1","type":"photo","sizes":{"medium":{"w":620,"h":330,"resize":"fit"},"thumb":{"w":150,"h":150,"resize":"crop"},"large":{"w":620,"h":330,"resize":"fit"},"small":{"w":620,"h":330,"resize":"fit"}}}]},"extended_entities":{"media":[{"id":784820621528162305,"id_str":"784820621528162305","indices":[88,111],"media_url":"http:\/\/pbs.twimg.com\/media\/CuQ-MnaWYAEI5aM.jpg","media_url_https":"https:\/\/pbs.twimg.com\/media\/CuQ-MnaWYAEI5aM.jpg","url":"https:\/\/t.co\/08z8I5WTWk","display_url":"pic.twitter.com\/08z8I5WTWk","expanded_url":"https:\/\/twitter.com\/AbbTakk\/status\/784820630273286144\/photo\/1","type":"photo","sizes":{"medium":{"w":620,"h":330,"resize":"fit"},"thumb":{"w":150,"h":150,"resize":"crop"},"large":{"w":620,"h":330,"resize":"fit"},"small":{"w":620,"h":330,"resize":"fit"}}}]},"source":"\u003ca href=\"http:\/\/twitter.com\" rel=\"nofollow\"\u003eTwitter Web Client\u003c\/a\u003e","in_reply_to_status_id":null,"in_reply_to_status_id_str":null,"in_reply_to_user_id":null,"in_reply_to_user_id_str":null,"in_reply_to_screen_name":null,"user":{"id":1017158666,"id_str":"1017158666","name":"AbbTakk","screen_name":"AbbTakk","location":"Karachi, Pakistan","description":"Official Twitter Account of Abb Takk News","url":"https:\/\/t.co\/s0QeebPK90","entities":{"url":{"urls":[{"url":"https:\/\/t.co\/s0QeebPK90","expanded_url":"http:\/\/abbtakk.tv","display_url":"abbtakk.tv","indices":[0,23]}]},"description":{"urls":[]}},"protected":false,"followers_count":140746,"friends_count":63,"listed_count":371,"created_at":"Mon Dec 17 10:23:11 +0000 2012","favourites_count":15,"utc_offset":18000,"time_zone":"Karachi","geo_enabled":false,"verified":false,"statuses_count":645687,"lang":"en","contributors_enabled":false,"is_translator":false,"is_translation_enabled":false,"profile_background_color":"C0DEED","profile_background_image_url":"http:\/\/pbs.twimg.com\/profile_background_images\/847292933\/4c5ac6959f6a557cb6d54f84a93ec240.jpeg","profile_background_image_url_https":"https:\/\/pbs.twimg.com\/profile_background_images\/847292933\/4c5ac6959f6a557cb6d54f84a93ec240.jpeg","profile_background_tile":false,"profile_image_url":"http:\/\/pbs.twimg.com\/profile_images\/683647843941367808\/dJr8XG5m_normal.jpg","profile_image_url_https":"https:\/\/pbs.twimg.com\/profile_images\/683647843941367808\/dJr8XG5m_normal.jpg","profile_banner_url":"https:\/\/pbs.twimg.com\/profile_banners\/1017158666\/1449947430","profile_link_color":"B30000","profile_sidebar_border_color":"FFFFFF","profile_sidebar_fill_color":"DDEEF6","profile_text_color":"333333","profile_use_background_image":true,"has_extended_profile":false,"default_profile":false,"default_profile_image":false,"following":false,"follow_request_sent":false,"notifications":false},"geo":null,"coordinates":null,"place":null,"contributors":null,"is_quote_status":false,"retweet_count":163,"favorite_count":407,"favorited":false,"retweeted":false,"possibly_sensitive":false,"lang":"en"},"is_quote_status":false,"retweet_count":163,"favorite_count":0,"favorited":false,"retweeted":false,"possibly_sensitive":false,"lang":"en"},{"created_at":"Sat Oct 08 13:15:33 +0000 2016","id":784744041502142464,"id_str":"784744041502142464","text":"RT @kdastgirkhan: Quote of the day from\n @murtazasolangi \n\n\" \u067e\u0627\u0646\u0627\u0645\u06c1 \u0644\u06cc\u06a9\u0633 \u0628\u06c1\u0627\u0646\u06c1 \u06c1\u06d2\n\u0646\u0648\u0627\u0632\u0634\u0631\u06cc\u0641 \u0646\u0634\u0627\u0646\u06c1 \u06c1\u06d2 \"","truncated":false,"entities":{"hashtags":[],"symbols":[],"user_mentions":[{"screen_name":"kdastgirkhan","name":"Khurram Dastgir-Khan","id":90474198,"id_str":"90474198","indices":[3,16]},{"screen_name":"murtazasolangi","name":"Murtaza Solangi","id":37641696,"id_str":"37641696","indices":[41,56]}],"urls":[]},"source":"\u003ca href=\"http:\/\/twitter.com\/download\/iphone\" rel=\"nofollow\"\u003eTwitter for iPhone\u003c\/a\u003e","in_reply_to_status_id":null,"in_reply_to_status_id_str":null,"in_reply_to_user_id":null,"in_reply_to_user_id_str":null,"in_reply_to_screen_name":null,"user":{"id":453507741,"id_str":"453507741","name":"Maryam Nawaz Sharif","screen_name":"MaryamNSharif","location":"Islamabad, Pakistan","description":"MA Eng Lit. It is a strange desire to seek power and to lose liberty;By pains men come to greater pains. Uneasy lies the head that wears the crown~Francis Bacon","url":null,"entities":{"description":{"urls":[]}},"protected":false,"followers_count":2395932,"friends_count":3587,"listed_count":2136,"created_at":"Tue Jan 03 00:31:42 +0000 2012","favourites_count":1898,"utc_offset":18000,"time_zone":"Islamabad","geo_enabled":true,"verified":true,"statuses_count":51675,"lang":"en","contributors_enabled":false,"is_translator":false,"is_translation_enabled":false,"profile_background_color":"C0DEED","profile_background_image_url":"http:\/\/abs.twimg.com\/images\/themes\/theme1\/bg.png","profile_background_image_url_https":"https:\/\/abs.twimg.com\/images\/themes\/theme1\/bg.png","profile_background_tile":false,"profile_image_url":"http:\/\/pbs.twimg.com\/profile_images\/783365862799605760\/zcd2GAtv_normal.jpg","profile_image_url_https":"https:\/\/pbs.twimg.com\/profile_images\/783365862799605760\/zcd2GAtv_normal.jpg","profile_banner_url":"https:\/\/pbs.twimg.com\/profile_banners\/453507741\/1475174462","profile_link_color":"0084B4","profile_sidebar_border_color":"C0DEED","profile_sidebar_fill_color":"DDEEF6","profile_text_color":"333333","profile_use_background_image":true,"has_extended_profile":false,"default_profile":true,"default_profile_image":false,"following":false,"follow_request_sent":false,"notifications":false},"geo":null,"coordinates":null,"place":null,"contributors":null,"retweeted_status":{"created_at":"Fri Oct 07 11:02:26 +0000 2016","id":784348151813734400,"id_str":"784348151813734400","text":"Quote of the day from\n @murtazasolangi \n\n\" \u067e\u0627\u0646\u0627\u0645\u06c1 \u0644\u06cc\u06a9\u0633 \u0628\u06c1\u0627\u0646\u06c1 \u06c1\u06d2\n\u0646\u0648\u0627\u0632\u0634\u0631\u06cc\u0641 \u0646\u0634\u0627\u0646\u06c1 \u06c1\u06d2 \"","truncated":false,"entities":{"hashtags":[],"symbols":[],"user_mentions":[{"screen_name":"murtazasolangi","name":"Murtaza Solangi","id":37641696,"id_str":"37641696","indices":[23,38]}],"urls":[]},"source":"\u003ca href=\"http:\/\/twitter.com\" rel=\"nofollow\"\u003eTwitter Web Client\u003c\/a\u003e","in_reply_to_status_id":null,"in_reply_to_status_id_str":null,"in_reply_to_user_id":null,"in_reply_to_user_id_str":null,"in_reply_to_screen_name":null,"user":{"id":90474198,"id_str":"90474198","name":"Khurram Dastgir-Khan","screen_name":"kdastgirkhan","location":"","description":"Representing citizens of Gujranwala in National Assembly of Pakistan ~ RTs are NOT endorsements ~ Roshan Pakistan is nearer everyday, Inshallah","url":"https:\/\/t.co\/HQnM9VA0e1","entities":{"url":{"urls":[{"url":"https:\/\/t.co\/HQnM9VA0e1","expanded_url":"https:\/\/www.facebook.com\/commerceminister","display_url":"facebook.com\/commerceminist\u2026","indices":[0,23]}]},"description":{"urls":[]}},"protected":false,"followers_count":165855,"friends_count":979,"listed_count":389,"created_at":"Mon Nov 16 20:17:42 +0000 2009","favourites_count":23,"utc_offset":18000,"time_zone":"Islamabad","geo_enabled":true,"verified":false,"statuses_count":36346,"lang":"en","contributors_enabled":false,"is_translator":false,"is_translation_enabled":false,"profile_background_color":"352726","profile_background_image_url":"http:\/\/abs.twimg.com\/images\/themes\/theme5\/bg.gif","profile_background_image_url_https":"https:\/\/abs.twimg.com\/images\/themes\/theme5\/bg.gif","profile_background_tile":false,"profile_image_url":"http:\/\/pbs.twimg.com\/profile_images\/753330096564568064\/osEYL-ao_normal.jpg","profile_image_url_https":"https:\/\/pbs.twimg.com\/profile_images\/753330096564568064\/osEYL-ao_normal.jpg","profile_banner_url":"https:\/\/pbs.twimg.com\/profile_banners\/90474198\/1471848978","profile_link_color":"D02B55","profile_sidebar_border_color":"829D5E","profile_sidebar_fill_color":"99CC33","profile_text_color":"3E4415","profile_use_background_image":true,"has_extended_profile":false,"default_profile":false,"default_profile_image":false,"following":false,"follow_request_sent":false,"notifications":false},"geo":null,"coordinates":null,"place":null,"contributors":null,"is_quote_status":false,"retweet_count":217,"favorite_count":411,"favorited":false,"retweeted":false,"lang":"ur"},"is_quote_status":false,"retweet_count":217,"favorite_count":0,"favorited":false,"retweeted":false,"lang":"ur"},{"created_at":"Thu Oct 06 17:38:47 +0000 2016","id":784085510490845186,"id_str":"784085510490845186","text":"RT @umarsaif: Don't destroy yourself in trying to harm others ... https:\/\/t.co\/P4Y8tfaxs0","truncated":false,"entities":{"hashtags":[],"symbols":[],"user_mentions":[{"screen_name":"umarsaif","name":"Umar Saif","id":50745599,"id_str":"50745599","indices":[3,12]}],"urls":[],"media":[{"id":783735620392869889,"id_str":"783735620392869889","indices":[66,89],"media_url":"http:\/\/pbs.twimg.com\/media\/CuBjZPNWYAETipa.jpg","media_url_https":"https:\/\/pbs.twimg.com\/media\/CuBjZPNWYAETipa.jpg","url":"https:\/\/t.co\/P4Y8tfaxs0","display_url":"pic.twitter.com\/P4Y8tfaxs0","expanded_url":"https:\/\/twitter.com\/umarsaif\/status\/783735644531154945\/photo\/1","type":"photo","sizes":{"small":{"w":679,"h":653,"resize":"fit"},"large":{"w":679,"h":653,"resize":"fit"},"thumb":{"w":150,"h":150,"resize":"crop"},"medium":{"w":679,"h":653,"resize":"fit"}},"source_status_id":783735644531154945,"source_status_id_str":"783735644531154945","source_user_id":50745599,"source_user_id_str":"50745599"}]},"extended_entities":{"media":[{"id":783735620392869889,"id_str":"783735620392869889","indices":[66,89],"media_url":"http:\/\/pbs.twimg.com\/media\/CuBjZPNWYAETipa.jpg","media_url_https":"https:\/\/pbs.twimg.com\/media\/CuBjZPNWYAETipa.jpg","url":"https:\/\/t.co\/P4Y8tfaxs0","display_url":"pic.twitter.com\/P4Y8tfaxs0","expanded_url":"https:\/\/twitter.com\/umarsaif\/status\/783735644531154945\/photo\/1","type":"photo","sizes":{"small":{"w":679,"h":653,"resize":"fit"},"large":{"w":679,"h":653,"resize":"fit"},"thumb":{"w":150,"h":150,"resize":"crop"},"medium":{"w":679,"h":653,"resize":"fit"}},"source_status_id":783735644531154945,"source_status_id_str":"783735644531154945","source_user_id":50745599,"source_user_id_str":"50745599"}]},"source":"\u003ca href=\"http:\/\/twitter.com\/download\/iphone\" rel=\"nofollow\"\u003eTwitter for iPhone\u003c\/a\u003e","in_reply_to_status_id":null,"in_reply_to_status_id_str":null,"in_reply_to_user_id":null,"in_reply_to_user_id_str":null,"in_reply_to_screen_name":null,"user":{"id":453507741,"id_str":"453507741","name":"Maryam Nawaz Sharif","screen_name":"MaryamNSharif","location":"Islamabad, Pakistan","description":"MA Eng Lit. It is a strange desire to seek power and to lose liberty;By pains men come to greater pains. Uneasy lies the head that wears the crown~Francis Bacon","url":null,"entities":{"description":{"urls":[]}},"protected":false,"followers_count":2395932,"friends_count":3587,"listed_count":2136,"created_at":"Tue Jan 03 00:31:42 +0000 2012","favourites_count":1898,"utc_offset":18000,"time_zone":"Islamabad","geo_enabled":true,"verified":true,"statuses_count":51675,"lang":"en","contributors_enabled":false,"is_translator":false,"is_translation_enabled":false,"profile_background_color":"C0DEED","profile_background_image_url":"http:\/\/abs.twimg.com\/images\/themes\/theme1\/bg.png","profile_background_image_url_https":"https:\/\/abs.twimg.com\/images\/themes\/theme1\/bg.png","profile_background_tile":false,"profile_image_url":"http:\/\/pbs.twimg.com\/profile_images\/783365862799605760\/zcd2GAtv_normal.jpg","profile_image_url_https":"https:\/\/pbs.twimg.com\/profile_images\/783365862799605760\/zcd2GAtv_normal.jpg","profile_banner_url":"https:\/\/pbs.twimg.com\/profile_banners\/453507741\/1475174462","profile_link_color":"0084B4","profile_sidebar_border_color":"C0DEED","profile_sidebar_fill_color":"DDEEF6","profile_text_color":"333333","profile_use_background_image":true,"has_extended_profile":false,"default_profile":true,"default_profile_image":false,"following":false,"follow_request_sent":false,"notifications":false},"geo":null,"coordinates":null,"place":null,"contributors":null,"retweeted_status":{"created_at":"Wed Oct 05 18:28:33 +0000 2016","id":783735644531154945,"id_str":"783735644531154945","text":"Don't destroy yourself in trying to harm others ... https:\/\/t.co\/P4Y8tfaxs0","truncated":false,"entities":{"hashtags":[],"symbols":[],"user_mentions":[],"urls":[],"media":[{"id":783735620392869889,"id_str":"783735620392869889","indices":[52,75],"media_url":"http:\/\/pbs.twimg.com\/media\/CuBjZPNWYAETipa.jpg","media_url_https":"https:\/\/pbs.twimg.com\/media\/CuBjZPNWYAETipa.jpg","url":"https:\/\/t.co\/P4Y8tfaxs0","display_url":"pic.twitter.com\/P4Y8tfaxs0","expanded_url":"https:\/\/twitter.com\/umarsaif\/status\/783735644531154945\/photo\/1","type":"photo","sizes":{"small":{"w":679,"h":653,"resize":"fit"},"large":{"w":679,"h":653,"resize":"fit"},"thumb":{"w":150,"h":150,"resize":"crop"},"medium":{"w":679,"h":653,"resize":"fit"}}}]},"extended_entities":{"media":[{"id":783735620392869889,"id_str":"783735620392869889","indices":[52,75],"media_url":"http:\/\/pbs.twimg.com\/media\/CuBjZPNWYAETipa.jpg","media_url_https":"https:\/\/pbs.twimg.com\/media\/CuBjZPNWYAETipa.jpg","url":"https:\/\/t.co\/P4Y8tfaxs0","display_url":"pic.twitter.com\/P4Y8tfaxs0","expanded_url":"https:\/\/twitter.com\/umarsaif\/status\/783735644531154945\/photo\/1","type":"photo","sizes":{"small":{"w":679,"h":653,"resize":"fit"},"large":{"w":679,"h":653,"resize":"fit"},"thumb":{"w":150,"h":150,"resize":"crop"},"medium":{"w":679,"h":653,"resize":"fit"}}}]},"source":"\u003ca href=\"http:\/\/twitter.com\/download\/iphone\" rel=\"nofollow\"\u003eTwitter for iPhone\u003c\/a\u003e","in_reply_to_status_id":null,"in_reply_to_status_id_str":null,"in_reply_to_user_id":null,"in_reply_to_user_id_str":null,"in_reply_to_screen_name":null,"user":{"id":50745599,"id_str":"50745599","name":"Umar Saif","screen_name":"umarsaif","location":"","description":"Vice-Chancellor of ITU; Chairman of the Punjab IT Board, Govt of Punjab; MIT TR35; WEF YGL; Sitar-i-Imtiaz; Editor-in-Chief MIT Technology Review Pakistan","url":"https:\/\/t.co\/rkX04CkN7B","entities":{"url":{"urls":[{"url":"https:\/\/t.co\/rkX04CkN7B","expanded_url":"https:\/\/www.pitb.gov.pk","display_url":"pitb.gov.pk","indices":[0,23]}]},"description":{"urls":[]}},"protected":false,"followers_count":120650,"friends_count":1028,"listed_count":325,"created_at":"Thu Jun 25 19:41:31 +0000 2009","favourites_count":993,"utc_offset":18000,"time_zone":"Islamabad","geo_enabled":true,"verified":true,"statuses_count":9652,"lang":"en","contributors_enabled":false,"is_translator":false,"is_translation_enabled":false,"profile_background_color":"37384D","profile_background_image_url":"http:\/\/pbs.twimg.com\/profile_background_images\/635827448781869057\/KS-E-e4N.png","profile_background_image_url_https":"https:\/\/pbs.twimg.com\/profile_background_images\/635827448781869057\/KS-E-e4N.png","profile_background_tile":true,"profile_image_url":"http:\/\/pbs.twimg.com\/profile_images\/427060965226852352\/UWtTW26s_normal.jpeg","profile_image_url_https":"https:\/\/pbs.twimg.com\/profile_images\/427060965226852352\/UWtTW26s_normal.jpeg","profile_banner_url":"https:\/\/pbs.twimg.com\/profile_banners\/50745599\/1453570244","profile_link_color":"883DB3","profile_sidebar_border_color":"FFFFFF","profile_sidebar_fill_color":"CB6A57","profile_text_color":"A35354","profile_use_background_image":true,"has_extended_profile":false,"default_profile":false,"default_profile_image":false,"following":false,"follow_request_sent":false,"notifications":false},"geo":null,"coordinates":null,"place":null,"contributors":null,"is_quote_status":false,"retweet_count":287,"favorite_count":531,"favorited":false,"retweeted":false,"possibly_sensitive":false,"lang":"en"},"is_quote_status":false,"retweet_count":287,"favorite_count":0,"favorited":false,"retweeted":false,"possibly_sensitive":false,"lang":"en"},{"created_at":"Thu Oct 06 17:28:08 +0000 2016","id":784082826400559104,"id_str":"784082826400559104","text":"Khush rahain :) https:\/\/t.co\/SIA02q9Aor","truncated":false,"entities":{"hashtags":[],"symbols":[],"user_mentions":[],"urls":[{"url":"https:\/\/t.co\/SIA02q9Aor","expanded_url":"https:\/\/twitter.com\/arslan_pmln\/status\/784081919524954112","display_url":"twitter.com\/arslan_pmln\/st\u2026","indices":[16,39]}]},"source":"\u003ca href=\"http:\/\/twitter.com\/download\/iphone\" rel=\"nofollow\"\u003eTwitter for iPhone\u003c\/a\u003e","in_reply_to_status_id":null,"in_reply_to_status_id_str":null,"in_reply_to_user_id":null,"in_reply_to_user_id_str":null,"in_reply_to_screen_name":null,"user":{"id":453507741,"id_str":"453507741","name":"Maryam Nawaz Sharif","screen_name":"MaryamNSharif","location":"Islamabad, Pakistan","description":"MA Eng Lit. It is a strange desire to seek power and to lose liberty;By pains men come to greater pains. Uneasy lies the head that wears the crown~Francis Bacon","url":null,"entities":{"description":{"urls":[]}},"protected":false,"followers_count":2395932,"friends_count":3587,"listed_count":2136,"created_at":"Tue Jan 03 00:31:42 +0000 2012","favourites_count":1898,"utc_offset":18000,"time_zone":"Islamabad","geo_enabled":true,"verified":true,"statuses_count":51675,"lang":"en","contributors_enabled":false,"is_translator":false,"is_translation_enabled":false,"profile_background_color":"C0DEED","profile_background_image_url":"http:\/\/abs.twimg.com\/images\/themes\/theme1\/bg.png","profile_background_image_url_https":"https:\/\/abs.twimg.com\/images\/themes\/theme1\/bg.png","profile_background_tile":false,"profile_image_url":"http:\/\/pbs.twimg.com\/profile_images\/783365862799605760\/zcd2GAtv_normal.jpg","profile_image_url_https":"https:\/\/pbs.twimg.com\/profile_images\/783365862799605760\/zcd2GAtv_normal.jpg","profile_banner_url":"https:\/\/pbs.twimg.com\/profile_banners\/453507741\/1475174462","profile_link_color":"0084B4","profile_sidebar_border_color":"C0DEED","profile_sidebar_fill_color":"DDEEF6","profile_text_color":"333333","profile_use_background_image":true,"has_extended_profile":false,"default_profile":true,"default_profile_image":false,"following":false,"follow_request_sent":false,"notifications":false},"geo":null,"coordinates":null,"place":null,"contributors":null,"is_quote_status":true,"quoted_status_id":784081919524954112,"quoted_status_id_str":"784081919524954112","quoted_status":{"created_at":"Thu Oct 06 17:24:31 +0000 2016","id":784081919524954112,"id_str":"784081919524954112","text":"\u0645\u06cc\u0645 \u0627\u0644\u0644\u06c1 \u067e\u0627\u06a9 \u0622\u067e \u06a9\u0648 \u0635\u062d\u062a \u062a\u0646\u062f\u0631\u0633\u062a\u06cc \u0639\u0637\u0627 \u0641\u0631\u0645\u0627\u06d2 \u0627\u0648\u0631 \u0635\u062f\u0627 \u062e\u0648\u0634 \u0631\u06a9\u06be\u06d2 \u0622\u0645\u06cc\u0646 \ud83d\ude18\ud83d\ude0d\n@MaryamNSharif https:\/\/t.co\/x1U0lDCNRy","truncated":false,"entities":{"hashtags":[],"symbols":[],"user_mentions":[{"screen_name":"MaryamNSharif","name":"Maryam Nawaz Sharif","id":453507741,"id_str":"453507741","indices":[66,80]}],"urls":[],"media":[{"id":784081912918839296,"id_str":"784081912918839296","indices":[81,104],"media_url":"http:\/\/pbs.twimg.com\/media\/CuGeWHZWEAAFn7S.jpg","media_url_https":"https:\/\/pbs.twimg.com\/media\/CuGeWHZWEAAFn7S.jpg","url":"https:\/\/t.co\/x1U0lDCNRy","display_url":"pic.twitter.com\/x1U0lDCNRy","expanded_url":"https:\/\/twitter.com\/Arslan_PMLN\/status\/784081919524954112\/photo\/1","type":"photo","sizes":{"thumb":{"w":150,"h":150,"resize":"crop"},"medium":{"w":400,"h":400,"resize":"fit"},"large":{"w":400,"h":400,"resize":"fit"},"small":{"w":400,"h":400,"resize":"fit"}}}]},"extended_entities":{"media":[{"id":784081912918839296,"id_str":"784081912918839296","indices":[81,104],"media_url":"http:\/\/pbs.twimg.com\/media\/CuGeWHZWEAAFn7S.jpg","media_url_https":"https:\/\/pbs.twimg.com\/media\/CuGeWHZWEAAFn7S.jpg","url":"https:\/\/t.co\/x1U0lDCNRy","display_url":"pic.twitter.com\/x1U0lDCNRy","expanded_url":"https:\/\/twitter.com\/Arslan_PMLN\/status\/784081919524954112\/photo\/1","type":"photo","sizes":{"thumb":{"w":150,"h":150,"resize":"crop"},"medium":{"w":400,"h":400,"resize":"fit"},"large":{"w":400,"h":400,"resize":"fit"},"small":{"w":400,"h":400,"resize":"fit"}}}]},"source":"\u003ca href=\"http:\/\/twitter.com\/download\/android\" rel=\"nofollow\"\u003eTwitter for Android\u003c\/a\u003e","in_reply_to_status_id":null,"in_reply_to_status_id_str":null,"in_reply_to_user_id":null,"in_reply_to_user_id_str":null,"in_reply_to_screen_name":null,"user":{"id":3075326142,"id_str":"3075326142","name":"\u2b50\u0633\u0631\u06af\u0648\u062f\u06be\u0627 \u06a9\u0627 \u067e\u0679\u0648\u0627\u0631\u06cc\u2b50","screen_name":"Arslan_PMLN","location":"\u0633\u0631\u06af\u0648\u062f\u06be\u0627, \u067e\u0627\u06a9\u0633\u062a\u0627\u0646","description":"https:\/\/t.co\/j6jFAy5X5h","url":"https:\/\/t.co\/q3bkijK03H","entities":{"url":{"urls":[{"url":"https:\/\/t.co\/q3bkijK03H","expanded_url":"https:\/\/www.facebook.com\/SMT.PMLN\/","display_url":"facebook.com\/SMT.PMLN\/","indices":[0,23]}]},"description":{"urls":[{"url":"https:\/\/t.co\/j6jFAy5X5h","expanded_url":"http:\/\/facebook.com\/shani.pmln","display_url":"facebook.com\/shani.pmln","indices":[0,23]}]}},"protected":false,"followers_count":1904,"friends_count":98,"listed_count":3,"created_at":"Thu Mar 12 15:28:35 +0000 2015","favourites_count":4055,"utc_offset":18000,"time_zone":"Asia\/Karachi","geo_enabled":true,"verified":false,"statuses_count":36898,"lang":"en","contributors_enabled":false,"is_translator":false,"is_translation_enabled":false,"profile_background_color":"642D8B","profile_background_image_url":"http:\/\/pbs.twimg.com\/profile_background_images\/614838307902468096\/H9MRi5BD.png","profile_background_image_url_https":"https:\/\/pbs.twimg.com\/profile_background_images\/614838307902468096\/H9MRi5BD.png","profile_background_tile":true,"profile_image_url":"http:\/\/pbs.twimg.com\/profile_images\/782465376290570240\/AAFEAkPm_normal.jpg","profile_image_url_https":"https:\/\/pbs.twimg.com\/profile_images\/782465376290570240\/AAFEAkPm_normal.jpg","profile_banner_url":"https:\/\/pbs.twimg.com\/profile_banners\/3075326142\/1475389126","profile_link_color":"19CF86","profile_sidebar_border_color":"000000","profile_sidebar_fill_color":"000000","profile_text_color":"000000","profile_use_background_image":true,"has_extended_profile":true,"default_profile":false,"default_profile_image":false,"following":false,"follow_request_sent":false,"notifications":false},"geo":null,"coordinates":null,"place":null,"contributors":null,"is_quote_status":false,"retweet_count":11,"favorite_count":51,"favorited":false,"retweeted":false,"possibly_sensitive":false,"lang":"ur"},"retweet_count":162,"favorite_count":587,"favorited":false,"retweeted":false,"possibly_sensitive":false,"lang":"hi"},{"created_at":"Thu Oct 06 17:25:39 +0000 2016","id":784082202317492224,"id_str":"784082202317492224","text":"'There's no honour in killing in the name of honour.' are Prime Minister's words. Congrats to all who contributed.  https:\/\/t.co\/RqVdsF5W7m","truncated":false,"entities":{"hashtags":[],"symbols":[],"user_mentions":[],"urls":[{"url":"https:\/\/t.co\/RqVdsF5W7m","expanded_url":"https:\/\/twitter.com\/newsweekpak\/status\/784058415102459904","display_url":"twitter.com\/newsweekpak\/st\u2026","indices":[116,139]}]},"source":"\u003ca href=\"http:\/\/twitter.com\/download\/iphone\" rel=\"nofollow\"\u003eTwitter for iPhone\u003c\/a\u003e","in_reply_to_status_id":null,"in_reply_to_status_id_str":null,"in_reply_to_user_id":null,"in_reply_to_user_id_str":null,"in_reply_to_screen_name":null,"user":{"id":453507741,"id_str":"453507741","name":"Maryam Nawaz Sharif","screen_name":"MaryamNSharif","location":"Islamabad, Pakistan","description":"MA Eng Lit. It is a strange desire to seek power and to lose liberty;By pains men come to greater pains. Uneasy lies the head that wears the crown~Francis Bacon","url":null,"entities":{"description":{"urls":[]}},"protected":false,"followers_count":2395932,"friends_count":3587,"listed_count":2136,"created_at":"Tue Jan 03 00:31:42 +0000 2012","favourites_count":1898,"utc_offset":18000,"time_zone":"Islamabad","geo_enabled":true,"verified":true,"statuses_count":51675,"lang":"en","contributors_enabled":false,"is_translator":false,"is_translation_enabled":false,"profile_background_color":"C0DEED","profile_background_image_url":"http:\/\/abs.twimg.com\/images\/themes\/theme1\/bg.png","profile_background_image_url_https":"https:\/\/abs.twimg.com\/images\/themes\/theme1\/bg.png","profile_background_tile":false,"profile_image_url":"http:\/\/pbs.twimg.com\/profile_images\/783365862799605760\/zcd2GAtv_normal.jpg","profile_image_url_https":"https:\/\/pbs.twimg.com\/profile_images\/783365862799605760\/zcd2GAtv_normal.jpg","profile_banner_url":"https:\/\/pbs.twimg.com\/profile_banners\/453507741\/1475174462","profile_link_color":"0084B4","profile_sidebar_border_color":"C0DEED","profile_sidebar_fill_color":"DDEEF6","profile_text_color":"333333","profile_use_background_image":true,"has_extended_profile":false,"default_profile":true,"default_profile_image":false,"following":false,"follow_request_sent":false,"notifications":false},"geo":null,"coordinates":null,"place":null,"contributors":null,"is_quote_status":true,"quoted_status_id":784058415102459904,"quoted_status_id_str":"784058415102459904","quoted_status":{"created_at":"Thu Oct 06 15:51:07 +0000 2016","id":784058415102459904,"id_str":"784058415102459904","text":"Long-awaited anti-honor killing legislation passed by #Pakistan National Assembly https:\/\/t.co\/WjC0hZCeCu","truncated":false,"entities":{"hashtags":[{"text":"Pakistan","indices":[54,63]}],"symbols":[],"user_mentions":[],"urls":[{"url":"https:\/\/t.co\/WjC0hZCeCu","expanded_url":"http:\/\/newsweekpakistan.com\/long-awaited-anti-honor-killing-legislation-passed\/","display_url":"newsweekpakistan.com\/long-awaited-a\u2026","indices":[82,105]}]},"source":"\u003ca href=\"https:\/\/about.twitter.com\/products\/tweetdeck\" rel=\"nofollow\"\u003eTweetDeck\u003c\/a\u003e","in_reply_to_status_id":null,"in_reply_to_status_id_str":null,"in_reply_to_user_id":null,"in_reply_to_user_id_str":null,"in_reply_to_screen_name":null,"user":{"id":102296197,"id_str":"102296197","name":"Newsweek Pakistan","screen_name":"NewsweekPak","location":"","description":"Sensible. Reliable. Authoritative. Pakistan's No. 1 newsmagazine.","url":"https:\/\/t.co\/jDQ5tPy4wL","entities":{"url":{"urls":[{"url":"https:\/\/t.co\/jDQ5tPy4wL","expanded_url":"http:\/\/newsweekpakistan.com","display_url":"newsweekpakistan.com","indices":[0,23]}]},"description":{"urls":[]}},"protected":false,"followers_count":156809,"friends_count":190,"listed_count":884,"created_at":"Wed Jan 06 06:43:18 +0000 2010","favourites_count":49,"utc_offset":18000,"time_zone":"Karachi","geo_enabled":false,"verified":true,"statuses_count":11136,"lang":"en","contributors_enabled":false,"is_translator":false,"is_translation_enabled":false,"profile_background_color":"E81C41","profile_background_image_url":"http:\/\/pbs.twimg.com\/profile_background_images\/445168200628449281\/fPvkPco1.png","profile_background_image_url_https":"https:\/\/pbs.twimg.com\/profile_background_images\/445168200628449281\/fPvkPco1.png","profile_background_tile":false,"profile_image_url":"http:\/\/pbs.twimg.com\/profile_images\/523746387356168192\/WSkquvbH_normal.png","profile_image_url_https":"https:\/\/pbs.twimg.com\/profile_images\/523746387356168192\/WSkquvbH_normal.png","profile_banner_url":"https:\/\/pbs.twimg.com\/profile_banners\/102296197\/1468062165","profile_link_color":"737373","profile_sidebar_border_color":"000000","profile_sidebar_fill_color":"F7F7F7","profile_text_color":"8F3434","profile_use_background_image":true,"has_extended_profile":false,"default_profile":false,"default_profile_image":false,"following":false,"follow_request_sent":false,"notifications":false},"geo":null,"coordinates":null,"place":null,"contributors":null,"is_quote_status":false,"retweet_count":23,"favorite_count":23,"favorited":false,"retweeted":false,"possibly_sensitive":false,"lang":"en"},"retweet_count":303,"favorite_count":754,"favorited":false,"retweeted":false,"possibly_sensitive":false,"lang":"en"},{"created_at":"Thu Oct 06 17:18:28 +0000 2016","id":784080394761175040,"id_str":"784080394761175040","text":"God bless \ud83d\udc9e https:\/\/t.co\/tRUZAHWOTI","truncated":false,"entities":{"hashtags":[],"symbols":[],"user_mentions":[],"urls":[{"url":"https:\/\/t.co\/tRUZAHWOTI","expanded_url":"https:\/\/twitter.com\/shabanasohail1\/status\/784076888369164288","display_url":"twitter.com\/shabanasohail1\u2026","indices":[12,35]}]},"source":"\u003ca href=\"http:\/\/twitter.com\/download\/iphone\" rel=\"nofollow\"\u003eTwitter for iPhone\u003c\/a\u003e","in_reply_to_status_id":null,"in_reply_to_status_id_str":null,"in_reply_to_user_id":null,"in_reply_to_user_id_str":null,"in_reply_to_screen_name":null,"user":{"id":453507741,"id_str":"453507741","name":"Maryam Nawaz Sharif","screen_name":"MaryamNSharif","location":"Islamabad, Pakistan","description":"MA Eng Lit. It is a strange desire to seek power and to lose liberty;By pains men come to greater pains. Uneasy lies the head that wears the crown~Francis Bacon","url":null,"entities":{"description":{"urls":[]}},"protected":false,"followers_count":2395932,"friends_count":3587,"listed_count":2136,"created_at":"Tue Jan 03 00:31:42 +0000 2012","favourites_count":1898,"utc_offset":18000,"time_zone":"Islamabad","geo_enabled":true,"verified":true,"statuses_count":51675,"lang":"en","contributors_enabled":false,"is_translator":false,"is_translation_enabled":false,"profile_background_color":"C0DEED","profile_background_image_url":"http:\/\/abs.twimg.com\/images\/themes\/theme1\/bg.png","profile_background_image_url_https":"https:\/\/abs.twimg.com\/images\/themes\/theme1\/bg.png","profile_background_tile":false,"profile_image_url":"http:\/\/pbs.twimg.com\/profile_images\/783365862799605760\/zcd2GAtv_normal.jpg","profile_image_url_https":"https:\/\/pbs.twimg.com\/profile_images\/783365862799605760\/zcd2GAtv_normal.jpg","profile_banner_url":"https:\/\/pbs.twimg.com\/profile_banners\/453507741\/1475174462","profile_link_color":"0084B4","profile_sidebar_border_color":"C0DEED","profile_sidebar_fill_color":"DDEEF6","profile_text_color":"333333","profile_use_background_image":true,"has_extended_profile":false,"default_profile":true,"default_profile_image":false,"following":false,"follow_request_sent":false,"notifications":false},"geo":null,"coordinates":null,"place":null,"contributors":null,"is_quote_status":true,"quoted_status_id":784076888369164288,"quoted_status_id_str":"784076888369164288","quoted_status":{"created_at":"Thu Oct 06 17:04:32 +0000 2016","id":784076888369164288,"id_str":"784076888369164288","text":"My lovely princess \nMy heart \nMy love \nMera ishq mera janoon \nMaryam Nawaz Sharif \n\ud83d\udc96\ud83d\udc96\ud83d\udc96\ud83d\udc96\ud83d\udc96\ud83d\udc96\ud83d\udc96\ud83d\udc96\ud83d\udc96\ud83d\udc96\ud83d\udc96\ud83d\udc96\ud83d\udc96\n@MaryamNSharif https:\/\/t.co\/KcX4rI9A5k","truncated":false,"entities":{"hashtags":[],"symbols":[],"user_mentions":[{"screen_name":"MaryamNSharif","name":"Maryam Nawaz Sharif","id":453507741,"id_str":"453507741","indices":[97,111]}],"urls":[],"media":[{"id":784076880257355776,"id_str":"784076880257355776","indices":[112,135],"media_url":"http:\/\/pbs.twimg.com\/media\/CuGZxLRWEAAjm0q.jpg","media_url_https":"https:\/\/pbs.twimg.com\/media\/CuGZxLRWEAAjm0q.jpg","url":"https:\/\/t.co\/KcX4rI9A5k","display_url":"pic.twitter.com\/KcX4rI9A5k","expanded_url":"https:\/\/twitter.com\/shabanasohail1\/status\/784076888369164288\/photo\/1","type":"photo","sizes":{"thumb":{"w":150,"h":150,"resize":"crop"},"medium":{"w":400,"h":400,"resize":"fit"},"large":{"w":400,"h":400,"resize":"fit"},"small":{"w":400,"h":400,"resize":"fit"}}}]},"extended_entities":{"media":[{"id":784076880257355776,"id_str":"784076880257355776","indices":[112,135],"media_url":"http:\/\/pbs.twimg.com\/media\/CuGZxLRWEAAjm0q.jpg","media_url_https":"https:\/\/pbs.twimg.com\/media\/CuGZxLRWEAAjm0q.jpg","url":"https:\/\/t.co\/KcX4rI9A5k","display_url":"pic.twitter.com\/KcX4rI9A5k","expanded_url":"https:\/\/twitter.com\/shabanasohail1\/status\/784076888369164288\/photo\/1","type":"photo","sizes":{"thumb":{"w":150,"h":150,"resize":"crop"},"medium":{"w":400,"h":400,"resize":"fit"},"large":{"w":400,"h":400,"resize":"fit"},"small":{"w":400,"h":400,"resize":"fit"}}}]},"source":"\u003ca href=\"http:\/\/twitter.com\/download\/android\" rel=\"nofollow\"\u003eTwitter for Android\u003c\/a\u003e","in_reply_to_status_id":null,"in_reply_to_status_id_str":null,"in_reply_to_user_id":null,"in_reply_to_user_id_str":null,"in_reply_to_screen_name":null,"user":{"id":2160967429,"id_str":"2160967429","name":"MY QUAID MARYAM NS \u2764","screen_name":"shabanasohail1","location":"Lahore, Multan","description":"\u200f\u200f\u200f\u200f\u200f\u200f\u200f\u200f\u200f\u200f\u200f\u200f\u200f\u200f\u200fMera Ishq Mera janoon Maryam NAWAZ \nHouse Wife \/ 3 Lovely Children . \nProud_MeMber_Of_SMTeam (PMLN)\n\u062c\u0646\u0645 \u062f\u0646 12 \u062f\u0633\u0645\u0628\u0631","url":null,"entities":{"description":{"urls":[]}},"protected":false,"followers_count":22496,"friends_count":1803,"listed_count":34,"created_at":"Mon Oct 28 14:06:07 +0000 2013","favourites_count":46469,"utc_offset":-25200,"time_zone":"Pacific Time (US & Canada)","geo_enabled":true,"verified":false,"statuses_count":90017,"lang":"en","contributors_enabled":false,"is_translator":false,"is_translation_enabled":false,"profile_background_color":"C0DEED","profile_background_image_url":"http:\/\/abs.twimg.com\/images\/themes\/theme1\/bg.png","profile_background_image_url_https":"https:\/\/abs.twimg.com\/images\/themes\/theme1\/bg.png","profile_background_tile":false,"profile_image_url":"http:\/\/pbs.twimg.com\/profile_images\/780860947762118656\/JpDWeCld_normal.jpg","profile_image_url_https":"https:\/\/pbs.twimg.com\/profile_images\/780860947762118656\/JpDWeCld_normal.jpg","profile_banner_url":"https:\/\/pbs.twimg.com\/profile_banners\/2160967429\/1471703783","profile_link_color":"0084B4","profile_sidebar_border_color":"C0DEED","profile_sidebar_fill_color":"DDEEF6","profile_text_color":"333333","profile_use_background_image":true,"has_extended_profile":true,"default_profile":true,"default_profile_image":false,"following":false,"follow_request_sent":false,"notifications":false},"geo":null,"coordinates":null,"place":null,"contributors":null,"is_quote_status":false,"retweet_count":42,"favorite_count":137,"favorited":false,"retweeted":false,"possibly_sensitive":false,"lang":"en"},"retweet_count":243,"favorite_count":579,"favorited":false,"retweeted":false,"possibly_sensitive":false,"lang":"en"},{"created_at":"Thu Oct 06 16:56:56 +0000 2016","id":784074976047620096,"id_str":"784074976047620096","text":"RT @SamaaAlertz: PM congratulates Parliament for passing anti-honor killing legislation: ISLAMABAD: Prime Minister Muhammad Nawaz Sharif on\u2026","truncated":false,"entities":{"hashtags":[],"symbols":[],"user_mentions":[{"screen_name":"SamaaAlertz","name":"SAMAA TV","id":4045688476,"id_str":"4045688476","indices":[3,15]}],"urls":[]},"source":"\u003ca href=\"http:\/\/twitter.com\/download\/iphone\" rel=\"nofollow\"\u003eTwitter for iPhone\u003c\/a\u003e","in_reply_to_status_id":null,"in_reply_to_status_id_str":null,"in_reply_to_user_id":null,"in_reply_to_user_id_str":null,"in_reply_to_screen_name":null,"user":{"id":453507741,"id_str":"453507741","name":"Maryam Nawaz Sharif","screen_name":"MaryamNSharif","location":"Islamabad, Pakistan","description":"MA Eng Lit. It is a strange desire to seek power and to lose liberty;By pains men come to greater pains. Uneasy lies the head that wears the crown~Francis Bacon","url":null,"entities":{"description":{"urls":[]}},"protected":false,"followers_count":2395932,"friends_count":3587,"listed_count":2136,"created_at":"Tue Jan 03 00:31:42 +0000 2012","favourites_count":1898,"utc_offset":18000,"time_zone":"Islamabad","geo_enabled":true,"verified":true,"statuses_count":51675,"lang":"en","contributors_enabled":false,"is_translator":false,"is_translation_enabled":false,"profile_background_color":"C0DEED","profile_background_image_url":"http:\/\/abs.twimg.com\/images\/themes\/theme1\/bg.png","profile_background_image_url_https":"https:\/\/abs.twimg.com\/images\/themes\/theme1\/bg.png","profile_background_tile":false,"profile_image_url":"http:\/\/pbs.twimg.com\/profile_images\/783365862799605760\/zcd2GAtv_normal.jpg","profile_image_url_https":"https:\/\/pbs.twimg.com\/profile_images\/783365862799605760\/zcd2GAtv_normal.jpg","profile_banner_url":"https:\/\/pbs.twimg.com\/profile_banners\/453507741\/1475174462","profile_link_color":"0084B4","profile_sidebar_border_color":"C0DEED","profile_sidebar_fill_color":"DDEEF6","profile_text_color":"333333","profile_use_background_image":true,"has_extended_profile":false,"default_profile":true,"default_profile_image":false,"following":false,"follow_request_sent":false,"notifications":false},"geo":null,"coordinates":null,"place":null,"contributors":null,"retweeted_status":{"created_at":"Thu Oct 06 16:53:20 +0000 2016","id":784074070698491904,"id_str":"784074070698491904","text":"PM congratulates Parliament for passing anti-honor killing legislation: ISLAMABAD: Prime Minister Muhammad Nawaz Sharif on Thursday c...","truncated":false,"entities":{"hashtags":[],"symbols":[],"user_mentions":[],"urls":[]},"source":"\u003ca href=\"http:\/\/twitterfeed.com\" rel=\"nofollow\"\u003etwitterfeed\u003c\/a\u003e","in_reply_to_status_id":null,"in_reply_to_status_id_str":null,"in_reply_to_user_id":null,"in_reply_to_user_id_str":null,"in_reply_to_screen_name":null,"user":{"id":4045688476,"id_str":"4045688476","name":"SAMAA TV","screen_name":"SamaaAlertz","location":"Pakistan","description":"SAMAA is Pakistan's premier Urdu ''News & current affairs'' channel with a philosophy of bringing unbiased and factual information and analysis round the clock.","url":"https:\/\/t.co\/mE8Nz6ZSSX","entities":{"url":{"urls":[{"url":"https:\/\/t.co\/mE8Nz6ZSSX","expanded_url":"http:\/\/itjehan.blogspot.com\/","display_url":"itjehan.blogspot.com","indices":[0,23]}]},"description":{"urls":[]}},"protected":false,"followers_count":1676,"friends_count":525,"listed_count":13,"created_at":"Mon Oct 26 10:49:59 +0000 2015","favourites_count":0,"utc_offset":-25200,"time_zone":"Pacific Time (US & Canada)","geo_enabled":false,"verified":false,"statuses_count":46538,"lang":"en","contributors_enabled":false,"is_translator":false,"is_translation_enabled":false,"profile_background_color":"C0DEED","profile_background_image_url":"http:\/\/abs.twimg.com\/images\/themes\/theme1\/bg.png","profile_background_image_url_https":"https:\/\/abs.twimg.com\/images\/themes\/theme1\/bg.png","profile_background_tile":false,"profile_image_url":"http:\/\/pbs.twimg.com\/profile_images\/658604025944887296\/vUh9-3o-_normal.jpg","profile_image_url_https":"https:\/\/pbs.twimg.com\/profile_images\/658604025944887296\/vUh9-3o-_normal.jpg","profile_banner_url":"https:\/\/pbs.twimg.com\/profile_banners\/4045688476\/1445859844","profile_link_color":"0084B4","profile_sidebar_border_color":"C0DEED","profile_sidebar_fill_color":"DDEEF6","profile_text_color":"333333","profile_use_background_image":true,"has_extended_profile":true,"default_profile":true,"default_profile_image":false,"following":false,"follow_request_sent":false,"notifications":false},"geo":null,"coordinates":null,"place":null,"contributors":null,"is_quote_status":false,"retweet_count":268,"favorite_count":431,"favorited":false,"retweeted":false,"lang":"en"},"is_quote_status":false,"retweet_count":268,"favorite_count":0,"favorited":false,"retweeted":false,"lang":"en"}]