<?xml version="1.0"?>
<xml><jobData><jobTitle>DEVELOPER FULL STACK</jobTitle><jobSlug>developer-full-stack</jobSlug><jobContent>Its all description</jobContent><jobDate>2022-07-05 08:14:16</jobDate><job_id>915021072</job_id><job_username>annasmith</job_username><job_posted>1656663263</job_posted><job_expired>1661990400</job_expired><application_closing_date>1659312000</application_closing_date><job_featured>yes</job_featured><job_status>active</job_status><job_style>fancy</job_style><job_package>1551271144</job_package><trans_id>893358177</trans_id><external_url_id>https://www.google.com/</external_url_id><post_loc_country>United Kingdom</post_loc_country><post_loc_city>London, UK</post_loc_city><post_comp_address>Complete Physio &#xB7; Chelsea Clinic, Fulham Road, London, UK</post_comp_address><jobCustomFields><salarypackage>15000-20000</salarypackage><careerlevel>student</careerlevel><experiencetotal>less-than-1-year</experiencetotal><gender>female</gender><industry>finance</industry><qualification>certificate</qualification></jobCustomFields><employerData><first_name>chimp</first_name><last_name>st</last_name><user_nicename>chimps</user_nicename><userName>annasmith</userName><user_email>annasmith@pro.com</user_email><user_img>http://shahbazpc/jobcareer/wp-content/uploads/wp-jobhunt-users/5968672-3-180x135.png</user_img><cover_user_img>http://shahbazpc/jobcareer/wp-content/uploads/wp-jobhunt-users/employer_cover-2-180x135.jpg</cover_user_img><phone_number>1090859345</phone_number><user_status>active</user_status><allow_search>yes</allow_search></employerData><specialisms-term><Term>Digital &amp; Creative</Term></specialisms-term><job_type-term><Term>Internship</Term></job_type-term></jobData></xml>
