<?xml version="1.0"?>
<xml><jobData><jobTitle>Test Job Chinese</jobTitle><jobSlug>test-job-chinese</jobSlug><jobContent>test description here</jobContent><jobDate>2022-08-04 09:57:03</jobDate><job_id>813109942</job_id><job_username>annasmith</job_username><job_posted>1659607026</job_posted><job_expired>1666483200</job_expired><application_closing_date>1664755200</application_closing_date><job_featured>no</job_featured><job_status>active</job_status><job_package>1551271144</job_package><trans_id>893358177</trans_id><post_loc_country> United Kingdom</post_loc_country><post_loc_city>Bredford</post_loc_city><post_comp_address> Brentford Community Stadium, Lionel Road South, Brentford, UK</post_comp_address><jobCustomFields><salarypackage>15000-20000</salarypackage><careerlevel>manager</careerlevel><experiencetotal>less-than-1-year</experiencetotal><gender>male</gender><industry>development</industry><qualification>diploma</qualification></jobCustomFields><employerData/><specialisms-term><Term>Charity &amp; Voluntary</Term></specialisms-term><job_type-term><Term>Internship</Term></job_type-term></jobData><jobData><jobTitle>Test Job 11</jobTitle><jobSlug>test-job-11</jobSlug><jobContent>Test description here..</jobContent><jobDate>2022-08-04 08:31:49</jobDate><job_id>621938420</job_id><job_username>annasmith</job_username><job_posted>1659601913</job_posted><job_expired>1661329909</job_expired><application_closing_date>1675382400</application_closing_date><job_featured>no</job_featured><job_status>inactive</job_status><job_package>1551271089</job_package><trans_id>518438667</trans_id><post_loc_country> United Kingdom</post_loc_country><post_loc_city>Bredford</post_loc_city><post_comp_address>Test Address here</post_comp_address><jobCustomFields><salarypackage>15000-20000</salarypackage><careerlevel>officer</careerlevel><experiencetotal>less-than-1-year</experiencetotal><gender>male</gender><industry>management</industry><qualification>diploma</qualification></jobCustomFields><employerData/><specialisms-term><Term>Banking</Term></specialisms-term><job_type-term><Term>Full Time</Term></job_type-term></jobData><jobData><jobTitle>DEVELOPER FULL STACK</jobTitle><jobSlug>developer-full-stack</jobSlug><jobContent>Its all description</jobContent><jobDate>2022-07-05 08:14:16</jobDate><job_id>915021072</job_id><job_username>chimpgroup</job_username><job_posted>1646122463</job_posted><job_expired>1914451200</job_expired><application_closing_date>1911772800</application_closing_date><job_featured>yes</job_featured><job_status>active</job_status><job_style>fancy</job_style><job_package>1551271144</job_package><trans_id>893358177</trans_id><post_loc_country>United Kingdom</post_loc_country><post_loc_city>London, UK</post_loc_city><post_comp_address>Complete Physio &#xB7; Chelsea Clinic, Fulham Road, London, UK</post_comp_address><jobCustomFields><salarypackage>15000-20000</salarypackage><careerlevel>student</careerlevel><experiencetotal>less-than-1-year</experiencetotal><gender>female</gender><industry>finance</industry><qualification>certificate</qualification></jobCustomFields><employerData><first_name>chimp</first_name><last_name>group</last_name><user_nicename>chimpgroup</user_nicename><userName>chimpgroup</userName><user_email>baz.chimpstudio@gmail.com</user_email><user_img>https://shahbazpc.com/jobcareer/wp-content/uploads/wp-jobhunt-users/for-sale-dp-01-180x135.jpg</user_img><phone_number>900859345</phone_number><user_status>active</user_status><allow_search>yes</allow_search></employerData><specialisms-term><Term>Digital &amp; Creative</Term></specialisms-term><job_type-term><Term>Internship</Term></job_type-term></jobData></xml>
