<?xml version="1.0"?>
<xml><jobData><jobTitle>2023 new job</jobTitle><jobSlug>2023-new-job</jobSlug><jobContent>Its all about testing.</jobContent><jobDate>2023-01-04 06:20:59</jobDate><job_id>467927593</job_id><job_username>chimpgroup</job_username><job_posted>1672813263</job_posted><job_expired>1676701259</job_expired><application_closing_date>1749600000</application_closing_date><job_featured>no</job_featured><job_status>awaiting-activation</job_status><job_package>1551271121</job_package><trans_id>776721939</trans_id><post_loc_country> Pakistan</post_loc_country><post_loc_city>Lahore </post_loc_city><post_comp_address>London, United Kingdom</post_comp_address><jobCustomFields><salarypackage>15000-20000</salarypackage><careerlevel>student</careerlevel><experiencetotal>4-years</experiencetotal><gender>both</gender><industry>development</industry><letter>#</letter></jobCustomFields><employerData><first_name>chimp</first_name><last_name>group</last_name><user_nicename>chimpgroup</user_nicename><userName>chimpgroup</userName><user_email>baz.chimpstudio@gmail.com</user_email><user_img>https://shahbazpc.com/jobcareer/wp-content/uploads/wp-jobhunt-users/customize-1-180x135.jpg</user_img><phone_number>900859345</phone_number><user_status>active</user_status><allow_search>no</allow_search></employerData><specialisms-term><Term>Digital &amp; Creative</Term></specialisms-term><job_type-term><Term>Part Time</Term></job_type-term></jobData><jobData><jobTitle>FULL N FINAL JOB CHIMPGROUPPPPP</jobTitle><jobSlug>full-n-final-job-chimpgrouppppp</jobSlug><jobContent>sadadsad</jobContent><jobDate>2022-09-08 06:51:10</jobDate><job_id>893785914</job_id><job_username>vincentsims</job_username><job_posted>1662619874</job_posted><job_expired>1884556800</job_expired><application_closing_date>1698796800</application_closing_date><job_featured>yes</job_featured><job_status>active</job_status><job_style>classic</job_style><job_package>1551271089</job_package><trans_id>402755771</trans_id><post_loc_country>Pakistan</post_loc_country><post_loc_city>Lahore</post_loc_city><post_comp_address>Lahore, Pakistan</post_comp_address><jobCustomFields><salarypackage>20000-30000</salarypackage><careerlevel>manager</careerlevel><experiencetotal>2-years</experiencetotal><gender>both</gender><industry>development</industry><qualification>certificate</qualification><letter>https://shahbazpc.com/jobcareer/wp-content/uploads/2015/12/CV-Jobline.docx</letter></jobCustomFields><employerData><first_name>Vincent</first_name><last_name>Sims</last_name><user_nicename>vincentsims</user_nicename><userName>vincentsims</userName><user_email>dum54@chimpgroup.com</user_email><description>Far much that one rank beheld bluebird after outside ignobly allegedly more when oh arrogantly vehement irresistibly fussy penguin insect additionally wow absolutely crud meretriciously hastily dalmatian a glowered inset one echidna cassowary some parrot and much as goodness some froze the sullen much connected bat wonderfully on instantaneously eel valiantly petted this along across highhandedly much.				Repeatedly dreamed alas opossum but dramatically despite expeditiously that jeepers loosely yikes that as or eel underneath kept and slept compactly far purred sure abidingly up above fitting to strident wiped set waywardly far the and pangolin horse approving paid chuckled cassowary oh above a much opposite far much hypnotically more therefore wasp less that hey apart well like while superbly orca and far hence one.Far much that one rank beheld bluebird after outside ignobly allegedly more when oh arrogantly vehement irresistibly fussy.				&lt;ul&gt;			&lt;li&gt;Far much that one rank beheld bluebird after outside ignobly&lt;/li&gt;			&lt;li&gt;Allegedly more when oh arrogantly vehement irresistibly fussy penguin&lt;/li&gt;			&lt;li&gt;Insect additionally wow absolutely crud meretriciously hastily&lt;/li&gt;			&lt;li&gt;Dalmatian a glowered inset one echidna cassowary some parrot&lt;/li&gt;			&lt;li&gt;Much as goodness some froze the sullen much&lt;/li&gt;			&lt;li&gt;Connected bat Wonderfully on instantaneously eel valiantly petted this along.&lt;/li&gt;		&lt;/ul&gt;				Far much that one rank beheld bluebird after outside ignobly allegedly more when oh arrogantly vehement irresistibly fussy penguin insect additionally wow absolutely crud meretriciously hastily dalmatian a glowered inset one echidna cassowary some parrot and much as goodness some froze the sullen much connected bat wonderfully on instantaneously eel valiantly petted this along across highhandedly much.				Repeatedly dreamed alas opossum but dramatically despite expeditiously that jeepers loosely yikes that as or eel underneath kept and slept compactly far purred sure abidingly up above fitting to strident wiped set waywardly far the and pangolin horse approving paid chuckled cassowary oh above a much opposite far much hypnotically more therefore wasp less that hey apart well like while superbly orca and far hence one.Far much that one rank beheld bluebird after outside ignobly allegedly more when oh arrogantly vehement irresistibly fussy</description><user_img>https://shahbazpc.com/jobcareer/wp-content/uploads/wp-jobhunt-users/employer-logo-02-180x135.png</user_img><phone_number>0044 202 1234567</phone_number><user_status>active</user_status><allow_search>yes</allow_search></employerData><specialisms-term><Term>Banking</Term><Term>IT Contractor</Term></specialisms-term><job_type-term><Term>Internship</Term></job_type-term></jobData><jobData><jobTitle>Test Job 7755</jobTitle><jobSlug>test-job-7755</jobSlug><jobContent>test</jobContent><jobDate>2022-09-08 05:46:21</jobDate><job_id>493496891</job_id><job_username>chimpgroup</job_username><job_posted>1662615985</job_posted><job_expired>1664343981</job_expired><application_closing_date>1667779200</application_closing_date><job_featured>no</job_featured><job_status>inactive</job_status><job_package>1551271089</job_package><post_loc_country>Pakistan</post_loc_country><post_loc_city>Lahore, Lahore Cantonment Tehsil, Punjab, 54010, Pakistan</post_loc_city><post_comp_address>Barkat Market, Garden Town, Lahore, Lahore Cantonment Tehsil, Punjab, 54600, Pakistan</post_comp_address><jobCustomFields><salarypackage>15000-20000</salarypackage><careerlevel>officer</careerlevel><experiencetotal>fresh</experiencetotal><gender>male</gender><industry>finance</industry><qualification>certificate</qualification></jobCustomFields><employerData><first_name>chimp</first_name><last_name>group</last_name><user_nicename>chimpgroup</user_nicename><userName>chimpgroup</userName><user_email>baz.chimpstudio@gmail.com</user_email><user_img>https://shahbazpc.com/jobcareer/wp-content/uploads/wp-jobhunt-users/customize-1-180x135.jpg</user_img><phone_number>900859345</phone_number><user_status>active</user_status><allow_search>no</allow_search></employerData><specialisms-term><Term>Banking</Term></specialisms-term><job_type-term><Term>Internship</Term></job_type-term></jobData><jobData><jobTitle>Test Job 12</jobTitle><jobSlug>test-job-12</jobSlug><jobContent>test</jobContent><jobDate>2022-09-08 05:39:58</jobDate><job_id>179544966</job_id><job_username>chimpgroup</job_username><job_posted>1662615601</job_posted><job_expired>1664343598</job_expired><application_closing_date>1667779200</application_closing_date><job_featured>no</job_featured><job_status>inactive</job_status><job_package>1551271089</job_package><post_loc_country>Pakistan</post_loc_country><post_loc_city>Lahore, Lahore Cantonment Tehsil, Punjab, 54010, Pakistan</post_loc_city><post_comp_address>Barkat Market, Garden Town, Lahore, Lahore Cantonment Tehsil, Punjab, 54600, Pakistan</post_comp_address><jobCustomFields><salarypackage>0--15000</salarypackage><careerlevel>officer</careerlevel><experiencetotal>fresh</experiencetotal><gender>male</gender><industry>development</industry><qualification>diploma</qualification></jobCustomFields><employerData><first_name>chimp</first_name><last_name>group</last_name><user_nicename>chimpgroup</user_nicename><userName>chimpgroup</userName><user_email>baz.chimpstudio@gmail.com</user_email><user_img>https://shahbazpc.com/jobcareer/wp-content/uploads/wp-jobhunt-users/customize-1-180x135.jpg</user_img><phone_number>900859345</phone_number><user_status>active</user_status><allow_search>no</allow_search></employerData><specialisms-term><Term>Banking</Term></specialisms-term><job_type-term><Term>Internship</Term></job_type-term></jobData><jobData><jobTitle>Test Job 19</jobTitle><jobSlug>test-job-19</jobSlug><jobContent>test description</jobContent><jobDate>2022-09-07 11:21:58</jobDate><job_id>507801528</job_id><job_username>chimpgroup</job_username><job_posted>1662549721</job_posted><job_expired>1664277718</job_expired><application_closing_date>1667692800</application_closing_date><job_featured>no</job_featured><job_status>inactive</job_status><job_package>1551271089</job_package><trans_id>387841082</trans_id><post_loc_country>Pakistan</post_loc_country><post_loc_city>Islamabad Capital Territory, Pakistan</post_loc_city><post_comp_address>Barkat Market, Garden Town, Lahore, Lahore Cantonment Tehsil, Punjab, 54600, Pakistan</post_comp_address><jobCustomFields><salarypackage>15000-20000</salarypackage><careerlevel>officer</careerlevel><experiencetotal>less-than-1-year</experiencetotal><gender>female</gender><industry>development</industry><qualification>certificate</qualification></jobCustomFields><employerData><first_name>chimp</first_name><last_name>group</last_name><user_nicename>chimpgroup</user_nicename><userName>chimpgroup</userName><user_email>baz.chimpstudio@gmail.com</user_email><user_img>https://shahbazpc.com/jobcareer/wp-content/uploads/wp-jobhunt-users/customize-1-180x135.jpg</user_img><phone_number>900859345</phone_number><user_status>active</user_status><allow_search>no</allow_search></employerData><specialisms-term><Term>Charity &amp; Voluntary</Term></specialisms-term><job_type-term><Term>Full Time</Term></job_type-term></jobData><jobData><jobTitle>Sydney Australia Posted Job</jobTitle><jobSlug>sydney-australia-posted-job</jobSlug><jobContent>sdsadsadsd</jobContent><jobDate>2022-09-07 10:54:30</jobDate><job_id>742627124</job_id><job_username>chimpgroup</job_username><job_posted>1662548072</job_posted><job_expired>1664276070</job_expired><application_closing_date>1698796800</application_closing_date><job_featured>yes</job_featured><job_status>inactive</job_status><job_package>1551271089</job_package><trans_id>802641613</trans_id><post_loc_country>Australia</post_loc_country><post_loc_city>Sydney</post_loc_city><post_comp_address>Sydney</post_comp_address><jobCustomFields><salarypackage>15000-20000</salarypackage><careerlevel>student</careerlevel><experiencetotal>3-years</experiencetotal><gender>both</gender><industry>management</industry><qualification>bachelor-degree</qualification></jobCustomFields><employerData><first_name>chimp</first_name><last_name>group</last_name><user_nicename>chimpgroup</user_nicename><userName>chimpgroup</userName><user_email>baz.chimpstudio@gmail.com</user_email><user_img>https://shahbazpc.com/jobcareer/wp-content/uploads/wp-jobhunt-users/customize-1-180x135.jpg</user_img><phone_number>900859345</phone_number><user_status>active</user_status><allow_search>no</allow_search></employerData><specialisms-term><Term>Digital &amp; Creative</Term></specialisms-term><job_type-term><Term>Temporary</Term></job_type-term></jobData><jobData><jobTitle>JOB post check using bank transfer</jobTitle><jobSlug>job-post-check-using-bank-transfer</jobSlug><jobContent>Max file size is 1MB, Minimum dimension: 270x210 And Suitable files are .jpg &amp; .png</jobContent><jobDate>2022-09-07 09:58:26</jobDate><job_id>278964759</job_id><job_username>Aimee</job_username><job_posted>1662544708</job_posted><job_expired>1916524800</job_expired><application_closing_date>1759968000</application_closing_date><job_featured>no</job_featured><job_status>active</job_status><job_package>1551271089</job_package><trans_id>396670870</trans_id><jobCustomFields><salarypackage>50000-plus</salarypackage><careerlevel>officer</careerlevel><experiencetotal>3-years</experiencetotal><gender>both</gender><industry>finance</industry><qualification>associate-degree</qualification><letter>letter</letter></jobCustomFields><employerData><first_name>Aimee</first_name><last_name>Nickson</last_name><user_nicename>aimee</user_nicename><userName>Aimee</userName><user_email>dum20@chimpgroup.com</user_email><description>Far much that one rank beheld bluebird after outside ignobly allegedly more when oh arrogantly vehement irresistibly fussy penguin insect additionally wow absolutely crud meretriciously hastily dalmatian a glowered inset one echidna cassowary some parrot and much as goodness some froze the sullen much connected bat wonderfully on instantaneously eel valiantly petted this along across highhandedly much.				Repeatedly dreamed alas opossum but dramatically despite expeditiously that jeepers loosely yikes that as or eel underneath kept and slept compactly far purred sure abidingly up above fitting to strident wiped set waywardly far the and pangolin horse approving paid chuckled cassowary oh above a much opposite far much hypnotically more therefore wasp less that hey apart well like while superbly orca and far hence one.Far much that one rank beheld bluebird after outside ignobly allegedly more when oh arrogantly vehement irresistibly fussy.				&lt;ul&gt;			&lt;li&gt;Far much that one rank beheld bluebird after outside ignobly&lt;/li&gt;			&lt;li&gt;Allegedly more when oh arrogantly vehement irresistibly fussy penguin&lt;/li&gt;			&lt;li&gt;Insect additionally wow absolutely crud meretriciously hastily&lt;/li&gt;			&lt;li&gt;Dalmatian a glowered inset one echidna cassowary some parrot&lt;/li&gt;			&lt;li&gt;Much as goodness some froze the sullen much&lt;/li&gt;			&lt;li&gt;Connected bat Wonderfully on instantaneously eel valiantly petted this along.&lt;/li&gt;		&lt;/ul&gt;				Far much that one rank beheld bluebird after outside ignobly allegedly more when oh arrogantly vehement irresistibly fussy penguin insect additionally wow absolutely crud meretriciously hastily dalmatian a glowered inset one echidna cassowary some parrot and much as goodness some froze the sullen much connected bat wonderfully on instantaneously eel valiantly petted this along across highhandedly much.				Repeatedly dreamed alas opossum but dramatically despite expeditiously that jeepers loosely yikes that as or eel underneath kept and slept compactly far purred sure abidingly up above fitting to strident wiped set waywardly far the and pangolin horse approving paid chuckled cassowary oh above a much opposite far much hypnotically more therefore wasp less that hey apart well like while superbly orca and far hence one.Far much that one rank beheld bluebird after outside ignobly allegedly more when oh arrogantly vehement irresistibly fussy</description><user_img>https://shahbazpc.com/jobcareer/wp-content/uploads/wp-jobhunt-users/employer-logo-01-180x135.png</user_img><phone_number>0044 202 1234567</phone_number><user_status>active</user_status><allow_search>yes</allow_search></employerData><specialisms-term><Term>Graduate</Term></specialisms-term><job_type-term><Term>Temporary</Term></job_type-term></jobData><jobData><jobTitle>Test Job Chinese</jobTitle><jobSlug>test-job-chinese</jobSlug><jobContent>test description here</jobContent><jobDate>2022-08-04 09:57:03</jobDate><job_id>813109942</job_id><job_username>Aimee</job_username><job_posted>1659607026</job_posted><job_expired>1888099200</job_expired><application_closing_date>1728432000</application_closing_date><job_featured>no</job_featured><job_status>active</job_status><job_package>1551271144</job_package><trans_id>893358177</trans_id><post_loc_country> United Kingdom</post_loc_country><post_loc_city>Bredford</post_loc_city><post_comp_address> Brentford Community Stadium, Lionel Road South, Brentford, UK</post_comp_address><jobCustomFields><salarypackage>15000-20000</salarypackage><careerlevel>manager</careerlevel><experiencetotal>less-than-1-year</experiencetotal><gender>male</gender><industry>development</industry><qualification>diploma</qualification><letter>letter</letter></jobCustomFields><employerData><first_name>Aimee</first_name><last_name>Nickson</last_name><user_nicename>aimee</user_nicename><userName>Aimee</userName><user_email>dum20@chimpgroup.com</user_email><description>Far much that one rank beheld bluebird after outside ignobly allegedly more when oh arrogantly vehement irresistibly fussy penguin insect additionally wow absolutely crud meretriciously hastily dalmatian a glowered inset one echidna cassowary some parrot and much as goodness some froze the sullen much connected bat wonderfully on instantaneously eel valiantly petted this along across highhandedly much.				Repeatedly dreamed alas opossum but dramatically despite expeditiously that jeepers loosely yikes that as or eel underneath kept and slept compactly far purred sure abidingly up above fitting to strident wiped set waywardly far the and pangolin horse approving paid chuckled cassowary oh above a much opposite far much hypnotically more therefore wasp less that hey apart well like while superbly orca and far hence one.Far much that one rank beheld bluebird after outside ignobly allegedly more when oh arrogantly vehement irresistibly fussy.				&lt;ul&gt;			&lt;li&gt;Far much that one rank beheld bluebird after outside ignobly&lt;/li&gt;			&lt;li&gt;Allegedly more when oh arrogantly vehement irresistibly fussy penguin&lt;/li&gt;			&lt;li&gt;Insect additionally wow absolutely crud meretriciously hastily&lt;/li&gt;			&lt;li&gt;Dalmatian a glowered inset one echidna cassowary some parrot&lt;/li&gt;			&lt;li&gt;Much as goodness some froze the sullen much&lt;/li&gt;			&lt;li&gt;Connected bat Wonderfully on instantaneously eel valiantly petted this along.&lt;/li&gt;		&lt;/ul&gt;				Far much that one rank beheld bluebird after outside ignobly allegedly more when oh arrogantly vehement irresistibly fussy penguin insect additionally wow absolutely crud meretriciously hastily dalmatian a glowered inset one echidna cassowary some parrot and much as goodness some froze the sullen much connected bat wonderfully on instantaneously eel valiantly petted this along across highhandedly much.				Repeatedly dreamed alas opossum but dramatically despite expeditiously that jeepers loosely yikes that as or eel underneath kept and slept compactly far purred sure abidingly up above fitting to strident wiped set waywardly far the and pangolin horse approving paid chuckled cassowary oh above a much opposite far much hypnotically more therefore wasp less that hey apart well like while superbly orca and far hence one.Far much that one rank beheld bluebird after outside ignobly allegedly more when oh arrogantly vehement irresistibly fussy</description><user_img>https://shahbazpc.com/jobcareer/wp-content/uploads/wp-jobhunt-users/employer-logo-01-180x135.png</user_img><phone_number>0044 202 1234567</phone_number><user_status>active</user_status><allow_search>yes</allow_search></employerData><specialisms-term><Term>Charity &amp; Voluntary</Term></specialisms-term><job_type-term><Term>Internship</Term></job_type-term></jobData><jobData><jobTitle>Test Job 11</jobTitle><jobSlug>test-job-11</jobSlug><jobContent>Test description here..</jobContent><jobDate>2022-08-04 08:31:49</jobDate><job_id>621938420</job_id><job_username>annasmith</job_username><job_posted>1659601913</job_posted><job_expired>1661329909</job_expired><application_closing_date>1675382400</application_closing_date><job_featured>no</job_featured><job_status>inactive</job_status><job_package>1551271089</job_package><trans_id>518438667</trans_id><post_loc_country> United Kingdom</post_loc_country><post_loc_city>Bredford</post_loc_city><post_comp_address>Test Address here</post_comp_address><jobCustomFields><salarypackage>15000-20000</salarypackage><careerlevel>officer</careerlevel><experiencetotal>less-than-1-year</experiencetotal><gender>male</gender><industry>management</industry><qualification>diploma</qualification></jobCustomFields><employerData/><specialisms-term><Term>Banking</Term></specialisms-term><job_type-term><Term>Full Time</Term></job_type-term></jobData><jobData><jobTitle>DEVELOPER FULL STACK</jobTitle><jobSlug>developer-full-stack</jobSlug><jobContent>Its all description</jobContent><jobDate>2022-07-05 08:14:16</jobDate><job_id>915021072</job_id><job_username>chimpgroup</job_username><job_posted>1646122463</job_posted><job_expired>1914451200</job_expired><application_closing_date>1911772800</application_closing_date><job_featured>yes</job_featured><job_status>active</job_status><job_style>fancy</job_style><job_package>1551271144</job_package><trans_id>893358177</trans_id><post_loc_country>Pakistan</post_loc_country><post_loc_city>Lahore</post_loc_city><post_comp_address/><jobCustomFields><salarypackage>15000-20000</salarypackage><careerlevel>student</careerlevel><experiencetotal>less-than-1-year</experiencetotal><gender>female</gender><industry>finance</industry><qualification>certificate</qualification><letter>letter</letter></jobCustomFields><employerData><first_name>chimp</first_name><last_name>group</last_name><user_nicename>chimpgroup</user_nicename><userName>chimpgroup</userName><user_email>baz.chimpstudio@gmail.com</user_email><user_img>https://shahbazpc.com/jobcareer/wp-content/uploads/wp-jobhunt-users/customize-1-180x135.jpg</user_img><phone_number>900859345</phone_number><user_status>active</user_status><allow_search>no</allow_search></employerData><specialisms-term><Term>Digital &amp; Creative</Term></specialisms-term><job_type-term><Term>Freelance</Term><Term>Full Time</Term><Term>Internship</Term><Term>Part Time</Term></job_type-term></jobData></xml>
