[{"price_and_packages":["cs_twitter_widget-1","categories-2","recentposts-1"],"wp_inactive_widgets":["categories-2"],"blogs_sidebar":["cs_ads_banner-14","categories-2","contactinfo-2","recentposts-1","tabs-6","tag_cloud-2","cs_twitter_widget-1"],"faq_sidebar":["categories-2","cs_twitter_widget-1"],"courses_sidebar":["text-5","teams-4"],"courses_detail":["cs_ads_banner-16","recentposts-2","tabs-8","tag_cloud-4"],"event_sidebar":["cs_ads_banner-17","calendar-4","cs_flickr-2"],"gallery_sidebar":["cs_ads_banner-18","calendar-5"],"team_sidebar":["cs_ads_banner-15","tabs-7","tag_cloud-3"],"contact_us":["cs_ads_banner-19","categories-3","recentposts-3","tabs-9","tag_cloud-5","cs_twitter_widget-2"],"search_sidebar":["cs_ads_banner-20","teams-5","tag_cloud-6"],"sidebar-1":["recent-posts-2","recent-comments-2","archives-2","meta-2"],"footer-widget-1":["contactinfo-3","cs_flickr-3","categories-4","cs_twitter_widget-3"]},{"cs_ads_banner":{"14":{"title":"","banner_style":"top_banner","banner_code":"[cs_ads id=\"276833028\"]","banner_view":"single","showcount":""},"16":{"title":"","banner_style":"top_banner","banner_code":"[cs_ads id=\"276833028\"]","banner_view":"single","showcount":""},"17":{"title":"","banner_style":"top_banner","banner_code":"[cs_ads id=\"276833028\"]","banner_view":"single","showcount":""},"18":{"title":"","banner_style":"top_banner","banner_code":"[cs_ads id=\"276833028\"]","banner_view":"single","showcount":""},"15":{"title":"","banner_style":"top_banner","banner_code":"[cs_ads id=\"276833028\"]","banner_view":"single","showcount":""},"19":{"title":"","banner_style":"top_banner","banner_code":"[cs_ads id=\"276833028\"]","banner_view":"single","showcount":""},"20":{"title":"","banner_style":"top_banner","banner_code":"[cs_ads id=\"276833028\"]","banner_view":"single","showcount":""},"_multiwidget":1},"categories":{"2":{"title":"Blog Categories","dropdown":"","count":"","hierarchical":""},"3":{"title":"CATEGORIES","count":0,"hierarchical":0,"dropdown":0},"4":{"title":"Categories","count":0,"hierarchical":0,"dropdown":0},"_multiwidget":1},"contactinfo":{"2":{"title":"Contact Us","address":"Patricia C. Amedee 4401 Waldeck Street Grapevine Nashville, TX 76051","phone":"123 456 789 10","fax":"123 456 789","email":"info@example.com"},"3":{"title":"Contact Info","address":"123 Eccles Old Road New Salford Road, East London, United Kingdom, M6 7AF","phone":"02 562-958, 02 562-958","fax":"123 500 500 500","email":"info@example.com"},"_multiwidget":1},"recentposts":{"1":{"title":"Recent Blogs","select_category":"","showcount":"3","thumb":false},"2":{"title":"Recent News","select_category":"","showcount":"3"},"3":{"title":"","select_category":"","showcount":""},"_multiwidget":1},"tabs":{"6":{"title":"Recent News","select_category":null,"showcount":"3"},"8":{"title":"RECENT NEWS","select_category":null,"showcount":"3"},"7":{"title":"Recent News","select_category":null,"showcount":"3"},"9":{"title":"RECENT NEWS","select_category":null,"showcount":"3"},"_multiwidget":1},"tag_cloud":{"2":{"title":"Tag Cloud","taxonomy":"post_tag"},"4":{"title":"Tag Cloud","taxonomy":"post_tag"},"3":{"title":"Tag Cloud","taxonomy":"post_tag"},"5":{"title":"TAG CLOUD","taxonomy":"post_tag"},"6":{"title":"Tag Cloud","taxonomy":"post_tag"},"_multiwidget":1},"cs_twitter_widget":{"1":{"title":"Twitter","username":"envato","numoftweets":"3"},"2":{"title":"LAEST TWEETS","username":"envato","numoftweets":"3"},"3":{"title":"Latest Tweets","username":"envato","numoftweets":"2"},"_multiwidget":1},"text":{"5":{"title":"","text":"[cs_search column_size=\"1\/1\" cs_search_section_title=\"Search Course  \" cs_search_des=\"Our courses are applied,innovative and grounded in the real world.\"]","filter":false},"_multiwidget":1},"teams":{"4":{"title":"Unversity Staff","select_category":["377","376","375","374"],"showcount":null},"5":{"title":"Team","select_category":["377","376","375","374"],"showcount":null},"_multiwidget":1},"calendar":{"4":{"title":"Calendar"},"5":{"title":"Calendar"},"_multiwidget":1},"cs_flickr":{"2":{"title":"Photo Gallery","username":"dspn","no_of_photos":"12"},"3":{"title":"Flickr Gallery","username":"dspn","no_of_photos":"12"},"_multiwidget":1},"recent-posts":{"2":{"title":"","number":5},"_multiwidget":1},"recent-comments":{"2":{"title":"","number":5},"_multiwidget":1},"archives":{"2":{"title":"","count":0,"dropdown":0},"_multiwidget":1},"meta":{"2":{"title":""},"_multiwidget":1},"":{"ction":"","_multiwidget":null}}]