[{"created_at":"Thu Jul 28 06:27:23 +0000 2016","id":758549393163313152,"id_str":"758549393163313152","text":"A useful beginner's guide to help you get your online store up &amp; running. https:\/\/t.co\/wPBKMgpzXI #ecommerce https:\/\/t.co\/goFqmHPTc3","truncated":false,"entities":{"hashtags":[{"text":"ecommerce","indices":[102,112]}],"symbols":[],"user_mentions":[],"urls":[{"url":"https:\/\/t.co\/wPBKMgpzXI","expanded_url":"http:\/\/enva.to\/zJv2b","display_url":"enva.to\/zJv2b","indices":[78,101]}],"media":[{"id":758549389120069632,"id_str":"758549389120069632","indices":[113,136],"media_url":"http:\/\/pbs.twimg.com\/media\/CobopoMXYAA8J7V.jpg","media_url_https":"https:\/\/pbs.twimg.com\/media\/CobopoMXYAA8J7V.jpg","url":"https:\/\/t.co\/goFqmHPTc3","display_url":"pic.twitter.com\/goFqmHPTc3","expanded_url":"http:\/\/twitter.com\/envato\/status\/758549393163313152\/photo\/1","type":"photo","sizes":{"medium":{"w":506,"h":253,"resize":"fit"},"thumb":{"w":150,"h":150,"resize":"crop"},"large":{"w":506,"h":253,"resize":"fit"},"small":{"w":506,"h":253,"resize":"fit"}}}]},"extended_entities":{"media":[{"id":758549389120069632,"id_str":"758549389120069632","indices":[113,136],"media_url":"http:\/\/pbs.twimg.com\/media\/CobopoMXYAA8J7V.jpg","media_url_https":"https:\/\/pbs.twimg.com\/media\/CobopoMXYAA8J7V.jpg","url":"https:\/\/t.co\/goFqmHPTc3","display_url":"pic.twitter.com\/goFqmHPTc3","expanded_url":"http:\/\/twitter.com\/envato\/status\/758549393163313152\/photo\/1","type":"photo","sizes":{"medium":{"w":506,"h":253,"resize":"fit"},"thumb":{"w":150,"h":150,"resize":"crop"},"large":{"w":506,"h":253,"resize":"fit"},"small":{"w":506,"h":253,"resize":"fit"}}}]},"source":"\u003ca href=\"http:\/\/www.hootsuite.com\" rel=\"nofollow\"\u003eHootsuite\u003c\/a\u003e","in_reply_to_status_id":null,"in_reply_to_status_id_str":null,"in_reply_to_user_id":null,"in_reply_to_user_id_str":null,"in_reply_to_screen_name":null,"user":{"id":16582191,"id_str":"16582191","name":"Envato","screen_name":"envato","location":"Melbourne","description":"A global community of designers & developers. #Australian made #startup @envatomarket @tutsplus. Customer support @envato_help","url":"http:\/\/t.co\/5OvUThFPYI","entities":{"url":{"urls":[{"url":"http:\/\/t.co\/5OvUThFPYI","expanded_url":"http:\/\/envato.com","display_url":"envato.com","indices":[0,22]}]},"description":{"urls":[]}},"protected":false,"followers_count":60153,"friends_count":1493,"listed_count":2008,"created_at":"Fri Oct 03 19:11:51 +0000 2008","favourites_count":693,"utc_offset":36000,"time_zone":"Melbourne","geo_enabled":false,"verified":true,"statuses_count":7740,"lang":"en","contributors_enabled":false,"is_translator":false,"is_translation_enabled":false,"profile_background_color":"323435","profile_background_image_url":"http:\/\/pbs.twimg.com\/profile_background_images\/378800000036129044\/4aaf87e960f30537daa1a0a0c3c4fc31.jpeg","profile_background_image_url_https":"https:\/\/pbs.twimg.com\/profile_background_images\/378800000036129044\/4aaf87e960f30537daa1a0a0c3c4fc31.jpeg","profile_background_tile":false,"profile_image_url":"http:\/\/pbs.twimg.com\/profile_images\/655904741617086464\/nwevoHSQ_normal.png","profile_image_url_https":"https:\/\/pbs.twimg.com\/profile_images\/655904741617086464\/nwevoHSQ_normal.png","profile_banner_url":"https:\/\/pbs.twimg.com\/profile_banners\/16582191\/1448924865","profile_link_color":"83B449","profile_sidebar_border_color":"FFFFFF","profile_sidebar_fill_color":"6C9450","profile_text_color":"242424","profile_use_background_image":true,"has_extended_profile":false,"default_profile":false,"default_profile_image":false,"following":false,"follow_request_sent":false,"notifications":false},"geo":null,"coordinates":null,"place":null,"contributors":null,"is_quote_status":false,"retweet_count":6,"favorite_count":10,"favorited":false,"retweeted":false,"possibly_sensitive":false,"lang":"en"},{"created_at":"Wed Jul 27 03:37:59 +0000 2016","id":758144376044417024,"id_str":"758144376044417024","text":"Some great tips from AudioJungle author @OlexandrIgnatov.  https:\/\/t.co\/LZT2gdw1gq","truncated":false,"entities":{"hashtags":[],"symbols":[],"user_mentions":[{"screen_name":"OlexandrIgnatov","name":"Olexandr Ignatov","id":303303750,"id_str":"303303750","indices":[40,56]}],"urls":[{"url":"https:\/\/t.co\/LZT2gdw1gq","expanded_url":"http:\/\/enva.to\/mgO8v","display_url":"enva.to\/mgO8v","indices":[59,82]}]},"source":"\u003ca href=\"http:\/\/www.hootsuite.com\" rel=\"nofollow\"\u003eHootsuite\u003c\/a\u003e","in_reply_to_status_id":null,"in_reply_to_status_id_str":null,"in_reply_to_user_id":null,"in_reply_to_user_id_str":null,"in_reply_to_screen_name":null,"user":{"id":16582191,"id_str":"16582191","name":"Envato","screen_name":"envato","location":"Melbourne","description":"A global community of designers & developers. #Australian made #startup @envatomarket @tutsplus. Customer support @envato_help","url":"http:\/\/t.co\/5OvUThFPYI","entities":{"url":{"urls":[{"url":"http:\/\/t.co\/5OvUThFPYI","expanded_url":"http:\/\/envato.com","display_url":"envato.com","indices":[0,22]}]},"description":{"urls":[]}},"protected":false,"followers_count":60153,"friends_count":1493,"listed_count":2008,"created_at":"Fri Oct 03 19:11:51 +0000 2008","favourites_count":693,"utc_offset":36000,"time_zone":"Melbourne","geo_enabled":false,"verified":true,"statuses_count":7740,"lang":"en","contributors_enabled":false,"is_translator":false,"is_translation_enabled":false,"profile_background_color":"323435","profile_background_image_url":"http:\/\/pbs.twimg.com\/profile_background_images\/378800000036129044\/4aaf87e960f30537daa1a0a0c3c4fc31.jpeg","profile_background_image_url_https":"https:\/\/pbs.twimg.com\/profile_background_images\/378800000036129044\/4aaf87e960f30537daa1a0a0c3c4fc31.jpeg","profile_background_tile":false,"profile_image_url":"http:\/\/pbs.twimg.com\/profile_images\/655904741617086464\/nwevoHSQ_normal.png","profile_image_url_https":"https:\/\/pbs.twimg.com\/profile_images\/655904741617086464\/nwevoHSQ_normal.png","profile_banner_url":"https:\/\/pbs.twimg.com\/profile_banners\/16582191\/1448924865","profile_link_color":"83B449","profile_sidebar_border_color":"FFFFFF","profile_sidebar_fill_color":"6C9450","profile_text_color":"242424","profile_use_background_image":true,"has_extended_profile":false,"default_profile":false,"default_profile_image":false,"following":false,"follow_request_sent":false,"notifications":false},"geo":null,"coordinates":null,"place":null,"contributors":null,"is_quote_status":false,"retweet_count":4,"favorite_count":4,"favorited":false,"retweeted":false,"possibly_sensitive":false,"lang":"en"},{"created_at":"Tue Jul 26 11:27:56 +0000 2016","id":757900254607998976,"id_str":"757900254607998976","text":"How to reduce busy work as a #smallbusiness owner. https:\/\/t.co\/UgCb0BWsOK https:\/\/t.co\/6NK7dspZo8","truncated":false,"entities":{"hashtags":[{"text":"smallbusiness","indices":[29,43]}],"symbols":[],"user_mentions":[],"urls":[{"url":"https:\/\/t.co\/UgCb0BWsOK","expanded_url":"http:\/\/enva.to\/FmPaN","display_url":"enva.to\/FmPaN","indices":[51,74]}],"media":[{"id":757900252045246464,"id_str":"757900252045246464","indices":[75,98],"media_url":"http:\/\/pbs.twimg.com\/media\/CoSaQ4JWAAA2jgZ.jpg","media_url_https":"https:\/\/pbs.twimg.com\/media\/CoSaQ4JWAAA2jgZ.jpg","url":"https:\/\/t.co\/6NK7dspZo8","display_url":"pic.twitter.com\/6NK7dspZo8","expanded_url":"http:\/\/twitter.com\/envato\/status\/757900254607998976\/photo\/1","type":"photo","sizes":{"medium":{"w":506,"h":253,"resize":"fit"},"thumb":{"w":150,"h":150,"resize":"crop"},"large":{"w":506,"h":253,"resize":"fit"},"small":{"w":506,"h":253,"resize":"fit"}}}]},"extended_entities":{"media":[{"id":757900252045246464,"id_str":"757900252045246464","indices":[75,98],"media_url":"http:\/\/pbs.twimg.com\/media\/CoSaQ4JWAAA2jgZ.jpg","media_url_https":"https:\/\/pbs.twimg.com\/media\/CoSaQ4JWAAA2jgZ.jpg","url":"https:\/\/t.co\/6NK7dspZo8","display_url":"pic.twitter.com\/6NK7dspZo8","expanded_url":"http:\/\/twitter.com\/envato\/status\/757900254607998976\/photo\/1","type":"photo","sizes":{"medium":{"w":506,"h":253,"resize":"fit"},"thumb":{"w":150,"h":150,"resize":"crop"},"large":{"w":506,"h":253,"resize":"fit"},"small":{"w":506,"h":253,"resize":"fit"}}}]},"source":"\u003ca href=\"http:\/\/www.hootsuite.com\" rel=\"nofollow\"\u003eHootsuite\u003c\/a\u003e","in_reply_to_status_id":null,"in_reply_to_status_id_str":null,"in_reply_to_user_id":null,"in_reply_to_user_id_str":null,"in_reply_to_screen_name":null,"user":{"id":16582191,"id_str":"16582191","name":"Envato","screen_name":"envato","location":"Melbourne","description":"A global community of designers & developers. #Australian made #startup @envatomarket @tutsplus. Customer support @envato_help","url":"http:\/\/t.co\/5OvUThFPYI","entities":{"url":{"urls":[{"url":"http:\/\/t.co\/5OvUThFPYI","expanded_url":"http:\/\/envato.com","display_url":"envato.com","indices":[0,22]}]},"description":{"urls":[]}},"protected":false,"followers_count":60153,"friends_count":1493,"listed_count":2008,"created_at":"Fri Oct 03 19:11:51 +0000 2008","favourites_count":693,"utc_offset":36000,"time_zone":"Melbourne","geo_enabled":false,"verified":true,"statuses_count":7740,"lang":"en","contributors_enabled":false,"is_translator":false,"is_translation_enabled":false,"profile_background_color":"323435","profile_background_image_url":"http:\/\/pbs.twimg.com\/profile_background_images\/378800000036129044\/4aaf87e960f30537daa1a0a0c3c4fc31.jpeg","profile_background_image_url_https":"https:\/\/pbs.twimg.com\/profile_background_images\/378800000036129044\/4aaf87e960f30537daa1a0a0c3c4fc31.jpeg","profile_background_tile":false,"profile_image_url":"http:\/\/pbs.twimg.com\/profile_images\/655904741617086464\/nwevoHSQ_normal.png","profile_image_url_https":"https:\/\/pbs.twimg.com\/profile_images\/655904741617086464\/nwevoHSQ_normal.png","profile_banner_url":"https:\/\/pbs.twimg.com\/profile_banners\/16582191\/1448924865","profile_link_color":"83B449","profile_sidebar_border_color":"FFFFFF","profile_sidebar_fill_color":"6C9450","profile_text_color":"242424","profile_use_background_image":true,"has_extended_profile":false,"default_profile":false,"default_profile_image":false,"following":false,"follow_request_sent":false,"notifications":false},"geo":null,"coordinates":null,"place":null,"contributors":null,"is_quote_status":false,"retweet_count":4,"favorite_count":8,"favorited":false,"retweeted":false,"possibly_sensitive":false,"lang":"en"},{"created_at":"Tue Jul 26 00:10:17 +0000 2016","id":757729719680954368,"id_str":"757729719680954368","text":"We've recently added #Webflow templates to @EnvatoMarket. Learn how to use them in this handy guide. https:\/\/t.co\/6JAeJOpvsz","truncated":false,"entities":{"hashtags":[{"text":"Webflow","indices":[21,29]}],"symbols":[],"user_mentions":[{"screen_name":"EnvatoMarket","name":"Envato Market","id":2508601772,"id_str":"2508601772","indices":[43,56]}],"urls":[{"url":"https:\/\/t.co\/6JAeJOpvsz","expanded_url":"http:\/\/enva.to\/Dw349","display_url":"enva.to\/Dw349","indices":[101,124]}]},"source":"\u003ca href=\"http:\/\/www.hootsuite.com\" rel=\"nofollow\"\u003eHootsuite\u003c\/a\u003e","in_reply_to_status_id":null,"in_reply_to_status_id_str":null,"in_reply_to_user_id":null,"in_reply_to_user_id_str":null,"in_reply_to_screen_name":null,"user":{"id":16582191,"id_str":"16582191","name":"Envato","screen_name":"envato","location":"Melbourne","description":"A global community of designers & developers. #Australian made #startup @envatomarket @tutsplus. Customer support @envato_help","url":"http:\/\/t.co\/5OvUThFPYI","entities":{"url":{"urls":[{"url":"http:\/\/t.co\/5OvUThFPYI","expanded_url":"http:\/\/envato.com","display_url":"envato.com","indices":[0,22]}]},"description":{"urls":[]}},"protected":false,"followers_count":60153,"friends_count":1493,"listed_count":2008,"created_at":"Fri Oct 03 19:11:51 +0000 2008","favourites_count":693,"utc_offset":36000,"time_zone":"Melbourne","geo_enabled":false,"verified":true,"statuses_count":7740,"lang":"en","contributors_enabled":false,"is_translator":false,"is_translation_enabled":false,"profile_background_color":"323435","profile_background_image_url":"http:\/\/pbs.twimg.com\/profile_background_images\/378800000036129044\/4aaf87e960f30537daa1a0a0c3c4fc31.jpeg","profile_background_image_url_https":"https:\/\/pbs.twimg.com\/profile_background_images\/378800000036129044\/4aaf87e960f30537daa1a0a0c3c4fc31.jpeg","profile_background_tile":false,"profile_image_url":"http:\/\/pbs.twimg.com\/profile_images\/655904741617086464\/nwevoHSQ_normal.png","profile_image_url_https":"https:\/\/pbs.twimg.com\/profile_images\/655904741617086464\/nwevoHSQ_normal.png","profile_banner_url":"https:\/\/pbs.twimg.com\/profile_banners\/16582191\/1448924865","profile_link_color":"83B449","profile_sidebar_border_color":"FFFFFF","profile_sidebar_fill_color":"6C9450","profile_text_color":"242424","profile_use_background_image":true,"has_extended_profile":false,"default_profile":false,"default_profile_image":false,"following":false,"follow_request_sent":false,"notifications":false},"geo":null,"coordinates":null,"place":null,"contributors":null,"is_quote_status":false,"retweet_count":2,"favorite_count":8,"favorited":false,"retweeted":false,"possibly_sensitive":false,"lang":"en"},{"created_at":"Mon Jul 25 17:35:17 +0000 2016","id":757630314801922048,"id_str":"757630314801922048","text":"See what we're working on this year; @collis outlines Envato's 2016 roadmap. https:\/\/t.co\/qQtij192Y7 https:\/\/t.co\/MtCPlC88Nf","truncated":false,"entities":{"hashtags":[],"symbols":[],"user_mentions":[{"screen_name":"collis","name":"Collis","id":14282124,"id_str":"14282124","indices":[37,44]}],"urls":[{"url":"https:\/\/t.co\/qQtij192Y7","expanded_url":"http:\/\/enva.to\/wXsSK","display_url":"enva.to\/wXsSK","indices":[77,100]}],"media":[{"id":757630310616031232,"id_str":"757630310616031232","indices":[101,124],"media_url":"http:\/\/pbs.twimg.com\/media\/CoOkwN9WYAAQhvC.jpg","media_url_https":"https:\/\/pbs.twimg.com\/media\/CoOkwN9WYAAQhvC.jpg","url":"https:\/\/t.co\/MtCPlC88Nf","display_url":"pic.twitter.com\/MtCPlC88Nf","expanded_url":"http:\/\/twitter.com\/envato\/status\/757630314801922048\/photo\/1","type":"photo","sizes":{"large":{"w":506,"h":253,"resize":"fit"},"thumb":{"w":150,"h":150,"resize":"crop"},"small":{"w":506,"h":253,"resize":"fit"},"medium":{"w":506,"h":253,"resize":"fit"}}}]},"extended_entities":{"media":[{"id":757630310616031232,"id_str":"757630310616031232","indices":[101,124],"media_url":"http:\/\/pbs.twimg.com\/media\/CoOkwN9WYAAQhvC.jpg","media_url_https":"https:\/\/pbs.twimg.com\/media\/CoOkwN9WYAAQhvC.jpg","url":"https:\/\/t.co\/MtCPlC88Nf","display_url":"pic.twitter.com\/MtCPlC88Nf","expanded_url":"http:\/\/twitter.com\/envato\/status\/757630314801922048\/photo\/1","type":"photo","sizes":{"large":{"w":506,"h":253,"resize":"fit"},"thumb":{"w":150,"h":150,"resize":"crop"},"small":{"w":506,"h":253,"resize":"fit"},"medium":{"w":506,"h":253,"resize":"fit"}}}]},"source":"\u003ca href=\"http:\/\/www.hootsuite.com\" rel=\"nofollow\"\u003eHootsuite\u003c\/a\u003e","in_reply_to_status_id":null,"in_reply_to_status_id_str":null,"in_reply_to_user_id":null,"in_reply_to_user_id_str":null,"in_reply_to_screen_name":null,"user":{"id":16582191,"id_str":"16582191","name":"Envato","screen_name":"envato","location":"Melbourne","description":"A global community of designers & developers. #Australian made #startup @envatomarket @tutsplus. Customer support @envato_help","url":"http:\/\/t.co\/5OvUThFPYI","entities":{"url":{"urls":[{"url":"http:\/\/t.co\/5OvUThFPYI","expanded_url":"http:\/\/envato.com","display_url":"envato.com","indices":[0,22]}]},"description":{"urls":[]}},"protected":false,"followers_count":60153,"friends_count":1493,"listed_count":2008,"created_at":"Fri Oct 03 19:11:51 +0000 2008","favourites_count":693,"utc_offset":36000,"time_zone":"Melbourne","geo_enabled":false,"verified":true,"statuses_count":7740,"lang":"en","contributors_enabled":false,"is_translator":false,"is_translation_enabled":false,"profile_background_color":"323435","profile_background_image_url":"http:\/\/pbs.twimg.com\/profile_background_images\/378800000036129044\/4aaf87e960f30537daa1a0a0c3c4fc31.jpeg","profile_background_image_url_https":"https:\/\/pbs.twimg.com\/profile_background_images\/378800000036129044\/4aaf87e960f30537daa1a0a0c3c4fc31.jpeg","profile_background_tile":false,"profile_image_url":"http:\/\/pbs.twimg.com\/profile_images\/655904741617086464\/nwevoHSQ_normal.png","profile_image_url_https":"https:\/\/pbs.twimg.com\/profile_images\/655904741617086464\/nwevoHSQ_normal.png","profile_banner_url":"https:\/\/pbs.twimg.com\/profile_banners\/16582191\/1448924865","profile_link_color":"83B449","profile_sidebar_border_color":"FFFFFF","profile_sidebar_fill_color":"6C9450","profile_text_color":"242424","profile_use_background_image":true,"has_extended_profile":false,"default_profile":false,"default_profile_image":false,"following":false,"follow_request_sent":false,"notifications":false},"geo":null,"coordinates":null,"place":null,"contributors":null,"is_quote_status":false,"retweet_count":3,"favorite_count":8,"favorited":false,"retweeted":false,"possibly_sensitive":false,"lang":"en"},{"created_at":"Mon Jul 25 02:02:53 +0000 2016","id":757395669258760192,"id_str":"757395669258760192","text":"\u23f0\ud83d\udcb0\ud83c\udf89\ud83c\udf82 https:\/\/t.co\/1syIk8oHoZ","truncated":false,"entities":{"hashtags":[],"symbols":[],"user_mentions":[],"urls":[{"url":"https:\/\/t.co\/1syIk8oHoZ","expanded_url":"https:\/\/twitter.com\/dtbaker\/status\/757394948526190592","display_url":"twitter.com\/dtbaker\/status\u2026","indices":[5,28]}]},"source":"\u003ca href=\"http:\/\/www.hootsuite.com\" rel=\"nofollow\"\u003eHootsuite\u003c\/a\u003e","in_reply_to_status_id":null,"in_reply_to_status_id_str":null,"in_reply_to_user_id":null,"in_reply_to_user_id_str":null,"in_reply_to_screen_name":null,"user":{"id":16582191,"id_str":"16582191","name":"Envato","screen_name":"envato","location":"Melbourne","description":"A global community of designers & developers. #Australian made #startup @envatomarket @tutsplus. Customer support @envato_help","url":"http:\/\/t.co\/5OvUThFPYI","entities":{"url":{"urls":[{"url":"http:\/\/t.co\/5OvUThFPYI","expanded_url":"http:\/\/envato.com","display_url":"envato.com","indices":[0,22]}]},"description":{"urls":[]}},"protected":false,"followers_count":60153,"friends_count":1493,"listed_count":2008,"created_at":"Fri Oct 03 19:11:51 +0000 2008","favourites_count":693,"utc_offset":36000,"time_zone":"Melbourne","geo_enabled":false,"verified":true,"statuses_count":7740,"lang":"en","contributors_enabled":false,"is_translator":false,"is_translation_enabled":false,"profile_background_color":"323435","profile_background_image_url":"http:\/\/pbs.twimg.com\/profile_background_images\/378800000036129044\/4aaf87e960f30537daa1a0a0c3c4fc31.jpeg","profile_background_image_url_https":"https:\/\/pbs.twimg.com\/profile_background_images\/378800000036129044\/4aaf87e960f30537daa1a0a0c3c4fc31.jpeg","profile_background_tile":false,"profile_image_url":"http:\/\/pbs.twimg.com\/profile_images\/655904741617086464\/nwevoHSQ_normal.png","profile_image_url_https":"https:\/\/pbs.twimg.com\/profile_images\/655904741617086464\/nwevoHSQ_normal.png","profile_banner_url":"https:\/\/pbs.twimg.com\/profile_banners\/16582191\/1448924865","profile_link_color":"83B449","profile_sidebar_border_color":"FFFFFF","profile_sidebar_fill_color":"6C9450","profile_text_color":"242424","profile_use_background_image":true,"has_extended_profile":false,"default_profile":false,"default_profile_image":false,"following":false,"follow_request_sent":false,"notifications":false},"geo":null,"coordinates":null,"place":null,"contributors":null,"is_quote_status":true,"quoted_status_id":757394948526190592,"quoted_status_id_str":"757394948526190592","quoted_status":{"created_at":"Mon Jul 25 02:00:02 +0000 2016","id":757394948526190592,"id_str":"757394948526190592","text":"About to crack $1million sales on @Envato - can you guess when it will happen? Live countdown: https:\/\/t.co\/XRy85vxJ29 #EnvatoMillion","truncated":false,"entities":{"hashtags":[{"text":"EnvatoMillion","indices":[119,133]}],"symbols":[],"user_mentions":[{"screen_name":"envato","name":"Envato","id":16582191,"id_str":"16582191","indices":[34,41]}],"urls":[{"url":"https:\/\/t.co\/XRy85vxJ29","expanded_url":"http:\/\/million-dollar-countdown.dtbaker.net","display_url":"million-dollar-countdown.dtbaker.net","indices":[95,118]}]},"source":"\u003ca href=\"http:\/\/twitter.com\" rel=\"nofollow\"\u003eTwitter Web Client\u003c\/a\u003e","in_reply_to_status_id":null,"in_reply_to_status_id_str":null,"in_reply_to_user_id":null,"in_reply_to_user_id_str":null,"in_reply_to_screen_name":null,"user":{"id":7521822,"id_str":"7521822","name":"dtbaker","screen_name":"dtbaker","location":"Australia","description":"http:\/\/t.co\/UNThHKbDqI author and freelance Web Developer - please send any support requests via http:\/\/t.co\/IaJWPWvaqk","url":"http:\/\/t.co\/IaJWPWvaqk","entities":{"url":{"urls":[{"url":"http:\/\/t.co\/IaJWPWvaqk","expanded_url":"http:\/\/dtbaker.net","display_url":"dtbaker.net","indices":[0,22]}]},"description":{"urls":[{"url":"http:\/\/t.co\/UNThHKbDqI","expanded_url":"http:\/\/CodeCanyon.net","display_url":"CodeCanyon.net","indices":[0,22]},{"url":"http:\/\/t.co\/IaJWPWvaqk","expanded_url":"http:\/\/dtbaker.net","display_url":"dtbaker.net","indices":[97,119]}]}},"protected":false,"followers_count":1108,"friends_count":275,"listed_count":69,"created_at":"Tue Jul 17 02:13:33 +0000 2007","favourites_count":106,"utc_offset":36000,"time_zone":"Brisbane","geo_enabled":false,"verified":false,"statuses_count":2665,"lang":"en","contributors_enabled":false,"is_translator":false,"is_translation_enabled":false,"profile_background_color":"9AE4E8","profile_background_image_url":"http:\/\/abs.twimg.com\/images\/themes\/theme1\/bg.png","profile_background_image_url_https":"https:\/\/abs.twimg.com\/images\/themes\/theme1\/bg.png","profile_background_tile":false,"profile_image_url":"http:\/\/pbs.twimg.com\/profile_images\/532506021948698624\/xPaFKY7N_normal.png","profile_image_url_https":"https:\/\/pbs.twimg.com\/profile_images\/532506021948698624\/xPaFKY7N_normal.png","profile_banner_url":"https:\/\/pbs.twimg.com\/profile_banners\/7521822\/1415794292","profile_link_color":"3D99D4","profile_sidebar_border_color":"87BC44","profile_sidebar_fill_color":"E0FF92","profile_text_color":"000000","profile_use_background_image":true,"has_extended_profile":false,"default_profile":false,"default_profile_image":false,"following":false,"follow_request_sent":false,"notifications":false},"geo":null,"coordinates":null,"place":null,"contributors":null,"is_quote_status":false,"retweet_count":6,"favorite_count":14,"favorited":false,"retweeted":false,"possibly_sensitive":false,"lang":"en"},"retweet_count":2,"favorite_count":4,"favorited":false,"retweeted":false,"possibly_sensitive":false,"lang":"und"},{"created_at":"Mon Jul 25 01:53:37 +0000 2016","id":757393337112461312,"id_str":"757393337112461312","text":".@wpkube takes a look at 6 good alternatives to Google Analytics. https:\/\/t.co\/RoZbC1mX46 https:\/\/t.co\/V581grQkqC","truncated":false,"entities":{"hashtags":[],"symbols":[],"user_mentions":[{"screen_name":"wpkube","name":"WordPress Kube","id":141560927,"id_str":"141560927","indices":[1,8]}],"urls":[{"url":"https:\/\/t.co\/RoZbC1mX46","expanded_url":"http:\/\/enva.to\/DzeiI","display_url":"enva.to\/DzeiI","indices":[66,89]}],"media":[{"id":757393333748658176,"id_str":"757393333748658176","indices":[90,113],"media_url":"http:\/\/pbs.twimg.com\/media\/CoLNOWVWcAANJhp.jpg","media_url_https":"https:\/\/pbs.twimg.com\/media\/CoLNOWVWcAANJhp.jpg","url":"https:\/\/t.co\/V581grQkqC","display_url":"pic.twitter.com\/V581grQkqC","expanded_url":"http:\/\/twitter.com\/envato\/status\/757393337112461312\/photo\/1","type":"photo","sizes":{"medium":{"w":506,"h":253,"resize":"fit"},"thumb":{"w":150,"h":150,"resize":"crop"},"large":{"w":506,"h":253,"resize":"fit"},"small":{"w":506,"h":253,"resize":"fit"}}}]},"extended_entities":{"media":[{"id":757393333748658176,"id_str":"757393333748658176","indices":[90,113],"media_url":"http:\/\/pbs.twimg.com\/media\/CoLNOWVWcAANJhp.jpg","media_url_https":"https:\/\/pbs.twimg.com\/media\/CoLNOWVWcAANJhp.jpg","url":"https:\/\/t.co\/V581grQkqC","display_url":"pic.twitter.com\/V581grQkqC","expanded_url":"http:\/\/twitter.com\/envato\/status\/757393337112461312\/photo\/1","type":"photo","sizes":{"medium":{"w":506,"h":253,"resize":"fit"},"thumb":{"w":150,"h":150,"resize":"crop"},"large":{"w":506,"h":253,"resize":"fit"},"small":{"w":506,"h":253,"resize":"fit"}}}]},"source":"\u003ca href=\"http:\/\/www.hootsuite.com\" rel=\"nofollow\"\u003eHootsuite\u003c\/a\u003e","in_reply_to_status_id":null,"in_reply_to_status_id_str":null,"in_reply_to_user_id":null,"in_reply_to_user_id_str":null,"in_reply_to_screen_name":null,"user":{"id":16582191,"id_str":"16582191","name":"Envato","screen_name":"envato","location":"Melbourne","description":"A global community of designers & developers. #Australian made #startup @envatomarket @tutsplus. Customer support @envato_help","url":"http:\/\/t.co\/5OvUThFPYI","entities":{"url":{"urls":[{"url":"http:\/\/t.co\/5OvUThFPYI","expanded_url":"http:\/\/envato.com","display_url":"envato.com","indices":[0,22]}]},"description":{"urls":[]}},"protected":false,"followers_count":60153,"friends_count":1493,"listed_count":2008,"created_at":"Fri Oct 03 19:11:51 +0000 2008","favourites_count":693,"utc_offset":36000,"time_zone":"Melbourne","geo_enabled":false,"verified":true,"statuses_count":7740,"lang":"en","contributors_enabled":false,"is_translator":false,"is_translation_enabled":false,"profile_background_color":"323435","profile_background_image_url":"http:\/\/pbs.twimg.com\/profile_background_images\/378800000036129044\/4aaf87e960f30537daa1a0a0c3c4fc31.jpeg","profile_background_image_url_https":"https:\/\/pbs.twimg.com\/profile_background_images\/378800000036129044\/4aaf87e960f30537daa1a0a0c3c4fc31.jpeg","profile_background_tile":false,"profile_image_url":"http:\/\/pbs.twimg.com\/profile_images\/655904741617086464\/nwevoHSQ_normal.png","profile_image_url_https":"https:\/\/pbs.twimg.com\/profile_images\/655904741617086464\/nwevoHSQ_normal.png","profile_banner_url":"https:\/\/pbs.twimg.com\/profile_banners\/16582191\/1448924865","profile_link_color":"83B449","profile_sidebar_border_color":"FFFFFF","profile_sidebar_fill_color":"6C9450","profile_text_color":"242424","profile_use_background_image":true,"has_extended_profile":false,"default_profile":false,"default_profile_image":false,"following":false,"follow_request_sent":false,"notifications":false},"geo":null,"coordinates":null,"place":null,"contributors":null,"is_quote_status":false,"retweet_count":1,"favorite_count":4,"favorited":false,"retweeted":false,"possibly_sensitive":false,"lang":"en"},{"created_at":"Sun Jul 24 11:11:17 +0000 2016","id":757171288691597312,"id_str":"757171288691597312","text":"Giving #Webflow a try for your new site? Here's a guide on installing your new template. https:\/\/t.co\/6JAeJOpvsz https:\/\/t.co\/mgVKrC6vYg","truncated":false,"entities":{"hashtags":[{"text":"Webflow","indices":[7,15]}],"symbols":[],"user_mentions":[],"urls":[{"url":"https:\/\/t.co\/6JAeJOpvsz","expanded_url":"http:\/\/enva.to\/Dw349","display_url":"enva.to\/Dw349","indices":[89,112]}],"media":[{"id":757171285726289920,"id_str":"757171285726289920","indices":[113,136],"media_url":"http:\/\/pbs.twimg.com\/media\/CoIDRc_XYAAWe8A.jpg","media_url_https":"https:\/\/pbs.twimg.com\/media\/CoIDRc_XYAAWe8A.jpg","url":"https:\/\/t.co\/mgVKrC6vYg","display_url":"pic.twitter.com\/mgVKrC6vYg","expanded_url":"http:\/\/twitter.com\/envato\/status\/757171288691597312\/photo\/1","type":"photo","sizes":{"medium":{"w":506,"h":253,"resize":"fit"},"thumb":{"w":150,"h":150,"resize":"crop"},"large":{"w":506,"h":253,"resize":"fit"},"small":{"w":506,"h":253,"resize":"fit"}}}]},"extended_entities":{"media":[{"id":757171285726289920,"id_str":"757171285726289920","indices":[113,136],"media_url":"http:\/\/pbs.twimg.com\/media\/CoIDRc_XYAAWe8A.jpg","media_url_https":"https:\/\/pbs.twimg.com\/media\/CoIDRc_XYAAWe8A.jpg","url":"https:\/\/t.co\/mgVKrC6vYg","display_url":"pic.twitter.com\/mgVKrC6vYg","expanded_url":"http:\/\/twitter.com\/envato\/status\/757171288691597312\/photo\/1","type":"photo","sizes":{"medium":{"w":506,"h":253,"resize":"fit"},"thumb":{"w":150,"h":150,"resize":"crop"},"large":{"w":506,"h":253,"resize":"fit"},"small":{"w":506,"h":253,"resize":"fit"}}}]},"source":"\u003ca href=\"http:\/\/www.hootsuite.com\" rel=\"nofollow\"\u003eHootsuite\u003c\/a\u003e","in_reply_to_status_id":null,"in_reply_to_status_id_str":null,"in_reply_to_user_id":null,"in_reply_to_user_id_str":null,"in_reply_to_screen_name":null,"user":{"id":16582191,"id_str":"16582191","name":"Envato","screen_name":"envato","location":"Melbourne","description":"A global community of designers & developers. #Australian made #startup @envatomarket @tutsplus. Customer support @envato_help","url":"http:\/\/t.co\/5OvUThFPYI","entities":{"url":{"urls":[{"url":"http:\/\/t.co\/5OvUThFPYI","expanded_url":"http:\/\/envato.com","display_url":"envato.com","indices":[0,22]}]},"description":{"urls":[]}},"protected":false,"followers_count":60153,"friends_count":1493,"listed_count":2008,"created_at":"Fri Oct 03 19:11:51 +0000 2008","favourites_count":693,"utc_offset":36000,"time_zone":"Melbourne","geo_enabled":false,"verified":true,"statuses_count":7740,"lang":"en","contributors_enabled":false,"is_translator":false,"is_translation_enabled":false,"profile_background_color":"323435","profile_background_image_url":"http:\/\/pbs.twimg.com\/profile_background_images\/378800000036129044\/4aaf87e960f30537daa1a0a0c3c4fc31.jpeg","profile_background_image_url_https":"https:\/\/pbs.twimg.com\/profile_background_images\/378800000036129044\/4aaf87e960f30537daa1a0a0c3c4fc31.jpeg","profile_background_tile":false,"profile_image_url":"http:\/\/pbs.twimg.com\/profile_images\/655904741617086464\/nwevoHSQ_normal.png","profile_image_url_https":"https:\/\/pbs.twimg.com\/profile_images\/655904741617086464\/nwevoHSQ_normal.png","profile_banner_url":"https:\/\/pbs.twimg.com\/profile_banners\/16582191\/1448924865","profile_link_color":"83B449","profile_sidebar_border_color":"FFFFFF","profile_sidebar_fill_color":"6C9450","profile_text_color":"242424","profile_use_background_image":true,"has_extended_profile":false,"default_profile":false,"default_profile_image":false,"following":false,"follow_request_sent":false,"notifications":false},"geo":null,"coordinates":null,"place":null,"contributors":null,"is_quote_status":false,"retweet_count":4,"favorite_count":17,"favorited":false,"retweeted":false,"possibly_sensitive":false,"lang":"en"},{"created_at":"Fri Jul 22 08:37:38 +0000 2016","id":756407844178583552,"id_str":"756407844178583552","text":"It's Famous Five time! See what we feature in this week's episode. #madewithenvato\nhttps:\/\/t.co\/C2hNlBcVbF","truncated":false,"entities":{"hashtags":[{"text":"madewithenvato","indices":[67,82]}],"symbols":[],"user_mentions":[],"urls":[{"url":"https:\/\/t.co\/C2hNlBcVbF","expanded_url":"https:\/\/amp.twimg.com\/v\/fa60fede-deb7-439d-9f7e-a6031f87a2ae","display_url":"amp.twimg.com\/v\/fa60fede-deb\u2026","indices":[83,106]}]},"source":"\u003ca href=\"http:\/\/twitter.com\" rel=\"nofollow\"\u003eTwitter Web Client\u003c\/a\u003e","in_reply_to_status_id":null,"in_reply_to_status_id_str":null,"in_reply_to_user_id":null,"in_reply_to_user_id_str":null,"in_reply_to_screen_name":null,"user":{"id":16582191,"id_str":"16582191","name":"Envato","screen_name":"envato","location":"Melbourne","description":"A global community of designers & developers. #Australian made #startup @envatomarket @tutsplus. Customer support @envato_help","url":"http:\/\/t.co\/5OvUThFPYI","entities":{"url":{"urls":[{"url":"http:\/\/t.co\/5OvUThFPYI","expanded_url":"http:\/\/envato.com","display_url":"envato.com","indices":[0,22]}]},"description":{"urls":[]}},"protected":false,"followers_count":60153,"friends_count":1493,"listed_count":2008,"created_at":"Fri Oct 03 19:11:51 +0000 2008","favourites_count":693,"utc_offset":36000,"time_zone":"Melbourne","geo_enabled":false,"verified":true,"statuses_count":7740,"lang":"en","contributors_enabled":false,"is_translator":false,"is_translation_enabled":false,"profile_background_color":"323435","profile_background_image_url":"http:\/\/pbs.twimg.com\/profile_background_images\/378800000036129044\/4aaf87e960f30537daa1a0a0c3c4fc31.jpeg","profile_background_image_url_https":"https:\/\/pbs.twimg.com\/profile_background_images\/378800000036129044\/4aaf87e960f30537daa1a0a0c3c4fc31.jpeg","profile_background_tile":false,"profile_image_url":"http:\/\/pbs.twimg.com\/profile_images\/655904741617086464\/nwevoHSQ_normal.png","profile_image_url_https":"https:\/\/pbs.twimg.com\/profile_images\/655904741617086464\/nwevoHSQ_normal.png","profile_banner_url":"https:\/\/pbs.twimg.com\/profile_banners\/16582191\/1448924865","profile_link_color":"83B449","profile_sidebar_border_color":"FFFFFF","profile_sidebar_fill_color":"6C9450","profile_text_color":"242424","profile_use_background_image":true,"has_extended_profile":false,"default_profile":false,"default_profile_image":false,"following":false,"follow_request_sent":false,"notifications":false},"geo":null,"coordinates":null,"place":null,"contributors":null,"is_quote_status":false,"retweet_count":2,"favorite_count":5,"favorited":false,"retweeted":false,"possibly_sensitive":false,"lang":"en"},{"created_at":"Fri Jul 22 05:29:20 +0000 2016","id":756360457435357184,"id_str":"756360457435357184","text":"RT @fiorellarza: Hey Italian @Envato community members! Come to our meetup on September 17 in Mestre! Register here: https:\/\/t.co\/Rf9vHJxfkf","truncated":false,"entities":{"hashtags":[],"symbols":[],"user_mentions":[{"screen_name":"fiorellarza","name":"Fiorella Rizz\u00e0","id":41897725,"id_str":"41897725","indices":[3,15]},{"screen_name":"envato","name":"Envato","id":16582191,"id_str":"16582191","indices":[29,36]}],"urls":[{"url":"https:\/\/t.co\/Rf9vHJxfkf","expanded_url":"https:\/\/nvite.com\/EnvatoMeetup\/a10b","display_url":"nvite.com\/EnvatoMeetup\/a\u2026","indices":[117,140]}]},"source":"\u003ca href=\"http:\/\/www.hootsuite.com\" rel=\"nofollow\"\u003eHootsuite\u003c\/a\u003e","in_reply_to_status_id":null,"in_reply_to_status_id_str":null,"in_reply_to_user_id":null,"in_reply_to_user_id_str":null,"in_reply_to_screen_name":null,"user":{"id":16582191,"id_str":"16582191","name":"Envato","screen_name":"envato","location":"Melbourne","description":"A global community of designers & developers. #Australian made #startup @envatomarket @tutsplus. Customer support @envato_help","url":"http:\/\/t.co\/5OvUThFPYI","entities":{"url":{"urls":[{"url":"http:\/\/t.co\/5OvUThFPYI","expanded_url":"http:\/\/envato.com","display_url":"envato.com","indices":[0,22]}]},"description":{"urls":[]}},"protected":false,"followers_count":60153,"friends_count":1493,"listed_count":2008,"created_at":"Fri Oct 03 19:11:51 +0000 2008","favourites_count":693,"utc_offset":36000,"time_zone":"Melbourne","geo_enabled":false,"verified":true,"statuses_count":7740,"lang":"en","contributors_enabled":false,"is_translator":false,"is_translation_enabled":false,"profile_background_color":"323435","profile_background_image_url":"http:\/\/pbs.twimg.com\/profile_background_images\/378800000036129044\/4aaf87e960f30537daa1a0a0c3c4fc31.jpeg","profile_background_image_url_https":"https:\/\/pbs.twimg.com\/profile_background_images\/378800000036129044\/4aaf87e960f30537daa1a0a0c3c4fc31.jpeg","profile_background_tile":false,"profile_image_url":"http:\/\/pbs.twimg.com\/profile_images\/655904741617086464\/nwevoHSQ_normal.png","profile_image_url_https":"https:\/\/pbs.twimg.com\/profile_images\/655904741617086464\/nwevoHSQ_normal.png","profile_banner_url":"https:\/\/pbs.twimg.com\/profile_banners\/16582191\/1448924865","profile_link_color":"83B449","profile_sidebar_border_color":"FFFFFF","profile_sidebar_fill_color":"6C9450","profile_text_color":"242424","profile_use_background_image":true,"has_extended_profile":false,"default_profile":false,"default_profile_image":false,"following":false,"follow_request_sent":false,"notifications":false},"geo":null,"coordinates":null,"place":null,"contributors":null,"retweeted_status":{"created_at":"Fri Jul 22 01:58:21 +0000 2016","id":756307361036324865,"id_str":"756307361036324865","text":"Hey Italian @Envato community members! Come to our meetup on September 17 in Mestre! Register here: https:\/\/t.co\/Rf9vHJxfkf","truncated":false,"entities":{"hashtags":[],"symbols":[],"user_mentions":[{"screen_name":"envato","name":"Envato","id":16582191,"id_str":"16582191","indices":[12,19]}],"urls":[{"url":"https:\/\/t.co\/Rf9vHJxfkf","expanded_url":"https:\/\/nvite.com\/EnvatoMeetup\/a10b","display_url":"nvite.com\/EnvatoMeetup\/a\u2026","indices":[100,123]}]},"source":"\u003ca href=\"http:\/\/twitter.com\" rel=\"nofollow\"\u003eTwitter Web Client\u003c\/a\u003e","in_reply_to_status_id":null,"in_reply_to_status_id_str":null,"in_reply_to_user_id":null,"in_reply_to_user_id_str":null,"in_reply_to_screen_name":null,"user":{"id":41897725,"id_str":"41897725","name":"Fiorella Rizz\u00e0","screen_name":"fiorellarza","location":"Melbourne, Australia","description":"Melbourne via Italy. I write, read, travel, cook and often quote The Big Lebowski ('Over the line!'). #UXwriting and #IA @envato.","url":"https:\/\/t.co\/NlcNiiwAO6","entities":{"url":{"urls":[{"url":"https:\/\/t.co\/NlcNiiwAO6","expanded_url":"https:\/\/medium.com\/@partidibambola","display_url":"medium.com\/@partidibambola","indices":[0,23]}]},"description":{"urls":[]}},"protected":false,"followers_count":796,"friends_count":383,"listed_count":85,"created_at":"Fri May 22 20:48:49 +0000 2009","favourites_count":350,"utc_offset":36000,"time_zone":"Melbourne","geo_enabled":true,"verified":false,"statuses_count":6430,"lang":"en","contributors_enabled":false,"is_translator":false,"is_translation_enabled":false,"profile_background_color":"000000","profile_background_image_url":"http:\/\/abs.twimg.com\/images\/themes\/theme15\/bg.png","profile_background_image_url_https":"https:\/\/abs.twimg.com\/images\/themes\/theme15\/bg.png","profile_background_tile":false,"profile_image_url":"http:\/\/pbs.twimg.com\/profile_images\/496989345341902848\/4WBGJV-j_normal.jpeg","profile_image_url_https":"https:\/\/pbs.twimg.com\/profile_images\/496989345341902848\/4WBGJV-j_normal.jpeg","profile_banner_url":"https:\/\/pbs.twimg.com\/profile_banners\/41897725\/1410086334","profile_link_color":"9266CC","profile_sidebar_border_color":"000000","profile_sidebar_fill_color":"000000","profile_text_color":"000000","profile_use_background_image":false,"has_extended_profile":true,"default_profile":false,"default_profile_image":false,"following":false,"follow_request_sent":false,"notifications":false},"geo":null,"coordinates":null,"place":null,"contributors":null,"is_quote_status":false,"retweet_count":2,"favorite_count":2,"favorited":false,"retweeted":false,"possibly_sensitive":false,"lang":"en"},"is_quote_status":false,"retweet_count":2,"favorite_count":0,"favorited":false,"retweeted":false,"possibly_sensitive":false,"lang":"en"}]