[{"created_at":"Mon Apr 24 02:02:01 +0000 2017","id":856327335003340800,"id_str":"856327335003340800","text":"The 65-inch Q9F rated 920 on a 1,005-point scale \u2013 the highest score @video_magazin has ever granted #QLED https:\/\/t.co\/pCnfhOthIX","truncated":false,"entities":{"hashtags":[{"text":"QLED","indices":[101,106]}],"symbols":[],"user_mentions":[{"screen_name":"video_magazin","name":"video","id":24153829,"id_str":"24153829","indices":[69,83]}],"urls":[{"url":"https:\/\/t.co\/pCnfhOthIX","expanded_url":"https:\/\/news.samsung.com\/global\/lifestyle-centric-features-propel-qled-tv-to-german-tech-magazines-highest-rating-ever","display_url":"news.samsung.com\/global\/lifesty\u2026","indices":[107,130]}]},"source":"\u003ca href=\"https:\/\/ads.twitter.com\" rel=\"nofollow\"\u003eTwitter Ads\u003c\/a\u003e","in_reply_to_status_id":null,"in_reply_to_status_id_str":null,"in_reply_to_user_id":null,"in_reply_to_user_id_str":null,"in_reply_to_screen_name":null,"user":{"id":2381578122,"id_str":"2381578122","name":"Samsung Electronics","screen_name":"Samsung","location":"Suwon, Korea","description":"Follow us for the latest news about our people, insights, technologies, products and services.\n\n\u203b Samsung Newsroom Korea: @SamsungNewsroom","url":"https:\/\/t.co\/TIAIfAf246","entities":{"url":{"urls":[{"url":"https:\/\/t.co\/TIAIfAf246","expanded_url":"http:\/\/news.samsung.com","display_url":"news.samsung.com","indices":[0,23]}]},"description":{"urls":[]}},"protected":false,"followers_count":237841,"friends_count":1559,"listed_count":569,"created_at":"Mon Mar 10 05:31:46 +0000 2014","favourites_count":222,"utc_offset":32400,"time_zone":"Seoul","geo_enabled":true,"verified":true,"statuses_count":2502,"lang":"en","contributors_enabled":false,"is_translator":false,"is_translation_enabled":false,"profile_background_color":"C0DEED","profile_background_image_url":"http:\/\/pbs.twimg.com\/profile_background_images\/448384829940187136\/NjQFR7sK.jpeg","profile_background_image_url_https":"https:\/\/pbs.twimg.com\/profile_background_images\/448384829940187136\/NjQFR7sK.jpeg","profile_background_tile":false,"profile_image_url":"http:\/\/pbs.twimg.com\/profile_images\/773342566951419904\/p1kj4vLU_normal.jpg","profile_image_url_https":"https:\/\/pbs.twimg.com\/profile_images\/773342566951419904\/p1kj4vLU_normal.jpg","profile_banner_url":"https:\/\/pbs.twimg.com\/profile_banners\/2381578122\/1492396825","profile_link_color":"0084B4","profile_sidebar_border_color":"FFFFFF","profile_sidebar_fill_color":"DDEEF6","profile_text_color":"333333","profile_use_background_image":true,"has_extended_profile":false,"default_profile":false,"default_profile_image":false,"following":false,"follow_request_sent":false,"notifications":false,"translator_type":"none"},"geo":null,"coordinates":null,"place":null,"contributors":null,"is_quote_status":false,"retweet_count":6,"favorite_count":11,"favorited":false,"retweeted":false,"possibly_sensitive":false,"lang":"en"},{"created_at":"Fri Apr 21 13:02:03 +0000 2017","id":855406277110792192,"id_str":"855406277110792192","text":"With a new Samsung phone, users will be able to upload and stream up to 100,000 of songs on Google Play Music https:\/\/t.co\/R6dkrGKWdd","truncated":false,"entities":{"hashtags":[],"symbols":[],"user_mentions":[],"urls":[{"url":"https:\/\/t.co\/R6dkrGKWdd","expanded_url":"https:\/\/news.samsung.com\/global\/samsung-partners-with-google-play-music-to-enhance-the-mobile-music-experience","display_url":"news.samsung.com\/global\/samsung\u2026","indices":[110,133]}]},"source":"\u003ca href=\"https:\/\/ads.twitter.com\" rel=\"nofollow\"\u003eTwitter Ads\u003c\/a\u003e","in_reply_to_status_id":null,"in_reply_to_status_id_str":null,"in_reply_to_user_id":null,"in_reply_to_user_id_str":null,"in_reply_to_screen_name":null,"user":{"id":2381578122,"id_str":"2381578122","name":"Samsung Electronics","screen_name":"Samsung","location":"Suwon, Korea","description":"Follow us for the latest news about our people, insights, technologies, products and services.\n\n\u203b Samsung Newsroom Korea: @SamsungNewsroom","url":"https:\/\/t.co\/TIAIfAf246","entities":{"url":{"urls":[{"url":"https:\/\/t.co\/TIAIfAf246","expanded_url":"http:\/\/news.samsung.com","display_url":"news.samsung.com","indices":[0,23]}]},"description":{"urls":[]}},"protected":false,"followers_count":237841,"friends_count":1559,"listed_count":569,"created_at":"Mon Mar 10 05:31:46 +0000 2014","favourites_count":222,"utc_offset":32400,"time_zone":"Seoul","geo_enabled":true,"verified":true,"statuses_count":2502,"lang":"en","contributors_enabled":false,"is_translator":false,"is_translation_enabled":false,"profile_background_color":"C0DEED","profile_background_image_url":"http:\/\/pbs.twimg.com\/profile_background_images\/448384829940187136\/NjQFR7sK.jpeg","profile_background_image_url_https":"https:\/\/pbs.twimg.com\/profile_background_images\/448384829940187136\/NjQFR7sK.jpeg","profile_background_tile":false,"profile_image_url":"http:\/\/pbs.twimg.com\/profile_images\/773342566951419904\/p1kj4vLU_normal.jpg","profile_image_url_https":"https:\/\/pbs.twimg.com\/profile_images\/773342566951419904\/p1kj4vLU_normal.jpg","profile_banner_url":"https:\/\/pbs.twimg.com\/profile_banners\/2381578122\/1492396825","profile_link_color":"0084B4","profile_sidebar_border_color":"FFFFFF","profile_sidebar_fill_color":"DDEEF6","profile_text_color":"333333","profile_use_background_image":true,"has_extended_profile":false,"default_profile":false,"default_profile_image":false,"following":false,"follow_request_sent":false,"notifications":false,"translator_type":"none"},"geo":null,"coordinates":null,"place":null,"contributors":null,"is_quote_status":false,"retweet_count":17,"favorite_count":42,"favorited":false,"retweeted":false,"possibly_sensitive":false,"lang":"en"},{"created_at":"Fri Apr 21 01:02:06 +0000 2017","id":855225095706497024,"id_str":"855225095706497024","text":"#GalaxyS8 and S8+ are initially available in the U.S., Canada, Puerto Rico and Korea https:\/\/t.co\/o7woQRs3qB","truncated":false,"entities":{"hashtags":[{"text":"GalaxyS8","indices":[0,9]}],"symbols":[],"user_mentions":[],"urls":[{"url":"https:\/\/t.co\/o7woQRs3qB","expanded_url":"https:\/\/news.samsung.com\/global\/samsung-electronics-officially-releases-the-galaxy-s8-and-galaxy-s8-to-global-markets","display_url":"news.samsung.com\/global\/samsung\u2026","indices":[85,108]}]},"source":"\u003ca href=\"https:\/\/ads.twitter.com\" rel=\"nofollow\"\u003eTwitter Ads\u003c\/a\u003e","in_reply_to_status_id":null,"in_reply_to_status_id_str":null,"in_reply_to_user_id":null,"in_reply_to_user_id_str":null,"in_reply_to_screen_name":null,"user":{"id":2381578122,"id_str":"2381578122","name":"Samsung Electronics","screen_name":"Samsung","location":"Suwon, Korea","description":"Follow us for the latest news about our people, insights, technologies, products and services.\n\n\u203b Samsung Newsroom Korea: @SamsungNewsroom","url":"https:\/\/t.co\/TIAIfAf246","entities":{"url":{"urls":[{"url":"https:\/\/t.co\/TIAIfAf246","expanded_url":"http:\/\/news.samsung.com","display_url":"news.samsung.com","indices":[0,23]}]},"description":{"urls":[]}},"protected":false,"followers_count":237841,"friends_count":1559,"listed_count":569,"created_at":"Mon Mar 10 05:31:46 +0000 2014","favourites_count":222,"utc_offset":32400,"time_zone":"Seoul","geo_enabled":true,"verified":true,"statuses_count":2502,"lang":"en","contributors_enabled":false,"is_translator":false,"is_translation_enabled":false,"profile_background_color":"C0DEED","profile_background_image_url":"http:\/\/pbs.twimg.com\/profile_background_images\/448384829940187136\/NjQFR7sK.jpeg","profile_background_image_url_https":"https:\/\/pbs.twimg.com\/profile_background_images\/448384829940187136\/NjQFR7sK.jpeg","profile_background_tile":false,"profile_image_url":"http:\/\/pbs.twimg.com\/profile_images\/773342566951419904\/p1kj4vLU_normal.jpg","profile_image_url_https":"https:\/\/pbs.twimg.com\/profile_images\/773342566951419904\/p1kj4vLU_normal.jpg","profile_banner_url":"https:\/\/pbs.twimg.com\/profile_banners\/2381578122\/1492396825","profile_link_color":"0084B4","profile_sidebar_border_color":"FFFFFF","profile_sidebar_fill_color":"DDEEF6","profile_text_color":"333333","profile_use_background_image":true,"has_extended_profile":false,"default_profile":false,"default_profile_image":false,"following":false,"follow_request_sent":false,"notifications":false,"translator_type":"none"},"geo":null,"coordinates":null,"place":null,"contributors":null,"is_quote_status":false,"retweet_count":18,"favorite_count":53,"favorited":false,"retweeted":false,"possibly_sensitive":false,"lang":"en"},{"created_at":"Thu Apr 20 13:41:05 +0000 2017","id":855053711894126592,"id_str":"855053711894126592","text":"#GalaxyS8 and S8+ were designed with the goal of making the phones accessible to nearly everyone https:\/\/t.co\/QOOP9qIIEW","truncated":false,"entities":{"hashtags":[{"text":"GalaxyS8","indices":[0,9]}],"symbols":[],"user_mentions":[],"urls":[{"url":"https:\/\/t.co\/QOOP9qIIEW","expanded_url":"https:\/\/news.samsung.com\/global\/improving-accessibility-for-all-with-the-galaxy-s8-and-galaxy-s8","display_url":"news.samsung.com\/global\/improvi\u2026","indices":[97,120]}]},"source":"\u003ca href=\"http:\/\/twitter.com\" rel=\"nofollow\"\u003eTwitter Web Client\u003c\/a\u003e","in_reply_to_status_id":null,"in_reply_to_status_id_str":null,"in_reply_to_user_id":null,"in_reply_to_user_id_str":null,"in_reply_to_screen_name":null,"user":{"id":2381578122,"id_str":"2381578122","name":"Samsung Electronics","screen_name":"Samsung","location":"Suwon, Korea","description":"Follow us for the latest news about our people, insights, technologies, products and services.\n\n\u203b Samsung Newsroom Korea: @SamsungNewsroom","url":"https:\/\/t.co\/TIAIfAf246","entities":{"url":{"urls":[{"url":"https:\/\/t.co\/TIAIfAf246","expanded_url":"http:\/\/news.samsung.com","display_url":"news.samsung.com","indices":[0,23]}]},"description":{"urls":[]}},"protected":false,"followers_count":237841,"friends_count":1559,"listed_count":569,"created_at":"Mon Mar 10 05:31:46 +0000 2014","favourites_count":222,"utc_offset":32400,"time_zone":"Seoul","geo_enabled":true,"verified":true,"statuses_count":2502,"lang":"en","contributors_enabled":false,"is_translator":false,"is_translation_enabled":false,"profile_background_color":"C0DEED","profile_background_image_url":"http:\/\/pbs.twimg.com\/profile_background_images\/448384829940187136\/NjQFR7sK.jpeg","profile_background_image_url_https":"https:\/\/pbs.twimg.com\/profile_background_images\/448384829940187136\/NjQFR7sK.jpeg","profile_background_tile":false,"profile_image_url":"http:\/\/pbs.twimg.com\/profile_images\/773342566951419904\/p1kj4vLU_normal.jpg","profile_image_url_https":"https:\/\/pbs.twimg.com\/profile_images\/773342566951419904\/p1kj4vLU_normal.jpg","profile_banner_url":"https:\/\/pbs.twimg.com\/profile_banners\/2381578122\/1492396825","profile_link_color":"0084B4","profile_sidebar_border_color":"FFFFFF","profile_sidebar_fill_color":"DDEEF6","profile_text_color":"333333","profile_use_background_image":true,"has_extended_profile":false,"default_profile":false,"default_profile_image":false,"following":false,"follow_request_sent":false,"notifications":false,"translator_type":"none"},"geo":null,"coordinates":null,"place":null,"contributors":null,"is_quote_status":false,"retweet_count":8,"favorite_count":41,"favorited":false,"retweeted":false,"possibly_sensitive":false,"lang":"en"},{"created_at":"Thu Apr 20 08:02:06 +0000 2017","id":854968404163215360,"id_str":"854968404163215360","text":"Employees were set up as catalysts to drive innovation in Silicon Valley. We thought, why not at Samsung? https:\/\/t.co\/Hjq0qG9jEz","truncated":false,"entities":{"hashtags":[],"symbols":[],"user_mentions":[],"urls":[{"url":"https:\/\/t.co\/Hjq0qG9jEz","expanded_url":"https:\/\/news.samsung.com\/global\/c-lab-instilling-a-spirit-of-adventure-and-startup-culture-at-samsung","display_url":"news.samsung.com\/global\/c-lab-i\u2026","indices":[106,129]}]},"source":"\u003ca href=\"https:\/\/ads.twitter.com\" rel=\"nofollow\"\u003eTwitter Ads\u003c\/a\u003e","in_reply_to_status_id":null,"in_reply_to_status_id_str":null,"in_reply_to_user_id":null,"in_reply_to_user_id_str":null,"in_reply_to_screen_name":null,"user":{"id":2381578122,"id_str":"2381578122","name":"Samsung Electronics","screen_name":"Samsung","location":"Suwon, Korea","description":"Follow us for the latest news about our people, insights, technologies, products and services.\n\n\u203b Samsung Newsroom Korea: @SamsungNewsroom","url":"https:\/\/t.co\/TIAIfAf246","entities":{"url":{"urls":[{"url":"https:\/\/t.co\/TIAIfAf246","expanded_url":"http:\/\/news.samsung.com","display_url":"news.samsung.com","indices":[0,23]}]},"description":{"urls":[]}},"protected":false,"followers_count":237841,"friends_count":1559,"listed_count":569,"created_at":"Mon Mar 10 05:31:46 +0000 2014","favourites_count":222,"utc_offset":32400,"time_zone":"Seoul","geo_enabled":true,"verified":true,"statuses_count":2502,"lang":"en","contributors_enabled":false,"is_translator":false,"is_translation_enabled":false,"profile_background_color":"C0DEED","profile_background_image_url":"http:\/\/pbs.twimg.com\/profile_background_images\/448384829940187136\/NjQFR7sK.jpeg","profile_background_image_url_https":"https:\/\/pbs.twimg.com\/profile_background_images\/448384829940187136\/NjQFR7sK.jpeg","profile_background_tile":false,"profile_image_url":"http:\/\/pbs.twimg.com\/profile_images\/773342566951419904\/p1kj4vLU_normal.jpg","profile_image_url_https":"https:\/\/pbs.twimg.com\/profile_images\/773342566951419904\/p1kj4vLU_normal.jpg","profile_banner_url":"https:\/\/pbs.twimg.com\/profile_banners\/2381578122\/1492396825","profile_link_color":"0084B4","profile_sidebar_border_color":"FFFFFF","profile_sidebar_fill_color":"DDEEF6","profile_text_color":"333333","profile_use_background_image":true,"has_extended_profile":false,"default_profile":false,"default_profile_image":false,"following":false,"follow_request_sent":false,"notifications":false,"translator_type":"none"},"geo":null,"coordinates":null,"place":null,"contributors":null,"is_quote_status":false,"retweet_count":4,"favorite_count":24,"favorited":false,"retweeted":false,"possibly_sensitive":false,"lang":"en"},{"created_at":"Thu Apr 20 02:03:05 +0000 2017","id":854878053163352068,"id_str":"854878053163352068","text":"LTE-Railway enables high-speed and super-reliable wireless voice and data communication for smart train\/metro https:\/\/t.co\/jMRpCZ0Z2W","truncated":false,"entities":{"hashtags":[],"symbols":[],"user_mentions":[],"urls":[{"url":"https:\/\/t.co\/jMRpCZ0Z2W","expanded_url":"https:\/\/news.samsung.com\/global\/koreas-first-lte-railway-network-starts-official-service-base-on-joint-efforts-of-samsung-and-sk-telecom","display_url":"news.samsung.com\/global\/koreas-\u2026","indices":[110,133]}]},"source":"\u003ca href=\"https:\/\/ads.twitter.com\" rel=\"nofollow\"\u003eTwitter Ads\u003c\/a\u003e","in_reply_to_status_id":null,"in_reply_to_status_id_str":null,"in_reply_to_user_id":null,"in_reply_to_user_id_str":null,"in_reply_to_screen_name":null,"user":{"id":2381578122,"id_str":"2381578122","name":"Samsung Electronics","screen_name":"Samsung","location":"Suwon, Korea","description":"Follow us for the latest news about our people, insights, technologies, products and services.\n\n\u203b Samsung Newsroom Korea: @SamsungNewsroom","url":"https:\/\/t.co\/TIAIfAf246","entities":{"url":{"urls":[{"url":"https:\/\/t.co\/TIAIfAf246","expanded_url":"http:\/\/news.samsung.com","display_url":"news.samsung.com","indices":[0,23]}]},"description":{"urls":[]}},"protected":false,"followers_count":237841,"friends_count":1559,"listed_count":569,"created_at":"Mon Mar 10 05:31:46 +0000 2014","favourites_count":222,"utc_offset":32400,"time_zone":"Seoul","geo_enabled":true,"verified":true,"statuses_count":2502,"lang":"en","contributors_enabled":false,"is_translator":false,"is_translation_enabled":false,"profile_background_color":"C0DEED","profile_background_image_url":"http:\/\/pbs.twimg.com\/profile_background_images\/448384829940187136\/NjQFR7sK.jpeg","profile_background_image_url_https":"https:\/\/pbs.twimg.com\/profile_background_images\/448384829940187136\/NjQFR7sK.jpeg","profile_background_tile":false,"profile_image_url":"http:\/\/pbs.twimg.com\/profile_images\/773342566951419904\/p1kj4vLU_normal.jpg","profile_image_url_https":"https:\/\/pbs.twimg.com\/profile_images\/773342566951419904\/p1kj4vLU_normal.jpg","profile_banner_url":"https:\/\/pbs.twimg.com\/profile_banners\/2381578122\/1492396825","profile_link_color":"0084B4","profile_sidebar_border_color":"FFFFFF","profile_sidebar_fill_color":"DDEEF6","profile_text_color":"333333","profile_use_background_image":true,"has_extended_profile":false,"default_profile":false,"default_profile_image":false,"following":false,"follow_request_sent":false,"notifications":false,"translator_type":"none"},"geo":null,"coordinates":null,"place":null,"contributors":null,"is_quote_status":false,"retweet_count":6,"favorite_count":29,"favorited":false,"retweeted":false,"possibly_sensitive":false,"lang":"en"},{"created_at":"Thu Apr 20 02:02:03 +0000 2017","id":854877791807873024,"id_str":"854877791807873024","text":"HDR10+ delivers an optimized, high-quality HDR experience to consumers #QLED #HDR https:\/\/t.co\/eCZ8o2QpeY","truncated":false,"entities":{"hashtags":[{"text":"QLED","indices":[71,76]},{"text":"HDR","indices":[77,81]}],"symbols":[],"user_mentions":[],"urls":[{"url":"https:\/\/t.co\/eCZ8o2QpeY","expanded_url":"https:\/\/news.samsung.com\/global\/samsung-and-amazon-video-deliver-next-generation-hdr-video-experience-with-updated-open-standard-hdr10","display_url":"news.samsung.com\/global\/samsung\u2026","indices":[82,105]}]},"source":"\u003ca href=\"https:\/\/ads.twitter.com\" rel=\"nofollow\"\u003eTwitter Ads\u003c\/a\u003e","in_reply_to_status_id":null,"in_reply_to_status_id_str":null,"in_reply_to_user_id":null,"in_reply_to_user_id_str":null,"in_reply_to_screen_name":null,"user":{"id":2381578122,"id_str":"2381578122","name":"Samsung Electronics","screen_name":"Samsung","location":"Suwon, Korea","description":"Follow us for the latest news about our people, insights, technologies, products and services.\n\n\u203b Samsung Newsroom Korea: @SamsungNewsroom","url":"https:\/\/t.co\/TIAIfAf246","entities":{"url":{"urls":[{"url":"https:\/\/t.co\/TIAIfAf246","expanded_url":"http:\/\/news.samsung.com","display_url":"news.samsung.com","indices":[0,23]}]},"description":{"urls":[]}},"protected":false,"followers_count":237841,"friends_count":1559,"listed_count":569,"created_at":"Mon Mar 10 05:31:46 +0000 2014","favourites_count":222,"utc_offset":32400,"time_zone":"Seoul","geo_enabled":true,"verified":true,"statuses_count":2502,"lang":"en","contributors_enabled":false,"is_translator":false,"is_translation_enabled":false,"profile_background_color":"C0DEED","profile_background_image_url":"http:\/\/pbs.twimg.com\/profile_background_images\/448384829940187136\/NjQFR7sK.jpeg","profile_background_image_url_https":"https:\/\/pbs.twimg.com\/profile_background_images\/448384829940187136\/NjQFR7sK.jpeg","profile_background_tile":false,"profile_image_url":"http:\/\/pbs.twimg.com\/profile_images\/773342566951419904\/p1kj4vLU_normal.jpg","profile_image_url_https":"https:\/\/pbs.twimg.com\/profile_images\/773342566951419904\/p1kj4vLU_normal.jpg","profile_banner_url":"https:\/\/pbs.twimg.com\/profile_banners\/2381578122\/1492396825","profile_link_color":"0084B4","profile_sidebar_border_color":"FFFFFF","profile_sidebar_fill_color":"DDEEF6","profile_text_color":"333333","profile_use_background_image":true,"has_extended_profile":false,"default_profile":false,"default_profile_image":false,"following":false,"follow_request_sent":false,"notifications":false,"translator_type":"none"},"geo":null,"coordinates":null,"place":null,"contributors":null,"is_quote_status":false,"retweet_count":5,"favorite_count":29,"favorited":false,"retweeted":false,"possibly_sensitive":false,"lang":"en"},{"created_at":"Wed Apr 19 16:02:02 +0000 2017","id":854726794603184129,"id_str":"854726794603184129","text":"Expanding 10nm capacity, to be ready for production by 4Q this year #Innovation #UnderTheHood https:\/\/t.co\/8JK1qKMB4w","truncated":false,"entities":{"hashtags":[{"text":"Innovation","indices":[68,79]},{"text":"UnderTheHood","indices":[80,93]}],"symbols":[],"user_mentions":[],"urls":[{"url":"https:\/\/t.co\/8JK1qKMB4w","expanded_url":"https:\/\/news.samsung.com\/global\/samsung-completes-qualification-of-its-2nd-generation-10nm-process-technology","display_url":"news.samsung.com\/global\/samsung\u2026","indices":[94,117]}]},"source":"\u003ca href=\"https:\/\/ads.twitter.com\" rel=\"nofollow\"\u003eTwitter Ads\u003c\/a\u003e","in_reply_to_status_id":null,"in_reply_to_status_id_str":null,"in_reply_to_user_id":null,"in_reply_to_user_id_str":null,"in_reply_to_screen_name":null,"user":{"id":2381578122,"id_str":"2381578122","name":"Samsung Electronics","screen_name":"Samsung","location":"Suwon, Korea","description":"Follow us for the latest news about our people, insights, technologies, products and services.\n\n\u203b Samsung Newsroom Korea: @SamsungNewsroom","url":"https:\/\/t.co\/TIAIfAf246","entities":{"url":{"urls":[{"url":"https:\/\/t.co\/TIAIfAf246","expanded_url":"http:\/\/news.samsung.com","display_url":"news.samsung.com","indices":[0,23]}]},"description":{"urls":[]}},"protected":false,"followers_count":237841,"friends_count":1559,"listed_count":569,"created_at":"Mon Mar 10 05:31:46 +0000 2014","favourites_count":222,"utc_offset":32400,"time_zone":"Seoul","geo_enabled":true,"verified":true,"statuses_count":2502,"lang":"en","contributors_enabled":false,"is_translator":false,"is_translation_enabled":false,"profile_background_color":"C0DEED","profile_background_image_url":"http:\/\/pbs.twimg.com\/profile_background_images\/448384829940187136\/NjQFR7sK.jpeg","profile_background_image_url_https":"https:\/\/pbs.twimg.com\/profile_background_images\/448384829940187136\/NjQFR7sK.jpeg","profile_background_tile":false,"profile_image_url":"http:\/\/pbs.twimg.com\/profile_images\/773342566951419904\/p1kj4vLU_normal.jpg","profile_image_url_https":"https:\/\/pbs.twimg.com\/profile_images\/773342566951419904\/p1kj4vLU_normal.jpg","profile_banner_url":"https:\/\/pbs.twimg.com\/profile_banners\/2381578122\/1492396825","profile_link_color":"0084B4","profile_sidebar_border_color":"FFFFFF","profile_sidebar_fill_color":"DDEEF6","profile_text_color":"333333","profile_use_background_image":true,"has_extended_profile":false,"default_profile":false,"default_profile_image":false,"following":false,"follow_request_sent":false,"notifications":false,"translator_type":"none"},"geo":null,"coordinates":null,"place":null,"contributors":null,"is_quote_status":false,"retweet_count":1,"favorite_count":19,"favorited":false,"retweeted":false,"possibly_sensitive":false,"lang":"en"},{"created_at":"Wed Apr 19 08:02:05 +0000 2017","id":854606009859358721,"id_str":"854606009859358721","text":"Good design is not just about how a product looks on the surface, but also how it fits into consumers' lives https:\/\/t.co\/MzHlHaMvXz","truncated":false,"entities":{"hashtags":[],"symbols":[],"user_mentions":[],"urls":[{"url":"https:\/\/t.co\/MzHlHaMvXz","expanded_url":"https:\/\/news.samsung.com\/global\/why-qled-tv-part-3-design-that-blends-into-the-living-space","display_url":"news.samsung.com\/global\/why-qle\u2026","indices":[109,132]}]},"source":"\u003ca href=\"https:\/\/ads.twitter.com\" rel=\"nofollow\"\u003eTwitter Ads\u003c\/a\u003e","in_reply_to_status_id":null,"in_reply_to_status_id_str":null,"in_reply_to_user_id":null,"in_reply_to_user_id_str":null,"in_reply_to_screen_name":null,"user":{"id":2381578122,"id_str":"2381578122","name":"Samsung Electronics","screen_name":"Samsung","location":"Suwon, Korea","description":"Follow us for the latest news about our people, insights, technologies, products and services.\n\n\u203b Samsung Newsroom Korea: @SamsungNewsroom","url":"https:\/\/t.co\/TIAIfAf246","entities":{"url":{"urls":[{"url":"https:\/\/t.co\/TIAIfAf246","expanded_url":"http:\/\/news.samsung.com","display_url":"news.samsung.com","indices":[0,23]}]},"description":{"urls":[]}},"protected":false,"followers_count":237841,"friends_count":1559,"listed_count":569,"created_at":"Mon Mar 10 05:31:46 +0000 2014","favourites_count":222,"utc_offset":32400,"time_zone":"Seoul","geo_enabled":true,"verified":true,"statuses_count":2502,"lang":"en","contributors_enabled":false,"is_translator":false,"is_translation_enabled":false,"profile_background_color":"C0DEED","profile_background_image_url":"http:\/\/pbs.twimg.com\/profile_background_images\/448384829940187136\/NjQFR7sK.jpeg","profile_background_image_url_https":"https:\/\/pbs.twimg.com\/profile_background_images\/448384829940187136\/NjQFR7sK.jpeg","profile_background_tile":false,"profile_image_url":"http:\/\/pbs.twimg.com\/profile_images\/773342566951419904\/p1kj4vLU_normal.jpg","profile_image_url_https":"https:\/\/pbs.twimg.com\/profile_images\/773342566951419904\/p1kj4vLU_normal.jpg","profile_banner_url":"https:\/\/pbs.twimg.com\/profile_banners\/2381578122\/1492396825","profile_link_color":"0084B4","profile_sidebar_border_color":"FFFFFF","profile_sidebar_fill_color":"DDEEF6","profile_text_color":"333333","profile_use_background_image":true,"has_extended_profile":false,"default_profile":false,"default_profile_image":false,"following":false,"follow_request_sent":false,"notifications":false,"translator_type":"none"},"geo":null,"coordinates":null,"place":null,"contributors":null,"is_quote_status":false,"retweet_count":6,"favorite_count":33,"favorited":false,"retweeted":false,"possibly_sensitive":false,"lang":"en"},{"created_at":"Wed Apr 19 07:03:27 +0000 2017","id":854591253689671680,"id_str":"854591253689671680","text":"Multi-layer safety measures, 8-point safety check and more #GalaxyS8 https:\/\/t.co\/SQoyYJRxVg","truncated":false,"entities":{"hashtags":[{"text":"GalaxyS8","indices":[59,68]}],"symbols":[],"user_mentions":[],"urls":[{"url":"https:\/\/t.co\/SQoyYJRxVg","expanded_url":"https:\/\/news.samsung.com\/global\/interview-how-samsung-built-the-galaxy-s8-to-redefine-whats-possible-in-safety","display_url":"news.samsung.com\/global\/intervi\u2026","indices":[69,92]}]},"source":"\u003ca href=\"http:\/\/twitter.com\" rel=\"nofollow\"\u003eTwitter Web Client\u003c\/a\u003e","in_reply_to_status_id":null,"in_reply_to_status_id_str":null,"in_reply_to_user_id":null,"in_reply_to_user_id_str":null,"in_reply_to_screen_name":null,"user":{"id":2381578122,"id_str":"2381578122","name":"Samsung Electronics","screen_name":"Samsung","location":"Suwon, Korea","description":"Follow us for the latest news about our people, insights, technologies, products and services.\n\n\u203b Samsung Newsroom Korea: @SamsungNewsroom","url":"https:\/\/t.co\/TIAIfAf246","entities":{"url":{"urls":[{"url":"https:\/\/t.co\/TIAIfAf246","expanded_url":"http:\/\/news.samsung.com","display_url":"news.samsung.com","indices":[0,23]}]},"description":{"urls":[]}},"protected":false,"followers_count":237841,"friends_count":1559,"listed_count":569,"created_at":"Mon Mar 10 05:31:46 +0000 2014","favourites_count":222,"utc_offset":32400,"time_zone":"Seoul","geo_enabled":true,"verified":true,"statuses_count":2502,"lang":"en","contributors_enabled":false,"is_translator":false,"is_translation_enabled":false,"profile_background_color":"C0DEED","profile_background_image_url":"http:\/\/pbs.twimg.com\/profile_background_images\/448384829940187136\/NjQFR7sK.jpeg","profile_background_image_url_https":"https:\/\/pbs.twimg.com\/profile_background_images\/448384829940187136\/NjQFR7sK.jpeg","profile_background_tile":false,"profile_image_url":"http:\/\/pbs.twimg.com\/profile_images\/773342566951419904\/p1kj4vLU_normal.jpg","profile_image_url_https":"https:\/\/pbs.twimg.com\/profile_images\/773342566951419904\/p1kj4vLU_normal.jpg","profile_banner_url":"https:\/\/pbs.twimg.com\/profile_banners\/2381578122\/1492396825","profile_link_color":"0084B4","profile_sidebar_border_color":"FFFFFF","profile_sidebar_fill_color":"DDEEF6","profile_text_color":"333333","profile_use_background_image":true,"has_extended_profile":false,"default_profile":false,"default_profile_image":false,"following":false,"follow_request_sent":false,"notifications":false,"translator_type":"none"},"geo":null,"coordinates":null,"place":null,"contributors":null,"is_quote_status":false,"retweet_count":5,"favorite_count":24,"favorited":false,"retweeted":false,"possibly_sensitive":false,"lang":"en"},{"created_at":"Wed Apr 19 06:44:25 +0000 2017","id":854586465497436161,"id_str":"854586465497436161","text":"Watch as Samsung introduces #GalaxyS8 to \ud83c\uddee\ud83c\uddf3 https:\/\/t.co\/wQG91seuUr","truncated":false,"entities":{"hashtags":[{"text":"GalaxyS8","indices":[28,37]}],"symbols":[],"user_mentions":[],"urls":[{"url":"https:\/\/t.co\/wQG91seuUr","expanded_url":"https:\/\/twitter.com\/SamsungNewsIN\/status\/854585367458185216","display_url":"twitter.com\/SamsungNewsIN\/\u2026","indices":[44,67]}]},"source":"\u003ca href=\"http:\/\/twitter.com\" rel=\"nofollow\"\u003eTwitter Web Client\u003c\/a\u003e","in_reply_to_status_id":null,"in_reply_to_status_id_str":null,"in_reply_to_user_id":null,"in_reply_to_user_id_str":null,"in_reply_to_screen_name":null,"user":{"id":2381578122,"id_str":"2381578122","name":"Samsung Electronics","screen_name":"Samsung","location":"Suwon, Korea","description":"Follow us for the latest news about our people, insights, technologies, products and services.\n\n\u203b Samsung Newsroom Korea: @SamsungNewsroom","url":"https:\/\/t.co\/TIAIfAf246","entities":{"url":{"urls":[{"url":"https:\/\/t.co\/TIAIfAf246","expanded_url":"http:\/\/news.samsung.com","display_url":"news.samsung.com","indices":[0,23]}]},"description":{"urls":[]}},"protected":false,"followers_count":237841,"friends_count":1559,"listed_count":569,"created_at":"Mon Mar 10 05:31:46 +0000 2014","favourites_count":222,"utc_offset":32400,"time_zone":"Seoul","geo_enabled":true,"verified":true,"statuses_count":2502,"lang":"en","contributors_enabled":false,"is_translator":false,"is_translation_enabled":false,"profile_background_color":"C0DEED","profile_background_image_url":"http:\/\/pbs.twimg.com\/profile_background_images\/448384829940187136\/NjQFR7sK.jpeg","profile_background_image_url_https":"https:\/\/pbs.twimg.com\/profile_background_images\/448384829940187136\/NjQFR7sK.jpeg","profile_background_tile":false,"profile_image_url":"http:\/\/pbs.twimg.com\/profile_images\/773342566951419904\/p1kj4vLU_normal.jpg","profile_image_url_https":"https:\/\/pbs.twimg.com\/profile_images\/773342566951419904\/p1kj4vLU_normal.jpg","profile_banner_url":"https:\/\/pbs.twimg.com\/profile_banners\/2381578122\/1492396825","profile_link_color":"0084B4","profile_sidebar_border_color":"FFFFFF","profile_sidebar_fill_color":"DDEEF6","profile_text_color":"333333","profile_use_background_image":true,"has_extended_profile":false,"default_profile":false,"default_profile_image":false,"following":false,"follow_request_sent":false,"notifications":false,"translator_type":"none"},"geo":null,"coordinates":null,"place":null,"contributors":null,"is_quote_status":true,"quoted_status_id":854585367458185216,"quoted_status_id_str":"854585367458185216","quoted_status":{"created_at":"Wed Apr 19 06:40:03 +0000 2017","id":854585367458185216,"id_str":"854585367458185216","text":"Watch the live stream of Samsung Galaxy S8 India Launch\nhttps:\/\/t.co\/C82AQNsPhD","truncated":false,"entities":{"hashtags":[],"symbols":[],"user_mentions":[],"urls":[{"url":"https:\/\/t.co\/C82AQNsPhD","expanded_url":"https:\/\/news.samsung.com\/in\/","display_url":"news.samsung.com\/in\/","indices":[56,79]}]},"source":"\u003ca href=\"http:\/\/twitter.com\/download\/android\" rel=\"nofollow\"\u003eTwitter for Android\u003c\/a\u003e","in_reply_to_status_id":null,"in_reply_to_status_id_str":null,"in_reply_to_user_id":null,"in_reply_to_user_id_str":null,"in_reply_to_screen_name":null,"user":{"id":842682781541060608,"id_str":"842682781541060608","name":"SamsungNewsroomIN","screen_name":"SamsungNewsIN","location":"Gurgaon, India","description":"The official Twitter of Samsung India Newsroom. Follow us for latest news, views and press resources from Samsung India.","url":"https:\/\/t.co\/5FmkEt5cn5","entities":{"url":{"urls":[{"url":"https:\/\/t.co\/5FmkEt5cn5","expanded_url":"https:\/\/news.samsung.com\/in\/","display_url":"news.samsung.com\/in\/","indices":[0,23]}]},"description":{"urls":[]}},"protected":false,"followers_count":57,"friends_count":1,"listed_count":0,"created_at":"Fri Mar 17 10:23:26 +0000 2017","favourites_count":0,"utc_offset":-25200,"time_zone":"Pacific Time (US & Canada)","geo_enabled":false,"verified":false,"statuses_count":24,"lang":"en","contributors_enabled":false,"is_translator":false,"is_translation_enabled":false,"profile_background_color":"F5F8FA","profile_background_image_url":null,"profile_background_image_url_https":null,"profile_background_tile":false,"profile_image_url":"http:\/\/pbs.twimg.com\/profile_images\/844506327674224647\/SH4IkbLf_normal.jpg","profile_image_url_https":"https:\/\/pbs.twimg.com\/profile_images\/844506327674224647\/SH4IkbLf_normal.jpg","profile_banner_url":"https:\/\/pbs.twimg.com\/profile_banners\/842682781541060608\/1490151079","profile_link_color":"1DA1F2","profile_sidebar_border_color":"C0DEED","profile_sidebar_fill_color":"DDEEF6","profile_text_color":"333333","profile_use_background_image":true,"has_extended_profile":false,"default_profile":true,"default_profile_image":false,"following":false,"follow_request_sent":false,"notifications":false,"translator_type":"none"},"geo":null,"coordinates":null,"place":null,"contributors":null,"is_quote_status":false,"retweet_count":1,"favorite_count":2,"favorited":false,"retweeted":false,"possibly_sensitive":false,"lang":"en"},"retweet_count":2,"favorite_count":15,"favorited":false,"retweeted":false,"possibly_sensitive":false,"lang":"en"},{"created_at":"Wed Apr 19 02:32:05 +0000 2017","id":854522963554476033,"id_str":"854522963554476033","text":"The panel of judges combed through over 2,000 submissions #GearS3 https:\/\/t.co\/iti64mhzw8","truncated":false,"entities":{"hashtags":[{"text":"GearS3","indices":[58,65]}],"symbols":[],"user_mentions":[],"urls":[{"url":"https:\/\/t.co\/iti64mhzw8","expanded_url":"https:\/\/news.samsung.com\/global\/and-the-winner-is-the-results-of-the-gear-s3s-watch-face-design-contest","display_url":"news.samsung.com\/global\/and-the\u2026","indices":[66,89]}]},"source":"\u003ca href=\"https:\/\/ads.twitter.com\" rel=\"nofollow\"\u003eTwitter Ads\u003c\/a\u003e","in_reply_to_status_id":null,"in_reply_to_status_id_str":null,"in_reply_to_user_id":null,"in_reply_to_user_id_str":null,"in_reply_to_screen_name":null,"user":{"id":2381578122,"id_str":"2381578122","name":"Samsung Electronics","screen_name":"Samsung","location":"Suwon, Korea","description":"Follow us for the latest news about our people, insights, technologies, products and services.\n\n\u203b Samsung Newsroom Korea: @SamsungNewsroom","url":"https:\/\/t.co\/TIAIfAf246","entities":{"url":{"urls":[{"url":"https:\/\/t.co\/TIAIfAf246","expanded_url":"http:\/\/news.samsung.com","display_url":"news.samsung.com","indices":[0,23]}]},"description":{"urls":[]}},"protected":false,"followers_count":237841,"friends_count":1559,"listed_count":569,"created_at":"Mon Mar 10 05:31:46 +0000 2014","favourites_count":222,"utc_offset":32400,"time_zone":"Seoul","geo_enabled":true,"verified":true,"statuses_count":2502,"lang":"en","contributors_enabled":false,"is_translator":false,"is_translation_enabled":false,"profile_background_color":"C0DEED","profile_background_image_url":"http:\/\/pbs.twimg.com\/profile_background_images\/448384829940187136\/NjQFR7sK.jpeg","profile_background_image_url_https":"https:\/\/pbs.twimg.com\/profile_background_images\/448384829940187136\/NjQFR7sK.jpeg","profile_background_tile":false,"profile_image_url":"http:\/\/pbs.twimg.com\/profile_images\/773342566951419904\/p1kj4vLU_normal.jpg","profile_image_url_https":"https:\/\/pbs.twimg.com\/profile_images\/773342566951419904\/p1kj4vLU_normal.jpg","profile_banner_url":"https:\/\/pbs.twimg.com\/profile_banners\/2381578122\/1492396825","profile_link_color":"0084B4","profile_sidebar_border_color":"FFFFFF","profile_sidebar_fill_color":"DDEEF6","profile_text_color":"333333","profile_use_background_image":true,"has_extended_profile":false,"default_profile":false,"default_profile_image":false,"following":false,"follow_request_sent":false,"notifications":false,"translator_type":"none"},"geo":null,"coordinates":null,"place":null,"contributors":null,"is_quote_status":false,"retweet_count":6,"favorite_count":37,"favorited":false,"retweeted":false,"possibly_sensitive":false,"lang":"en"},{"created_at":"Tue Apr 18 06:02:03 +0000 2017","id":854213415576805377,"id_str":"854213415576805377","text":"This prestigious award  represents Samsung\u2019s continued commitment to enriching communities in which it operates https:\/\/t.co\/no0JHHISjW","truncated":false,"entities":{"hashtags":[],"symbols":[],"user_mentions":[],"urls":[{"url":"https:\/\/t.co\/no0JHHISjW","expanded_url":"https:\/\/news.samsung.com\/global\/samsung-electronics-indonesia-honored-at-global-csr-awards-2017","display_url":"news.samsung.com\/global\/samsung\u2026","indices":[112,135]}]},"source":"\u003ca href=\"https:\/\/ads.twitter.com\" rel=\"nofollow\"\u003eTwitter Ads\u003c\/a\u003e","in_reply_to_status_id":null,"in_reply_to_status_id_str":null,"in_reply_to_user_id":null,"in_reply_to_user_id_str":null,"in_reply_to_screen_name":null,"user":{"id":2381578122,"id_str":"2381578122","name":"Samsung Electronics","screen_name":"Samsung","location":"Suwon, Korea","description":"Follow us for the latest news about our people, insights, technologies, products and services.\n\n\u203b Samsung Newsroom Korea: @SamsungNewsroom","url":"https:\/\/t.co\/TIAIfAf246","entities":{"url":{"urls":[{"url":"https:\/\/t.co\/TIAIfAf246","expanded_url":"http:\/\/news.samsung.com","display_url":"news.samsung.com","indices":[0,23]}]},"description":{"urls":[]}},"protected":false,"followers_count":237841,"friends_count":1559,"listed_count":569,"created_at":"Mon Mar 10 05:31:46 +0000 2014","favourites_count":222,"utc_offset":32400,"time_zone":"Seoul","geo_enabled":true,"verified":true,"statuses_count":2502,"lang":"en","contributors_enabled":false,"is_translator":false,"is_translation_enabled":false,"profile_background_color":"C0DEED","profile_background_image_url":"http:\/\/pbs.twimg.com\/profile_background_images\/448384829940187136\/NjQFR7sK.jpeg","profile_background_image_url_https":"https:\/\/pbs.twimg.com\/profile_background_images\/448384829940187136\/NjQFR7sK.jpeg","profile_background_tile":false,"profile_image_url":"http:\/\/pbs.twimg.com\/profile_images\/773342566951419904\/p1kj4vLU_normal.jpg","profile_image_url_https":"https:\/\/pbs.twimg.com\/profile_images\/773342566951419904\/p1kj4vLU_normal.jpg","profile_banner_url":"https:\/\/pbs.twimg.com\/profile_banners\/2381578122\/1492396825","profile_link_color":"0084B4","profile_sidebar_border_color":"FFFFFF","profile_sidebar_fill_color":"DDEEF6","profile_text_color":"333333","profile_use_background_image":true,"has_extended_profile":false,"default_profile":false,"default_profile_image":false,"following":false,"follow_request_sent":false,"notifications":false,"translator_type":"none"},"geo":null,"coordinates":null,"place":null,"contributors":null,"is_quote_status":false,"retweet_count":8,"favorite_count":23,"favorited":false,"retweeted":false,"possibly_sensitive":false,"lang":"en"},{"created_at":"Mon Apr 17 08:02:11 +0000 2017","id":853881262355791872,"id_str":"853881262355791872","text":"Because TVs HAVE become smarter #QLED https:\/\/t.co\/ZAS4jGbbym","truncated":false,"entities":{"hashtags":[{"text":"QLED","indices":[32,37]}],"symbols":[],"user_mentions":[],"urls":[{"url":"https:\/\/t.co\/ZAS4jGbbym","expanded_url":"https:\/\/news.samsung.com\/global\/video-why-qled-tv-part-2-a-smarter-way-to-watch-tv","display_url":"news.samsung.com\/global\/video-w\u2026","indices":[38,61]}]},"source":"\u003ca href=\"http:\/\/twitter.com\" rel=\"nofollow\"\u003eTwitter Web Client\u003c\/a\u003e","in_reply_to_status_id":null,"in_reply_to_status_id_str":null,"in_reply_to_user_id":null,"in_reply_to_user_id_str":null,"in_reply_to_screen_name":null,"user":{"id":2381578122,"id_str":"2381578122","name":"Samsung Electronics","screen_name":"Samsung","location":"Suwon, Korea","description":"Follow us for the latest news about our people, insights, technologies, products and services.\n\n\u203b Samsung Newsroom Korea: @SamsungNewsroom","url":"https:\/\/t.co\/TIAIfAf246","entities":{"url":{"urls":[{"url":"https:\/\/t.co\/TIAIfAf246","expanded_url":"http:\/\/news.samsung.com","display_url":"news.samsung.com","indices":[0,23]}]},"description":{"urls":[]}},"protected":false,"followers_count":237841,"friends_count":1559,"listed_count":569,"created_at":"Mon Mar 10 05:31:46 +0000 2014","favourites_count":222,"utc_offset":32400,"time_zone":"Seoul","geo_enabled":true,"verified":true,"statuses_count":2502,"lang":"en","contributors_enabled":false,"is_translator":false,"is_translation_enabled":false,"profile_background_color":"C0DEED","profile_background_image_url":"http:\/\/pbs.twimg.com\/profile_background_images\/448384829940187136\/NjQFR7sK.jpeg","profile_background_image_url_https":"https:\/\/pbs.twimg.com\/profile_background_images\/448384829940187136\/NjQFR7sK.jpeg","profile_background_tile":false,"profile_image_url":"http:\/\/pbs.twimg.com\/profile_images\/773342566951419904\/p1kj4vLU_normal.jpg","profile_image_url_https":"https:\/\/pbs.twimg.com\/profile_images\/773342566951419904\/p1kj4vLU_normal.jpg","profile_banner_url":"https:\/\/pbs.twimg.com\/profile_banners\/2381578122\/1492396825","profile_link_color":"0084B4","profile_sidebar_border_color":"FFFFFF","profile_sidebar_fill_color":"DDEEF6","profile_text_color":"333333","profile_use_background_image":true,"has_extended_profile":false,"default_profile":false,"default_profile_image":false,"following":false,"follow_request_sent":false,"notifications":false,"translator_type":"none"},"geo":null,"coordinates":null,"place":null,"contributors":null,"is_quote_status":false,"retweet_count":10,"favorite_count":21,"favorited":false,"retweeted":false,"possibly_sensitive":false,"lang":"en"},{"created_at":"Mon Apr 17 05:02:06 +0000 2017","id":853835942364299264,"id_str":"853835942364299264","text":"Follow Deni as he walks us through a typical day \u2013 and night \u2013 in his quiet community #TurnOffYourLight https:\/\/t.co\/UIYtXUqa5X","truncated":false,"entities":{"hashtags":[{"text":"TurnOffYourLight","indices":[86,103]}],"symbols":[],"user_mentions":[],"urls":[{"url":"https:\/\/t.co\/UIYtXUqa5X","expanded_url":"https:\/\/news.samsung.com\/global\/video-samsungs-turn-off-your-light-campaign-spreads-light-and-smiles-in-indonesia","display_url":"news.samsung.com\/global\/video-s\u2026","indices":[104,127]}]},"source":"\u003ca href=\"https:\/\/ads.twitter.com\" rel=\"nofollow\"\u003eTwitter Ads\u003c\/a\u003e","in_reply_to_status_id":null,"in_reply_to_status_id_str":null,"in_reply_to_user_id":null,"in_reply_to_user_id_str":null,"in_reply_to_screen_name":null,"user":{"id":2381578122,"id_str":"2381578122","name":"Samsung Electronics","screen_name":"Samsung","location":"Suwon, Korea","description":"Follow us for the latest news about our people, insights, technologies, products and services.\n\n\u203b Samsung Newsroom Korea: @SamsungNewsroom","url":"https:\/\/t.co\/TIAIfAf246","entities":{"url":{"urls":[{"url":"https:\/\/t.co\/TIAIfAf246","expanded_url":"http:\/\/news.samsung.com","display_url":"news.samsung.com","indices":[0,23]}]},"description":{"urls":[]}},"protected":false,"followers_count":237841,"friends_count":1559,"listed_count":569,"created_at":"Mon Mar 10 05:31:46 +0000 2014","favourites_count":222,"utc_offset":32400,"time_zone":"Seoul","geo_enabled":true,"verified":true,"statuses_count":2502,"lang":"en","contributors_enabled":false,"is_translator":false,"is_translation_enabled":false,"profile_background_color":"C0DEED","profile_background_image_url":"http:\/\/pbs.twimg.com\/profile_background_images\/448384829940187136\/NjQFR7sK.jpeg","profile_background_image_url_https":"https:\/\/pbs.twimg.com\/profile_background_images\/448384829940187136\/NjQFR7sK.jpeg","profile_background_tile":false,"profile_image_url":"http:\/\/pbs.twimg.com\/profile_images\/773342566951419904\/p1kj4vLU_normal.jpg","profile_image_url_https":"https:\/\/pbs.twimg.com\/profile_images\/773342566951419904\/p1kj4vLU_normal.jpg","profile_banner_url":"https:\/\/pbs.twimg.com\/profile_banners\/2381578122\/1492396825","profile_link_color":"0084B4","profile_sidebar_border_color":"FFFFFF","profile_sidebar_fill_color":"DDEEF6","profile_text_color":"333333","profile_use_background_image":true,"has_extended_profile":false,"default_profile":false,"default_profile_image":false,"following":false,"follow_request_sent":false,"notifications":false,"translator_type":"none"},"geo":null,"coordinates":null,"place":null,"contributors":null,"is_quote_status":false,"retweet_count":4,"favorite_count":26,"favorited":false,"retweeted":false,"possibly_sensitive":false,"lang":"en"},{"created_at":"Fri Apr 14 06:42:14 +0000 2017","id":852773976426270720,"id_str":"852773976426270720","text":"Three new functional #GearS3 watchfaces focus on travel, training and trekking the great outdoors https:\/\/t.co\/c0gaw5QRi9","truncated":false,"entities":{"hashtags":[{"text":"GearS3","indices":[21,28]}],"symbols":[],"user_mentions":[],"urls":[{"url":"https:\/\/t.co\/c0gaw5QRi9","expanded_url":"https:\/\/news.samsung.com\/global\/get-out-and-get-active-this-spring-with-these-functional-gear-s3-watchfaces","display_url":"news.samsung.com\/global\/get-out\u2026","indices":[98,121]}]},"source":"\u003ca href=\"http:\/\/twitter.com\" rel=\"nofollow\"\u003eTwitter Web Client\u003c\/a\u003e","in_reply_to_status_id":null,"in_reply_to_status_id_str":null,"in_reply_to_user_id":null,"in_reply_to_user_id_str":null,"in_reply_to_screen_name":null,"user":{"id":2381578122,"id_str":"2381578122","name":"Samsung Electronics","screen_name":"Samsung","location":"Suwon, Korea","description":"Follow us for the latest news about our people, insights, technologies, products and services.\n\n\u203b Samsung Newsroom Korea: @SamsungNewsroom","url":"https:\/\/t.co\/TIAIfAf246","entities":{"url":{"urls":[{"url":"https:\/\/t.co\/TIAIfAf246","expanded_url":"http:\/\/news.samsung.com","display_url":"news.samsung.com","indices":[0,23]}]},"description":{"urls":[]}},"protected":false,"followers_count":237841,"friends_count":1559,"listed_count":569,"created_at":"Mon Mar 10 05:31:46 +0000 2014","favourites_count":222,"utc_offset":32400,"time_zone":"Seoul","geo_enabled":true,"verified":true,"statuses_count":2502,"lang":"en","contributors_enabled":false,"is_translator":false,"is_translation_enabled":false,"profile_background_color":"C0DEED","profile_background_image_url":"http:\/\/pbs.twimg.com\/profile_background_images\/448384829940187136\/NjQFR7sK.jpeg","profile_background_image_url_https":"https:\/\/pbs.twimg.com\/profile_background_images\/448384829940187136\/NjQFR7sK.jpeg","profile_background_tile":false,"profile_image_url":"http:\/\/pbs.twimg.com\/profile_images\/773342566951419904\/p1kj4vLU_normal.jpg","profile_image_url_https":"https:\/\/pbs.twimg.com\/profile_images\/773342566951419904\/p1kj4vLU_normal.jpg","profile_banner_url":"https:\/\/pbs.twimg.com\/profile_banners\/2381578122\/1492396825","profile_link_color":"0084B4","profile_sidebar_border_color":"FFFFFF","profile_sidebar_fill_color":"DDEEF6","profile_text_color":"333333","profile_use_background_image":true,"has_extended_profile":false,"default_profile":false,"default_profile_image":false,"following":false,"follow_request_sent":false,"notifications":false,"translator_type":"none"},"geo":null,"coordinates":null,"place":null,"contributors":null,"is_quote_status":false,"retweet_count":11,"favorite_count":45,"favorited":false,"retweeted":false,"possibly_sensitive":false,"lang":"en"},{"created_at":"Fri Apr 14 06:03:26 +0000 2017","id":852764212497498112,"id_str":"852764212497498112","text":"Sound is more closely integrated in the intricate fabric of our sensible lives than any other sensory stimulation https:\/\/t.co\/LyjbWHQoqF","truncated":false,"entities":{"hashtags":[],"symbols":[],"user_mentions":[],"urls":[{"url":"https:\/\/t.co\/LyjbWHQoqF","expanded_url":"https:\/\/news.samsung.com\/global\/design-story-how-samsungs-sound-design-creates-a-harmonized-galaxy-s8-user-experience","display_url":"news.samsung.com\/global\/design-\u2026","indices":[114,137]}]},"source":"\u003ca href=\"http:\/\/twitter.com\" rel=\"nofollow\"\u003eTwitter Web Client\u003c\/a\u003e","in_reply_to_status_id":null,"in_reply_to_status_id_str":null,"in_reply_to_user_id":null,"in_reply_to_user_id_str":null,"in_reply_to_screen_name":null,"user":{"id":2381578122,"id_str":"2381578122","name":"Samsung Electronics","screen_name":"Samsung","location":"Suwon, Korea","description":"Follow us for the latest news about our people, insights, technologies, products and services.\n\n\u203b Samsung Newsroom Korea: @SamsungNewsroom","url":"https:\/\/t.co\/TIAIfAf246","entities":{"url":{"urls":[{"url":"https:\/\/t.co\/TIAIfAf246","expanded_url":"http:\/\/news.samsung.com","display_url":"news.samsung.com","indices":[0,23]}]},"description":{"urls":[]}},"protected":false,"followers_count":237841,"friends_count":1559,"listed_count":569,"created_at":"Mon Mar 10 05:31:46 +0000 2014","favourites_count":222,"utc_offset":32400,"time_zone":"Seoul","geo_enabled":true,"verified":true,"statuses_count":2502,"lang":"en","contributors_enabled":false,"is_translator":false,"is_translation_enabled":false,"profile_background_color":"C0DEED","profile_background_image_url":"http:\/\/pbs.twimg.com\/profile_background_images\/448384829940187136\/NjQFR7sK.jpeg","profile_background_image_url_https":"https:\/\/pbs.twimg.com\/profile_background_images\/448384829940187136\/NjQFR7sK.jpeg","profile_background_tile":false,"profile_image_url":"http:\/\/pbs.twimg.com\/profile_images\/773342566951419904\/p1kj4vLU_normal.jpg","profile_image_url_https":"https:\/\/pbs.twimg.com\/profile_images\/773342566951419904\/p1kj4vLU_normal.jpg","profile_banner_url":"https:\/\/pbs.twimg.com\/profile_banners\/2381578122\/1492396825","profile_link_color":"0084B4","profile_sidebar_border_color":"FFFFFF","profile_sidebar_fill_color":"DDEEF6","profile_text_color":"333333","profile_use_background_image":true,"has_extended_profile":false,"default_profile":false,"default_profile_image":false,"following":false,"follow_request_sent":false,"notifications":false,"translator_type":"none"},"geo":null,"coordinates":null,"place":null,"contributors":null,"is_quote_status":false,"retweet_count":10,"favorite_count":24,"favorited":false,"retweeted":false,"possibly_sensitive":false,"lang":"en"},{"created_at":"Fri Apr 14 02:08:01 +0000 2017","id":852704966921699328,"id_str":"852704966921699328","text":"Global TV manufacturers, distributors and academic institutions came together at the first #QLED International Forum https:\/\/t.co\/KNWrWDCVBg","truncated":false,"entities":{"hashtags":[{"text":"QLED","indices":[91,96]}],"symbols":[],"user_mentions":[],"urls":[{"url":"https:\/\/t.co\/KNWrWDCVBg","expanded_url":"https:\/\/news.samsung.com\/global\/qled-tv-alliance-kicks-off","display_url":"news.samsung.com\/global\/qled-tv\u2026","indices":[117,140]}]},"source":"\u003ca href=\"http:\/\/twitter.com\" rel=\"nofollow\"\u003eTwitter Web Client\u003c\/a\u003e","in_reply_to_status_id":null,"in_reply_to_status_id_str":null,"in_reply_to_user_id":null,"in_reply_to_user_id_str":null,"in_reply_to_screen_name":null,"user":{"id":2381578122,"id_str":"2381578122","name":"Samsung Electronics","screen_name":"Samsung","location":"Suwon, Korea","description":"Follow us for the latest news about our people, insights, technologies, products and services.\n\n\u203b Samsung Newsroom Korea: @SamsungNewsroom","url":"https:\/\/t.co\/TIAIfAf246","entities":{"url":{"urls":[{"url":"https:\/\/t.co\/TIAIfAf246","expanded_url":"http:\/\/news.samsung.com","display_url":"news.samsung.com","indices":[0,23]}]},"description":{"urls":[]}},"protected":false,"followers_count":237841,"friends_count":1559,"listed_count":569,"created_at":"Mon Mar 10 05:31:46 +0000 2014","favourites_count":222,"utc_offset":32400,"time_zone":"Seoul","geo_enabled":true,"verified":true,"statuses_count":2502,"lang":"en","contributors_enabled":false,"is_translator":false,"is_translation_enabled":false,"profile_background_color":"C0DEED","profile_background_image_url":"http:\/\/pbs.twimg.com\/profile_background_images\/448384829940187136\/NjQFR7sK.jpeg","profile_background_image_url_https":"https:\/\/pbs.twimg.com\/profile_background_images\/448384829940187136\/NjQFR7sK.jpeg","profile_background_tile":false,"profile_image_url":"http:\/\/pbs.twimg.com\/profile_images\/773342566951419904\/p1kj4vLU_normal.jpg","profile_image_url_https":"https:\/\/pbs.twimg.com\/profile_images\/773342566951419904\/p1kj4vLU_normal.jpg","profile_banner_url":"https:\/\/pbs.twimg.com\/profile_banners\/2381578122\/1492396825","profile_link_color":"0084B4","profile_sidebar_border_color":"FFFFFF","profile_sidebar_fill_color":"DDEEF6","profile_text_color":"333333","profile_use_background_image":true,"has_extended_profile":false,"default_profile":false,"default_profile_image":false,"following":false,"follow_request_sent":false,"notifications":false,"translator_type":"none"},"geo":null,"coordinates":null,"place":null,"contributors":null,"is_quote_status":false,"retweet_count":9,"favorite_count":36,"favorited":false,"retweeted":false,"possibly_sensitive":false,"lang":"en"},{"created_at":"Thu Apr 13 12:02:05 +0000 2017","id":852492080291078144,"id_str":"852492080291078144","text":"\"Meaningful progress can only happen when you dare to defy barriers\" https:\/\/t.co\/wvvUBiN4yQ","truncated":false,"entities":{"hashtags":[],"symbols":[],"user_mentions":[],"urls":[{"url":"https:\/\/t.co\/wvvUBiN4yQ","expanded_url":"https:\/\/news.samsung.com\/global\/samsung-and-leo-burnett-join-forces-to-launch-new-galaxy-brand-campaign","display_url":"news.samsung.com\/global\/samsung\u2026","indices":[69,92]}]},"source":"\u003ca href=\"https:\/\/ads.twitter.com\" rel=\"nofollow\"\u003eTwitter Ads\u003c\/a\u003e","in_reply_to_status_id":null,"in_reply_to_status_id_str":null,"in_reply_to_user_id":null,"in_reply_to_user_id_str":null,"in_reply_to_screen_name":null,"user":{"id":2381578122,"id_str":"2381578122","name":"Samsung Electronics","screen_name":"Samsung","location":"Suwon, Korea","description":"Follow us for the latest news about our people, insights, technologies, products and services.\n\n\u203b Samsung Newsroom Korea: @SamsungNewsroom","url":"https:\/\/t.co\/TIAIfAf246","entities":{"url":{"urls":[{"url":"https:\/\/t.co\/TIAIfAf246","expanded_url":"http:\/\/news.samsung.com","display_url":"news.samsung.com","indices":[0,23]}]},"description":{"urls":[]}},"protected":false,"followers_count":237841,"friends_count":1559,"listed_count":569,"created_at":"Mon Mar 10 05:31:46 +0000 2014","favourites_count":222,"utc_offset":32400,"time_zone":"Seoul","geo_enabled":true,"verified":true,"statuses_count":2502,"lang":"en","contributors_enabled":false,"is_translator":false,"is_translation_enabled":false,"profile_background_color":"C0DEED","profile_background_image_url":"http:\/\/pbs.twimg.com\/profile_background_images\/448384829940187136\/NjQFR7sK.jpeg","profile_background_image_url_https":"https:\/\/pbs.twimg.com\/profile_background_images\/448384829940187136\/NjQFR7sK.jpeg","profile_background_tile":false,"profile_image_url":"http:\/\/pbs.twimg.com\/profile_images\/773342566951419904\/p1kj4vLU_normal.jpg","profile_image_url_https":"https:\/\/pbs.twimg.com\/profile_images\/773342566951419904\/p1kj4vLU_normal.jpg","profile_banner_url":"https:\/\/pbs.twimg.com\/profile_banners\/2381578122\/1492396825","profile_link_color":"0084B4","profile_sidebar_border_color":"FFFFFF","profile_sidebar_fill_color":"DDEEF6","profile_text_color":"333333","profile_use_background_image":true,"has_extended_profile":false,"default_profile":false,"default_profile_image":false,"following":false,"follow_request_sent":false,"notifications":false,"translator_type":"none"},"geo":null,"coordinates":null,"place":null,"contributors":null,"is_quote_status":false,"retweet_count":14,"favorite_count":46,"favorited":false,"retweeted":false,"possibly_sensitive":false,"lang":"en"},{"created_at":"Thu Apr 13 08:28:00 +0000 2017","id":852438205458636800,"id_str":"852438205458636800","text":"This is why Samsung #QLED TV offers picture quality unlike any other https:\/\/t.co\/mZclKDiVvZ","truncated":false,"entities":{"hashtags":[{"text":"QLED","indices":[20,25]}],"symbols":[],"user_mentions":[],"urls":[{"url":"https:\/\/t.co\/mZclKDiVvZ","expanded_url":"https:\/\/news.samsung.com\/global\/video-why-qled-tv-part-1-picture-quality-unlike-any-other","display_url":"news.samsung.com\/global\/video-w\u2026","indices":[69,92]}]},"source":"\u003ca href=\"http:\/\/twitter.com\" rel=\"nofollow\"\u003eTwitter Web Client\u003c\/a\u003e","in_reply_to_status_id":null,"in_reply_to_status_id_str":null,"in_reply_to_user_id":null,"in_reply_to_user_id_str":null,"in_reply_to_screen_name":null,"user":{"id":2381578122,"id_str":"2381578122","name":"Samsung Electronics","screen_name":"Samsung","location":"Suwon, Korea","description":"Follow us for the latest news about our people, insights, technologies, products and services.\n\n\u203b Samsung Newsroom Korea: @SamsungNewsroom","url":"https:\/\/t.co\/TIAIfAf246","entities":{"url":{"urls":[{"url":"https:\/\/t.co\/TIAIfAf246","expanded_url":"http:\/\/news.samsung.com","display_url":"news.samsung.com","indices":[0,23]}]},"description":{"urls":[]}},"protected":false,"followers_count":237841,"friends_count":1559,"listed_count":569,"created_at":"Mon Mar 10 05:31:46 +0000 2014","favourites_count":222,"utc_offset":32400,"time_zone":"Seoul","geo_enabled":true,"verified":true,"statuses_count":2502,"lang":"en","contributors_enabled":false,"is_translator":false,"is_translation_enabled":false,"profile_background_color":"C0DEED","profile_background_image_url":"http:\/\/pbs.twimg.com\/profile_background_images\/448384829940187136\/NjQFR7sK.jpeg","profile_background_image_url_https":"https:\/\/pbs.twimg.com\/profile_background_images\/448384829940187136\/NjQFR7sK.jpeg","profile_background_tile":false,"profile_image_url":"http:\/\/pbs.twimg.com\/profile_images\/773342566951419904\/p1kj4vLU_normal.jpg","profile_image_url_https":"https:\/\/pbs.twimg.com\/profile_images\/773342566951419904\/p1kj4vLU_normal.jpg","profile_banner_url":"https:\/\/pbs.twimg.com\/profile_banners\/2381578122\/1492396825","profile_link_color":"0084B4","profile_sidebar_border_color":"FFFFFF","profile_sidebar_fill_color":"DDEEF6","profile_text_color":"333333","profile_use_background_image":true,"has_extended_profile":false,"default_profile":false,"default_profile_image":false,"following":false,"follow_request_sent":false,"notifications":false,"translator_type":"none"},"geo":null,"coordinates":null,"place":null,"contributors":null,"is_quote_status":false,"retweet_count":8,"favorite_count":35,"favorited":false,"retweeted":false,"possibly_sensitive":false,"lang":"en"}]