user_login,user_email,user_pass,first_name,last_name,display_name,role,nickname,first_name,last_name,description,rich_editing,comment_shortcuts,admin_color,use_ssl,show_admin_bar_front,locale,directoryplus_capabilities,directoryplus_user_level,dismissed_wp_pointers,last_update,metaboxhidden_page,wp_dp_user_type,billing_first_name,billing_last_name,billing_company,billing_address_1,billing_address_2,billing_city,billing_postcode,billing_country,billing_state,billing_phone,billing_email,shipping_first_name,shipping_last_name,shipping_company,shipping_address_1,shipping_address_2,shipping_city,shipping_postcode,shipping_country,shipping_state,closedpostboxes_page,wp_dp_company,wp_dp_permissions,wp_dp_user_status,session_tokens,manageedit-wp_dp_claimscolumnshidden,manageedit-pagecolumnshidden,meta-box-order_packages,manageedit-memberscolumnshidden,user_last_login,wp_dp_user_last_activity_date,manageedit-shop_ordercolumnshidden,suggested_listings_categories,suggested_listings_max_listings,wp_dp_public_profile,member_name,member_phone_number,member_thumb,directoryplus_nav_menu_recently_edited,icl_admin_language_migrated_to_wp47,icl_admin_language,icl_show_hidden_languages,icl_admin_language_for_edit,community-events-location,closedpostboxes_nav-menus,metaboxhidden_dashboard,directoryplus_media_library_mode,directoryplus_dashboard_quick_press_last_post_id,directoryplus_user-settings,directoryplus_user-settings-time,nav_menu_recently_edited,managenav-menuscolumnshidden,metaboxhidden_nav-menus,closedpostboxes_dashboard,cupp_meta,cupp_upload_meta,cupp_upload_edit_meta,rtladminbar,closedpostboxes_listing-type,metaboxhidden_listing-type,closedpostboxes_listings,metaboxhidden_listings,closedpostboxes_post,metaboxhidden_post,show_welcome_panel,meta-box-order_wp_dp_reviews,screen_layout_wp_dp_reviews,closedpostboxes_wp_dp_reviews,metaboxhidden_wp_dp_reviews,source_domain,primary_blog,metaboxhidden_members,closedpostboxes_members,edit_emails_per_page,meta-box-order_listings,closedpostboxes_wp_dp_claims,metaboxhidden_wp_dp_claims
Edwin dustin,dum3@chimpgroup.com,$P$BAGcZOTVEcL1S2IS0vpsGno.qokZUf1,,,Edwin dustin,wp_dp_member,edwin,edwin,dustin,,true,false,fresh,0,false,,a:1:{s:12:"wp_dp_member";s:1:"1";},0,,1487758213, ,supper-admin,,,,,,,,,,,,,,,,,,,,, ,5858,a:5:{s:15:"company_profile";s:2:"on";s:9:"enquiries";s:2:"on";s:6:"alerts";s:2:"on";s:10:"favourites";s:2:"on";s:16:"arrange_viewings";s:2:"on";}, ,a:2:{s:64:"06ae9c7d91af3fc8cca76704a04c4a102e7151986a2fe6f167dd10257c129004";a:4:{s:10:"expiration";i:1501069513;s:2:"ip";s:14:"203.101.178.34";s:2:"ua";s:115:"Mozilla/5.0 (Windows NT 10.0; Win64; x64) AppleWebKit/537.36 (KHTML, , , , ,1500973985,1500973985, ,a:1:{i:0;s:14:"all_categories";},20, , , , , , , , , , , , , , , , , , , , , , , , , , , , , , , , , , , , , , , , , , , ,
barrett brad,dum4@chimpgroup.com,$P$B3srst3I05AktZcIRs7E9iHfHo5UNt.,,,barrett brad,wp_dp_member,barrett brad,barrett,brad,,true,false,fresh,0,false,,a:1:{s:12:"wp_dp_member";s:1:"1";},0,,1492424143, ,supper-admin,,,,,,,,,,,,,,,,,,,,, ,5876,a:5:{s:15:"company_profile";s:2:"on";s:9:"enquiries";s:2:"on";s:6:"alerts";s:2:"on";s:10:"favourites";s:2:"on";s:16:"arrange_viewings";s:2:"on";}, ,a:1:{s:64:"1985c414e09091ffc5bd5310a17c2b0cbd25d802778897866d990bb7e35aceaa";a:4:{s:10:"expiration";i:1501156317;s:2:"ip";s:14:"203.101.178.34";s:2:"ua";s:115:"Mozilla/5.0 (Windows NT 10.0; Win64; x64) AppleWebKit/537.36 (KHTML, , , , ,1500983517,1500983517, ,a:1:{i:0;s:14:"all_categories";},20, , , , ,7,1,en,0,0, , , , , , , , , , , , , , , , , , , , , , , , , , , , , , , , , , ,
daisy-bruno,dum6@chimpgroup.com,$P$Bi5QWzcSxpUP0BqyyXv/cvrZLVQNzJ1,,,daisy-bruno,wp_dp_member,daisy-bruno,daisy,bruno,,true,false,fresh,0,false,,a:1:{s:12:"wp_dp_member";s:1:"1";},0,,1492424074, ,supper-admin,,,,,,,,,,,,,,,,,,,,, ,5870,a:5:{s:15:"company_profile";s:2:"on";s:9:"enquiries";s:2:"on";s:6:"alerts";s:2:"on";s:10:"favourites";s:2:"on";s:16:"arrange_viewings";s:2:"on";}, ,a:2:{s:64:"aafa87163639e02cbe0f6baa418c96448259ad40f5ae10ca4131018717e78a65";a:4:{s:10:"expiration";i:1501068984;s:2:"ip";s:14:"203.101.178.34";s:2:"ua";s:115:"Mozilla/5.0 (Windows NT 10.0; Win64; x64) AppleWebKit/537.36 (KHTML, , , , ,1500981875,1500981876, ,a:1:{i:0;s:14:"all_categories";},20, , , , ,7,1,en,0,0, , , , , , , , , , , , , , , , , , , , , , , , , , , , , , , , , , ,
dum21@chimpgroup.com,dum21@chimpgroup.com,$P$BbBgfKn4WUwpEUty5S24ljAa6/TLfg.,,,dum21@chimpgroup.com,wp_dp_member,dum21@chimpgroup.com,dum21@chimpgroup.com,,,true,false,fresh,0,true,,a:1:{s:12:"wp_dp_member";s:1:"1";},0,,1486730799, ,team-member,,,,,,,,,,,,,,,,,,,,, ,5869,a:5:{s:15:"company_profile";s:2:"on";s:9:"enquiries";s:2:"on";s:6:"alerts";s:2:"on";s:10:"favourites";s:2:"on";s:16:"arrange_viewings";s:2:"on";},deleted, , , , , , , , , , ,yes,Cynthia Bennett,013 5946 0957,6301, , , , , , , , , , , , , , , , , , , , , , , , , , , , , , , , , , , , , , , ,
armstrong-archer,dum11@chimpgroup.com,$P$BqLD6gShI4GzoBTCwgTtMZJUqiT5G//,,,armstrong-archer,wp_dp_member,armstrong-archer,armstrong,archer,,true,false,fresh,0,false,,a:1:{s:12:"wp_dp_member";s:1:"1";},0,,1492424233, ,supper-admin,,,,,,,,,,,,,,,,,,,,, ,5875,a:5:{s:15:"company_profile";s:2:"on";s:9:"enquiries";s:2:"on";s:6:"alerts";s:2:"on";s:10:"favourites";s:2:"on";s:16:"arrange_viewings";s:2:"on";}, ,a:2:{s:64:"9de6e1ed9783b36815da85af4a1016429b0ef952ec6f3dd3fc6d8b6d9f3d5143";a:4:{s:10:"expiration";i:1501156444;s:2:"ip";s:14:"203.101.178.34";s:2:"ua";s:115:"Mozilla/5.0 (Windows NT 10.0; Win64; x64) AppleWebKit/537.36 (KHTML, , , , ,1500983644,1500983644, ,a:1:{i:0;s:14:"all_categories";},20, , , , ,7,1,en,0,0, , , , , , , , , , , , , , , , , , , , , , , , , , , , , , , , , , ,
dum22@chimpgroup.com,dum22@chimpgroup.com,$P$BVGjldWenFKtZX2A64fjfyBW2gkZGa/,,,dum22@chimpgroup.com,wp_dp_member,dum22@chimpgroup.com,dum22@chimpgroup.com,,,true,false,fresh,0,true,,a:1:{s:12:"wp_dp_member";s:1:"1";},0,,1486730787, ,team-member,,,,,,,,,,,,,,,,,,,,, ,5869,a:5:{s:15:"company_profile";s:2:"on";s:9:"enquiries";s:2:"on";s:6:"alerts";s:2:"on";s:10:"favourites";s:2:"on";s:16:"arrange_viewings";s:2:"on";}, , , , , , , , , , , ,no,Edward King,020 2946 0854,, , , , , , , , , , , , , , , , , , , , , , , , , , , , , , , , , , , , , , , ,
harper garret,dum17@chimpgroup.com,$P$BqR3tIKywT4MhNg.Bp/oTFsDl4rMiB/,,,harper garret,wp_dp_member,harper garret,harper,garret,,true,false,fresh,0,false,,a:1:{s:12:"wp_dp_member";s:1:"1";},0,,1486709398, ,supper-admin,,,,,,,,,,,,,,,,,,,,, ,5848,a:5:{s:15:"company_profile";s:2:"on";s:9:"enquiries";s:2:"on";s:6:"alerts";s:2:"on";s:10:"favourites";s:2:"on";s:16:"arrange_viewings";s:2:"on";}, ,a:3:{s:64:"5c46f274f202efe6da31eadb59e08f294cc5aa009992cfa3f09da7872fa1a824";a:4:{s:10:"expiration";i:1501150077;s:2:"ip";s:14:"203.101.178.34";s:2:"ua";s:115:"Mozilla/5.0 (Windows NT 10.0; Win64; x64) AppleWebKit/537.36 (KHTML, , , , ,1500983158,1500983158, ,a:1:{i:0;s:14:"all_categories";},20, , , , , , , , , , , , , , , , , , , , , , , , , , , , , , , , , , , , , , , , , , , ,
dum23@chimpgroup.com,dum23@chimpgroup.com,$P$B1l2NVR7XA496GblBRyaLjJ9RtnmnZ.,,,dum23@chimpgroup.com,wp_dp_member,dum23@chimpgroup.com,dum23@chimpgroup.com,,,true,false,fresh,0,true,,a:1:{s:12:"wp_dp_member";s:1:"1";},0,,1486730810, ,team-member,,,,,,,,,,,,,,,,,,,,, ,5869,a:5:{s:15:"company_profile";s:2:"on";s:9:"enquiries";s:2:"on";s:6:"alerts";s:2:"on";s:10:"favourites";s:2:"on";s:16:"arrange_viewings";s:2:"on";}, , , , , , , , , , , ,yes,DouglasLawrence,015 3946 0858,6297, , , , , , , , , , , , , , , , , , , , , , , , , , , , , , , , , , , , , , , ,
catherine-cade,dum20@chimpgroup.com,$P$BL5pRSk9VPufo5cnghGeZxV7.Op/460,,,catherine-cade,wp_dp_member,catherine-cade,catherine,cade,,true,false,fresh,0,false,,a:1:{s:12:"wp_dp_member";s:1:"1";},0,,1492432314, ,supper-admin,,,,,,,,,,,,,,,,,,,,, ,5872,a:5:{s:15:"company_profile";s:2:"on";s:9:"enquiries";s:2:"on";s:6:"alerts";s:2:"on";s:10:"favourites";s:2:"on";s:16:"arrange_viewings";s:2:"on";}, ,a:2:{s:64:"4e7a0983720b501203ca568e5d872e61874235b423613d5d0b0a51a3f026acac";a:4:{s:10:"expiration";i:1501152584;s:2:"ip";s:14:"203.101.178.34";s:2:"ua";s:115:"Mozilla/5.0 (Windows NT 10.0; Win64; x64) AppleWebKit/537.36 (KHTML, , , , ,1500981693,1500981693, ,a:1:{i:0;s:14:"all_categories";},20, , , , ,7,1,en,0,0, , , , , , , , , , , , , , , , , , , , , , , , , , , , , , , , , , ,
dum24@chimpgroup.com,dum24@chimpgroup.com,$P$B6NLYmxP4ba34LMwxOME4wvP6SQKEB1,,,dum24@chimpgroup.com,wp_dp_member,dum24@chimpgroup.com,dum24@chimpgroup.com,,,true,false,fresh,0,true,,a:1:{s:12:"wp_dp_member";s:1:"1";},0,,1486730846, ,team-member,,,,,,,,,,,,,,,,,,,,, ,5869,a:5:{s:15:"company_profile";s:2:"on";s:9:"enquiries";s:2:"on";s:6:"alerts";s:2:"on";s:10:"favourites";s:2:"on";s:16:"arrange_viewings";s:2:"on";}, , , , , , , , , , , ,yes,Paul Pierce,018 7946 0077,6296, , , , , , , , , , , , , , , , , , , , , , , , , , , , , , , , , , , , , , , ,
hilary kalinton,dum14@chimpgroup.com,$P$BJIIelqUImCeoFSY1ojDrVvgy4Yj.I.,,,hilary kalinton,wp_dp_member,hilary kalinton,hilary,kalinton,,true,false,fresh,0,false,,a:1:{s:12:"wp_dp_member";s:1:"1";},0,,1486729830, ,supper-admin,,,,,,,,,,,,,,,,,,,,, ,5846,a:5:{s:15:"company_profile";s:2:"on";s:9:"enquiries";s:2:"on";s:6:"alerts";s:2:"on";s:10:"favourites";s:2:"on";s:16:"arrange_viewings";s:2:"on";}, ,a:1:{s:64:"60d37e5b9a1054f5ceb22f878316cfc090d1de73a29557b55c2c089f400ef0bb";a:4:{s:10:"expiration";i:1501155018;s:2:"ip";s:14:"203.101.178.34";s:2:"ua";s:115:"Mozilla/5.0 (Windows NT 10.0; Win64; x64) AppleWebKit/537.36 (KHTML, , , , ,1500982219,1500982219, ,a:1:{i:0;s:14:"all_categories";},20, , , , , , , , , , , , , , , , , , , , , , , , , , , , , , , , , , , , , , , , , , , ,
franklin-elton,dum16@chimpgroup.com,$P$BpZOFI//PDqqE02B.a9Wq9dJgECCE//,,,franklin-elton,wp_dp_member,franklin-elton,franklin,elton,,true,false,fresh,0,false,,a:1:{s:12:"wp_dp_member";s:1:"1";},0,,1486729853, ,supper-admin,,,,,,,,,,,,,,,,,,,,, ,5857,a:5:{s:15:"company_profile";s:2:"on";s:9:"enquiries";s:2:"on";s:6:"alerts";s:2:"on";s:10:"favourites";s:2:"on";s:16:"arrange_viewings";s:2:"on";}, ,a:3:{s:64:"6f3d4c7b3d88fdd19792ebe40681df4421f6924e665cbc5eb2d017650064fcf7";a:4:{s:10:"expiration";i:1501150253;s:2:"ip";s:14:"203.101.178.34";s:2:"ua";s:115:"Mozilla/5.0 (Windows NT 10.0; Win64; x64) AppleWebKit/537.36 (KHTML, , , , ,1500981397,1500981397, ,a:1:{i:0;s:14:"all_categories";},20, , , , , , , , , , , , , , , , , , , , , , , , , , , , , , , , , , , , , , , , , , , ,
jacqueline-hunter,dum18@chimpgroup.com,$P$BCoIe5hWlvKgOXigCzW1PR4sG1/agu/,,,jacqueline-hunter,wp_dp_member,jacqueline-hunter,jacqueline,hunter,,true,false,fresh,0,false,,a:1:{s:12:"wp_dp_member";s:1:"1";},0,,1486641137, ,supper-admin,,,,,,,,,,,,,,,,,,,,, ,5841,a:5:{s:15:"company_profile";s:2:"on";s:9:"enquiries";s:2:"on";s:6:"alerts";s:2:"on";s:10:"favourites";s:2:"on";s:16:"arrange_viewings";s:2:"on";}, ,a:1:{s:64:"d8db225ae38163ad7499474139c026db6364a9411dc43378b76098f8067dee9b";a:4:{s:10:"expiration";i:1501155734;s:2:"ip";s:14:"203.101.178.34";s:2:"ua";s:115:"Mozilla/5.0 (Windows NT 10.0; Win64; x64) AppleWebKit/537.36 (KHTML, , , , ,1500982934,1500982934, ,a:1:{i:0;s:14:"all_categories";},20, , , , , , , , , , , , , , , , , , , , , , , , , , , , , , , , , , , , , , , , , , , ,
gardner-ferris,dum10@chimpgroup.com,$P$BKuKepY5p9ETYS/YsQw3A5ozcIaG7b1,,,gardner-ferris,wp_dp_member,gardner-ferris,gardner,ferris,,true,false,fresh,0,false,,a:1:{s:12:"wp_dp_member";s:1:"1";},0,,1486709306, ,supper-admin,,,,,,,,,,,,,,,,,,,,, ,5855,a:5:{s:15:"company_profile";s:2:"on";s:9:"enquiries";s:2:"on";s:6:"alerts";s:2:"on";s:10:"favourites";s:2:"on";s:16:"arrange_viewings";s:2:"on";}, ,a:1:{s:64:"f702142b379a752cc481b3b816a5e2e723fce080da203c9736c78cb193e158af";a:4:{s:10:"expiration";i:1501155249;s:2:"ip";s:14:"203.101.178.34";s:2:"ua";s:115:"Mozilla/5.0 (Windows NT 10.0; Win64; x64) AppleWebKit/537.36 (KHTML, , , , ,1500982449,1500982449, ,a:1:{i:0;s:14:"all_categories";},20, , , , , , , , , , , , , , , , , , , , , , , , , , , , , , , , , , , , , , , , , , , ,
elizabeth dorian,dum7@chimpgroup.com,$P$BQOpbYb4ijSqf8kIVoKiR6ms7yq2JZ.,,,elizabeth dorian,wp_dp_member,elizabeth dorian,elizabeth,dorian,,true,false,fresh,0,false,,a:1:{s:12:"wp_dp_member";s:1:"1";},0,,1492587757, ,supper-admin,,,,,,,,,,,,,,,,,,,,, ,5869,a:5:{s:15:"company_profile";s:2:"on";s:9:"enquiries";s:2:"on";s:6:"alerts";s:2:"on";s:10:"favourites";s:2:"on";s:16:"arrange_viewings";s:2:"on";}, ,a:24:{s:64:"df8f3a9c68447fcaac5d9f13586d59592da5c3ff0be63e1769a9bb8c10b4859b";a:4:{s:10:"expiration";i:1501221241;s:2:"ip";s:9:"127.0.0.1";s:2:"ua";s:73:"Mozilla/5.0 (Windows NT 10.0; WOW64; rv:54.0) Gecko/20100101 Firefox/54.0";s:5:"login";i:1501048441;}s:64:"38a3d664ae32fa58b8e90be5b2133349f4a71b69dc82dc408ae87e1148829d05";a:4:{s:10:"expiration";i:1501221241;s:2:"ip";s:9:"127.0.0.1";s:2:"ua";s:115:"Mozilla/5.0 (Windows NT 10.0; Win64; x64) AppleWebKit/537.36 (KHTML, , , , ,1500990631,1501133792,a:1:{i:0;s:15:"billing_address";},a:4:{i:0;s:14:"all_categories";i:1;s:15:"creative-design";i:2;s:9:"languages";i:3;s:5:"media";},10, , , , ,7,1,en,0,0, , , , , , , , , , , , , , ,rtl, , , , , , , , , , , , ,1, , , , , , ,
dum29@chimpgroup.com,dum29@chimpgroup.com,$P$BqPoFTt/rWN4FTir4GwKYaodGSIFrr0,,,dum29@chimpgroup.com,wp_dp_member,dum29@chimpgroup.com,dum29@chimpgroup.com,,,true,false,fresh,0,true,,a:1:{s:12:"wp_dp_member";s:1:"1";},0,,1486730889, ,team-member,,,,,,,,,,,,,,,,,,,,, ,5869,a:5:{s:15:"company_profile";s:2:"on";s:9:"enquiries";s:2:"on";s:6:"alerts";s:2:"on";s:10:"favourites";s:2:"on";s:16:"arrange_viewings";s:2:"on";},deleted, , , , , , , , , , , , , , , , , , , , , , , , , , , , , , , , , , , , , , , , , , , , , , , , , , , , , ,
dalton-danny,dum15@chimpgroup.com,$P$Bw2o6qi9u5.BxwYa8W1VUYyrNJgBZ30,,,dalton-danny,wp_dp_member,dalton-danny,dalton,danny,,true,false,fresh,0,false,,a:1:{s:12:"wp_dp_member";s:1:"1";},0,,1486729868, ,supper-admin,,,,,,,,,,,,,,,,,,,,, ,5862,a:5:{s:15:"company_profile";s:2:"on";s:9:"enquiries";s:2:"on";s:6:"alerts";s:2:"on";s:10:"favourites";s:2:"on";s:16:"arrange_viewings";s:2:"on";}, ,a:2:{s:64:"29fbfec9e83ce37a39a2a96e5412dfbe692b60ce09c8f9db2c925d29f5287919";a:4:{s:10:"expiration";i:1500649424;s:2:"ip";s:14:"203.101.178.34";s:2:"ua";s:115:"Mozilla/5.0 (Windows NT 10.0; Win64; x64) AppleWebKit/537.36 (KHTML, , , , ,1500533839,1500533839, ,a:1:{i:0;s:14:"all_categories";},20, , , , , , , , , , , , , , , , , , , , , , , , , , , , , , , , , , , , , , , , , , , ,
dum28@chimpgroup.com,dum28@chimpgroup.com,$P$BZ5TQAen.sWmWEAsb2bmC5tcgyNC881,,,dum28@chimpgroup.com,wp_dp_member,dum28@chimpgroup.com,dum28@chimpgroup.com,,,true,false,fresh,0,true,,a:1:{s:12:"wp_dp_member";s:1:"1";},0,,1486730859, ,team-member,,,,,,,,,,,,,,,,,,,,, ,5869,a:5:{s:15:"company_profile";s:2:"on";s:9:"enquiries";s:2:"on";s:6:"alerts";s:2:"on";s:10:"favourites";s:2:"on";s:16:"arrange_viewings";s:2:"on";}, , , , , , , , , , , ,yes,Anna Smith,015 3946 0858,6292, , , , , , , , , , , , , , , , , , , , , , , , , , , , , , , , , , , , , , , ,
bobbie-bond,dum12@chimpgroup.com,$P$BffLN8FZwcx/B5tP4bJzMTb3OB5Uha/,,,bobbie-bond,wp_dp_member,bobbie-bond,bobbie,bond,,true,false,fresh,0,false,,a:1:{s:12:"wp_dp_member";s:1:"1";},0,,1486730225, ,supper-admin,,,,,,,,,,,,,,,,,,,,, ,5874,a:5:{s:15:"company_profile";s:2:"on";s:9:"enquiries";s:2:"on";s:6:"alerts";s:2:"on";s:10:"favourites";s:2:"on";s:16:"arrange_viewings";s:2:"on";}, ,a:4:{s:64:"c223645016ff22cf980acbde58506046179dbaae5c482339f9a98e3851685d72";a:4:{s:10:"expiration";i:1499837757;s:2:"ip";s:14:"203.101.178.34";s:2:"ua";s:115:"Mozilla/5.0 (Windows NT 10.0; Win64; x64) AppleWebKit/537.36 (KHTML, , , , ,1499774513,1499774513, ,a:1:{i:0;s:14:"all_categories";},20, , , , , , , , , , , , , , , , , , , , , , , , , , , , , , , , , , , , , , , , , , , ,
maya jall,dum1@chimpgroup.com,$P$BKH4bKLsWPIQEBP6yLOldwCNEc6Adz/,,,maya jall,wp_dp_member,maya jall,maya,jall,,true,false,fresh,0,false,,a:1:{s:12:"wp_dp_member";s:1:"1";},0,,1486729683, ,supper-admin,,,,,,,,,,,,,,,,,,,,, ,5815,a:5:{s:15:"company_profile";s:2:"on";s:9:"enquiries";s:2:"on";s:6:"alerts";s:2:"on";s:10:"favourites";s:2:"on";s:16:"arrange_viewings";s:2:"on";}, ,a:2:{s:64:"bc5c19c3eee6d26af15512168518a2ab9b25c8ecd1d62936cd75b7d280810a7a";a:4:{s:10:"expiration";i:1501151950;s:2:"ip";s:14:"203.101.178.34";s:2:"ua";s:115:"Mozilla/5.0 (Windows NT 10.0; Win64; x64) AppleWebKit/537.36 (KHTML, , , , ,1500981571,1500981572, ,a:1:{i:0;s:14:"all_categories";},20, , , , , , , , , , , , , , , , , , , , , , , , , , , , , , , , , , , , , , , , , , , ,
dum25@chimpgroup.com,dum25@chimpgroup.com,$P$Bv2lfS6NB1yzcydEe1Aj9VRHfjQyCy/,,,dum25@chimpgroup.com,wp_dp_member,dum25@chimpgroup.com,dum25@chimpgroup.com,,,true,false,fresh,0,true,,a:1:{s:12:"wp_dp_member";s:1:"1";},0,,1486730821, ,team-member,,,,,,,,,,,,,,,,,,,,, ,5869,a:5:{s:15:"company_profile";s:2:"on";s:9:"enquiries";s:2:"on";s:6:"alerts";s:2:"on";s:10:"favourites";s:2:"on";s:16:"arrange_viewings";s:2:"on";}, , , , , , , , , , , ,yes,Jill Richardson,022 8946 0693,6295, , , , , , , , , , , , , , , , , , , , , , , , , , , , , , , , , , , , , , , ,
katherine-jackie,dum8@chimpgroup.com,$P$BiHviwV/Wqigd71xeIXbVe.JlYg1eu.,,,katherine-jackie,wp_dp_member,katherine-jackie,katherine,jackie,,true,false,fresh,0,false,,a:1:{s:12:"wp_dp_member";s:1:"1";},0,,1486729733, ,supper-admin,,,,,,,,,,,,,,,,,,,,, ,5831,a:5:{s:15:"company_profile";s:2:"on";s:9:"enquiries";s:2:"on";s:6:"alerts";s:2:"on";s:10:"favourites";s:2:"on";s:16:"arrange_viewings";s:2:"on";}, ,a:1:{s:64:"f8ae4844706c75c8a88fd9758f4583b988199e4409c52db3a116ea4255fe443b";a:4:{s:10:"expiration";i:1501151461;s:2:"ip";s:14:"203.101.178.34";s:2:"ua";s:115:"Mozilla/5.0 (Windows NT 10.0; Win64; x64) AppleWebKit/537.36 (KHTML, , , , ,1500978661,1500978661, ,a:1:{i:0;s:14:"all_categories";},20, , , , , , , , , , , , , , , , , , , , , , , , , , , , , , , , , , , , , , , , , , , ,
dum26@chimpgroup.com,dum26@chimpgroup.com,$P$ByroYIT1XVePU3Jxh9HYzijnzaPNF8.,,,dum26@chimpgroup.com,wp_dp_member,dum26@chimpgroup.com,dum26@chimpgroup.com,,,true,false,fresh,0,true,,a:1:{s:12:"wp_dp_member";s:1:"1";},0,,1486730830, ,team-member,,,,,,,,,,,,,,,,,,,,, ,5869,a:5:{s:15:"company_profile";s:2:"on";s:9:"enquiries";s:2:"on";s:6:"alerts";s:2:"on";s:10:"favourites";s:2:"on";s:16:"arrange_viewings";s:2:"on";}, , , , , , , , , , , ,yes,julie anderson,032 7046 0959,6294, , , , , , , , , , , , , , , , , , , , , , , , , , , , , , , , , , , , , , , ,
gloria-jeans,dum19@chimpgroup.com,$P$B.UiwEISlBFLRjB0ppVNMivcj/.uRo.,,,gloria-jeans,wp_dp_member,gloria-jeans,gloria,jeans,,true,false,fresh,0,false,,a:1:{s:12:"wp_dp_member";s:1:"1";},0,,1492432261, ,supper-admin,,,,,,,,,,,,,,,,,,,,, ,5863,a:5:{s:15:"company_profile";s:2:"on";s:9:"enquiries";s:2:"on";s:6:"alerts";s:2:"on";s:10:"favourites";s:2:"on";s:16:"arrange_viewings";s:2:"on";}, ,a:1:{s:64:"c3fbc8cd0dd1fb4c859460e07d8d20d6b3b1599af60d3f40d344249388bf1e43";a:4:{s:10:"expiration";i:1501153982;s:2:"ip";s:14:"203.101.178.34";s:2:"ua";s:115:"Mozilla/5.0 (Windows NT 10.0; Win64; x64) AppleWebKit/537.36 (KHTML, , , , ,1500981182,1500981182, ,a:1:{i:0;s:14:"all_categories";},20, , , , ,7,1,en,0,0, , , , , , , , , , , , , , , , , , , , , , , , , , , , , , , , , , ,
albert rose,dum30@chimpgroup.com,$P$BZQ2lf9pr0IX7aQkvACNiaolTMsQh2.,,,albert rose,wp_dp_member,albert rose,albert,rose,,true,false,fresh,0,false,,a:1:{s:12:"wp_dp_member";s:1:"1";},0,,1486730351, ,supper-admin,,,,,,,,,,,,,,,,,,,,, ,5877,a:5:{s:15:"company_profile";s:2:"on";s:9:"enquiries";s:2:"on";s:6:"alerts";s:2:"on";s:10:"favourites";s:2:"on";s:16:"arrange_viewings";s:2:"on";}, ,a:1:{s:64:"89f64552792cf3bfe7b20a07cbe88c34eafa64c336b29c0ae277c273088f1f6f";a:4:{s:10:"expiration";i:1497082673;s:2:"ip";s:14:"203.101.178.34";s:2:"ua";s:115:"Mozilla/5.0 (Windows NT 10.0; Win64; x64) AppleWebKit/537.36 (KHTML, , , , ,1496909873,1496909873,a:1:{i:0;s:15:"billing_address";},a:1:{i:0;s:14:"all_categories";},20, , , , ,7,1, , , , , , , , , , , , , , , , , , , , , , , , , , , , , , , , , , , , , ,
caldwell-carter,dum13@chimpgroup.com,$P$BZJ9yjrWR12IodJ.J0n7hxPEZ8BP9b1,,,caldwell-carter,wp_dp_member,caldwell-carter,caldwell,carter,,true,false,fresh,0,false,,a:1:{s:12:"wp_dp_member";s:1:"1";},0,,1486730286, ,supper-admin,,,,,,,,,,,,,,,,,,,,, ,5873,a:5:{s:15:"company_profile";s:2:"on";s:9:"enquiries";s:2:"on";s:6:"alerts";s:2:"on";s:10:"favourites";s:2:"on";s:16:"arrange_viewings";s:2:"on";}, ,a:1:{s:64:"41e6466349828144e5638e00103cbc587e75795f907e2825671fa4051431a702";a:4:{s:10:"expiration";i:1501152439;s:2:"ip";s:14:"203.101.178.34";s:2:"ua";s:115:"Mozilla/5.0 (Windows NT 10.0; Win64; x64) AppleWebKit/537.36 (KHTML, , , , ,1500979639,1500979639, ,a:1:{i:0;s:14:"all_categories";},20, , , , , , , , , , , , , , , , , , , , , , , , , , , , , , , , , , , , , , , , , , , ,
dum27@chimpgroup.com,dum27@chimpgroup.com,$P$B27OmR4txhqgQL8osSvqu2URtu91lf1,,,dum27@chimpgroup.com,wp_dp_member,dum27@chimpgroup.com,dum27@chimpgroup.com,,,true,false,fresh,0,true,,a:1:{s:12:"wp_dp_member";s:1:"1";},0,,1486730776, ,team-member,,,,,,,,,,,,,,,,,,,,, ,5869,a:5:{s:15:"company_profile";s:2:"on";s:9:"enquiries";s:2:"on";s:6:"alerts";s:2:"on";s:10:"favourites";s:2:"on";s:16:"arrange_viewings";s:2:"on";}, , , , , , , , , , , ,yes,Natsha Millar,020 2946 0854,6293, , , , , , , , , , , , , , , , , , , , , , , , , , , , , , , , , , , , , , , ,
isabel-howard,dum9@chimpgroup.com,$P$Bt6rvfjydpPZ8reOwwEIvqRdvGOna0.,,,isabel-howard,wp_dp_member,isabel-howard,isabel,howard,,true,false,fresh,0,false,,a:1:{s:12:"wp_dp_member";s:1:"1";},0,,1486729756, ,supper-admin,,,,,,,,,,,,,,,,,,,,, ,5843,a:5:{s:15:"company_profile";s:2:"on";s:9:"enquiries";s:2:"on";s:6:"alerts";s:2:"on";s:10:"favourites";s:2:"on";s:16:"arrange_viewings";s:2:"on";}, ,a:1:{s:64:"c9500ce05cdebf35b72e7aafca5ff0b06b4a71162777a3cb13bf8e380f16d124";a:4:{s:10:"expiration";i:1501154861;s:2:"ip";s:14:"203.101.178.34";s:2:"ua";s:115:"Mozilla/5.0 (Windows NT 10.0; Win64; x64) AppleWebKit/537.36 (KHTML, , , , ,1500982061,1500982061, ,a:1:{i:0;s:14:"all_categories";},20, , , , , , , , , , , , , , , , , , , , , , , , , , , , , , , , , , , , , , , , , , , ,
loretta-kevin,dum2@chimpgroup.com,$P$Bb2Rndzev.1CTIlmEAKYfsI5tuGMAD1,,,loretta-kevin,wp_dp_member,loretta-kevin,loretta,kevin,,true,false,fresh,0,false,,a:1:{s:12:"wp_dp_member";s:1:"1";},0,,1486729692, ,supper-admin,,,,,,,,,,,,,,,,,,,,, ,5817,a:5:{s:15:"company_profile";s:2:"on";s:9:"enquiries";s:2:"on";s:6:"alerts";s:2:"on";s:10:"favourites";s:2:"on";s:16:"arrange_viewings";s:2:"on";}, ,a:1:{s:64:"3d047daf44b8c7ff9ed7833c7ca0bad557464d988e02dee60f181b1835865eae";a:4:{s:10:"expiration";i:1501151650;s:2:"ip";s:14:"203.101.178.34";s:2:"ua";s:115:"Mozilla/5.0 (Windows NT 10.0; Win64; x64) AppleWebKit/537.36 (KHTML, , , , ,1500978850,1500978850, ,a:1:{i:0;s:14:"all_categories";},20, , , , , , , , , , , , , , , , , , , , , , , , , , , , , , , , , , , , , , , , , , , ,
felicity edgar,dum31@chimpgroup.com,$P$B9.WCdjRirN1Vv9K2bASHH8xpsLDLS.,,,felicity edgar,wp_dp_member,felicity edgar,felicity,edgar,,true,false,fresh,0,false,,a:1:{s:12:"wp_dp_member";s:1:"1";},0,,1492422672, ,supper-admin,,,,,,,,,,,,,,,,,,,,, ,5864,a:5:{s:15:"company_profile";s:2:"on";s:9:"enquiries";s:2:"on";s:6:"alerts";s:2:"on";s:10:"favourites";s:2:"on";s:16:"arrange_viewings";s:2:"on";}, ,a:1:{s:64:"c6aaf39058464a95c96ffc4c9e00274a631dbf8c86e0975ceac921ea9fb75ceb";a:4:{s:10:"expiration";i:1501153552;s:2:"ip";s:14:"203.101.178.34";s:2:"ua";s:115:"Mozilla/5.0 (Windows NT 10.0; Win64; x64) AppleWebKit/537.36 (KHTML, , , , ,1500980752,1500980752, ,a:1:{i:0;s:14:"all_categories";},20, , , , ,7,1,en,0,0, , , , , , , , , , , , , , , , , , , , , , , , , , , , , , , , , , ,
directoryplus-admin,noreply2@chimpgroup.com,$P$BaD6cetsoitR6tuHUuYZBvb485ebob.,,,Barbara Kevin,administrator,directoryplus-admin,Barbara,Kevin,,true,false,fresh,0,true,,a:1:{s:13:"administrator";s:1:"1";},10,, ,a:4:{i:0;s:10:"postcustom";i:1;s:16:"commentstatusdiv";i:2;s:7:"slugdiv";i:3;s:9:"authordiv";},supper-admin, , , , , , , , , , , , , , , , , , , , ,a:1:{i:0;s:12:"revisionsdiv";},9559, , ,a:20:{s:64:"92ad3c25a6b306f1d0f53e87b7e9068e6fffd9e869b70075e569a79909aa8e3a";a:4:{s:10:"expiration";i:1501595578;s:2:"ip";s:14:"110.36.216.194";s:2:"ua";s:115:"Mozilla/5.0 (Windows NT 10.0; Win64; x64) AppleWebKit/537.36 (KHTML,a:0:{},a:0:{},a:4:{s:3:"top";s:0:"";s:4:"side";s:0:"";s:6:"normal";s:39:"wp_dp_meta_packages	Csubmitdiv	Cslugdiv";s:8:"advanced";s:0:"";},a:0:{},1501134158,1497441241, ,a:1:{i:0;s:14:"all_categories";},20, , , , , , , , , ,a:1:{s:2:"ip";s:11:"192.168.1.0";},a:0:{},a:0:{},grid,17280,libraryContent=browse&mfold=o&editor=html&hidetb=1&post_dfw=off&posts_list_mode=list,1501069390,9,a:5:{i:0;s:11:"link-target";i:1;s:11:"css-classes";i:2;s:3:"xfn";i:3;s:11:"description";i:4;s:15:"title-attribute";},a:7:{i:0;s:21:"add-post-type-members";i:1;s:31:"add-post-type-listing_enquiries";i:2;s:30:"add-post-type-listing_viewings";i:3;s:27:"add-post-type-wp_dp_reviews";i:4;s:12:"add-post_tag";i:5;s:24:"add-email_template_group";i:6;s:15:"add-listing-tag";},a:0:{},,http://serverwp/directoryplus/wp-content/uploads/avata-default-member-01.png,/wp-admin/post.php?post=6272&action=edit&image-editor,ltr,a:0:{},a:1:{i:0;s:7:"slugdiv";},a:0:{},a:1:{i:0;s:7:"slugdiv";},a:0:{},a:7:{i:0;s:11:"postexcerpt";i:1;s:13:"trackbacksdiv";i:2;s:10:"postcustom";i:3;s:16:"commentstatusdiv";i:4;s:11:"commentsdiv";i:5;s:7:"slugdiv";i:6;s:9:"authordiv";},0,a:4:{s:3:"top";s:0:"";s:4:"side";s:9:"submitdiv";s:6:"normal";s:27:"wp_dp_meta_reviews	Cslugdiv";s:8:"advanced";s:0:"";},2,a:0:{},a:1:{i:0;s:7:"slugdiv";},serverwp.com/directoryplus1,1,a:1:{i:0;s:7:"slugdiv";},a:0:{},100,a:4:{s:3:"top";s:0:"";s:4:"side";s:0:"";s:6:"normal";s:28:"wp_dp_meta_listings	Cslugdiv";s:8:"advanced";s:0:"";},a:0:{},a:1:{i:0;s:7:"slugdiv";},