[{"created_at":"Sat Feb 06 21:16:50 +0000 2016","id":696080131681447936,"id_str":"696080131681447936","text":"New font stack coming in the next Bootstrap 4 alpha! https:\/\/t.co\/VhoVb2h1gR","source":"\u003ca href=\"http:\/\/itunes.apple.com\/us\/app\/twitter\/id409789998?mt=12\" rel=\"nofollow\"\u003eTwitter for Mac\u003c\/a\u003e","truncated":false,"in_reply_to_status_id":null,"in_reply_to_status_id_str":null,"in_reply_to_user_id":null,"in_reply_to_user_id_str":null,"in_reply_to_screen_name":null,"user":{"id":372475592,"id_str":"372475592","name":"Bootstrap","screen_name":"getbootstrap","location":"San Francisco, CA","description":"Official account for Bootstrap, a toolkit providing simple and flexible HTML, CSS, and JS for popular UI components and interactions. Tweets by @mdo.","url":"http:\/\/t.co\/3Xqy8dCkoJ","entities":{"url":{"urls":[{"url":"http:\/\/t.co\/3Xqy8dCkoJ","expanded_url":"http:\/\/getbootstrap.com","display_url":"getbootstrap.com","indices":[0,22]}]},"description":{"urls":[]}},"protected":false,"followers_count":433468,"friends_count":12,"listed_count":5775,"created_at":"Mon Sep 12 20:59:58 +0000 2011","favourites_count":47,"utc_offset":-28800,"time_zone":"Pacific Time (US & Canada)","geo_enabled":false,"verified":false,"statuses_count":1477,"lang":"en","contributors_enabled":false,"is_translator":false,"is_translation_enabled":false,"profile_background_color":"563D7C","profile_background_image_url":"http:\/\/abs.twimg.com\/images\/themes\/theme1\/bg.png","profile_background_image_url_https":"https:\/\/abs.twimg.com\/images\/themes\/theme1\/bg.png","profile_background_tile":false,"profile_image_url":"http:\/\/pbs.twimg.com\/profile_images\/378800000195279414\/f8404a9d719c7ffce1478ba1a50036f9_normal.png","profile_image_url_https":"https:\/\/pbs.twimg.com\/profile_images\/378800000195279414\/f8404a9d719c7ffce1478ba1a50036f9_normal.png","profile_banner_url":"https:\/\/pbs.twimg.com\/profile_banners\/372475592\/1386735774","profile_link_color":"428BCA","profile_sidebar_border_color":"000000","profile_sidebar_fill_color":"DDEEF6","profile_text_color":"333333","profile_use_background_image":false,"has_extended_profile":false,"default_profile":false,"default_profile_image":false,"following":true,"follow_request_sent":false,"notifications":false},"geo":null,"coordinates":null,"place":null,"contributors":null,"quoted_status_id":695864454370557957,"quoted_status_id_str":"695864454370557957","quoted_status":{"created_at":"Sat Feb 06 06:59:49 +0000 2016","id":695864454370557957,"id_str":"695864454370557957","text":"It\u2019s 11pm on a Friday and why yes I am suggesting a new font stack for Bootstrap 4 that uses native system fonts. https:\/\/t.co\/hmD2nsdbf3","source":"\u003ca href=\"http:\/\/itunes.apple.com\/us\/app\/twitter\/id409789998?mt=12\" rel=\"nofollow\"\u003eTwitter for Mac\u003c\/a\u003e","truncated":false,"in_reply_to_status_id":null,"in_reply_to_status_id_str":null,"in_reply_to_user_id":null,"in_reply_to_user_id_str":null,"in_reply_to_screen_name":null,"user":{"id":8207832,"id_str":"8207832","name":"Mark Otto","screen_name":"mdo","location":"San Francisco","description":"Director of Design at GitHub. Creator of Bootstrap. Previously at Twitter. Huge nerd.","url":"http:\/\/t.co\/QJzDx9GDXF","entities":{"url":{"urls":[{"url":"http:\/\/t.co\/QJzDx9GDXF","expanded_url":"http:\/\/markdotto.com","display_url":"markdotto.com","indices":[0,22]}]},"description":{"urls":[]}},"protected":false,"followers_count":53807,"friends_count":153,"listed_count":2125,"created_at":"Wed Aug 15 17:23:32 +0000 2007","favourites_count":7326,"utc_offset":-28800,"time_zone":"Pacific Time (US & Canada)","geo_enabled":true,"verified":false,"statuses_count":26619,"lang":"en","contributors_enabled":false,"is_translator":true,"is_translation_enabled":false,"profile_background_color":"EEEEEE","profile_background_image_url":"http:\/\/pbs.twimg.com\/profile_background_images\/378602396\/linen.jpg","profile_background_image_url_https":"https:\/\/pbs.twimg.com\/profile_background_images\/378602396\/linen.jpg","profile_background_tile":false,"profile_image_url":"http:\/\/pbs.twimg.com\/profile_images\/630796572691804161\/kYW5TxUR_normal.jpg","profile_image_url_https":"https:\/\/pbs.twimg.com\/profile_images\/630796572691804161\/kYW5TxUR_normal.jpg","profile_banner_url":"https:\/\/pbs.twimg.com\/profile_banners\/8207832\/1406779582","profile_link_color":"0084B4","profile_sidebar_border_color":"000000","profile_sidebar_fill_color":"DDEEF6","profile_text_color":"333333","profile_use_background_image":false,"has_extended_profile":false,"default_profile":false,"default_profile_image":false,"following":false,"follow_request_sent":false,"notifications":false},"geo":null,"coordinates":null,"place":null,"contributors":null,"is_quote_status":false,"retweet_count":31,"favorite_count":113,"entities":{"hashtags":[],"symbols":[],"user_mentions":[],"urls":[{"url":"https:\/\/t.co\/hmD2nsdbf3","expanded_url":"https:\/\/github.com\/twbs\/bootstrap\/pull\/19098","display_url":"github.com\/twbs\/bootstrap\u2026","indices":[114,137]}]},"favorited":false,"retweeted":false,"possibly_sensitive":false,"lang":"en"},"is_quote_status":true,"retweet_count":83,"favorite_count":129,"entities":{"hashtags":[],"symbols":[],"user_mentions":[],"urls":[{"url":"https:\/\/t.co\/VhoVb2h1gR","expanded_url":"https:\/\/twitter.com\/mdo\/status\/695864454370557957","display_url":"twitter.com\/mdo\/status\/695\u2026","indices":[53,76]}]},"favorited":false,"retweeted":false,"possibly_sensitive":false,"lang":"en"},{"created_at":"Tue Dec 08 18:04:13 +0000 2015","id":674288387608592384,"id_str":"674288387608592384","text":"It's more than a feeling, it's a new Bootstrap 4 alpha release! Find out what's new and download the latest: https:\/\/t.co\/YZXyfuwfvV.","source":"\u003ca href=\"http:\/\/itunes.apple.com\/us\/app\/twitter\/id409789998?mt=12\" rel=\"nofollow\"\u003eTwitter for Mac\u003c\/a\u003e","truncated":false,"in_reply_to_status_id":null,"in_reply_to_status_id_str":null,"in_reply_to_user_id":null,"in_reply_to_user_id_str":null,"in_reply_to_screen_name":null,"user":{"id":372475592,"id_str":"372475592","name":"Bootstrap","screen_name":"getbootstrap","location":"San Francisco, CA","description":"Official account for Bootstrap, a toolkit providing simple and flexible HTML, CSS, and JS for popular UI components and interactions. Tweets by @mdo.","url":"http:\/\/t.co\/3Xqy8dCkoJ","entities":{"url":{"urls":[{"url":"http:\/\/t.co\/3Xqy8dCkoJ","expanded_url":"http:\/\/getbootstrap.com","display_url":"getbootstrap.com","indices":[0,22]}]},"description":{"urls":[]}},"protected":false,"followers_count":433468,"friends_count":12,"listed_count":5775,"created_at":"Mon Sep 12 20:59:58 +0000 2011","favourites_count":47,"utc_offset":-28800,"time_zone":"Pacific Time (US & Canada)","geo_enabled":false,"verified":false,"statuses_count":1477,"lang":"en","contributors_enabled":false,"is_translator":false,"is_translation_enabled":false,"profile_background_color":"563D7C","profile_background_image_url":"http:\/\/abs.twimg.com\/images\/themes\/theme1\/bg.png","profile_background_image_url_https":"https:\/\/abs.twimg.com\/images\/themes\/theme1\/bg.png","profile_background_tile":false,"profile_image_url":"http:\/\/pbs.twimg.com\/profile_images\/378800000195279414\/f8404a9d719c7ffce1478ba1a50036f9_normal.png","profile_image_url_https":"https:\/\/pbs.twimg.com\/profile_images\/378800000195279414\/f8404a9d719c7ffce1478ba1a50036f9_normal.png","profile_banner_url":"https:\/\/pbs.twimg.com\/profile_banners\/372475592\/1386735774","profile_link_color":"428BCA","profile_sidebar_border_color":"000000","profile_sidebar_fill_color":"DDEEF6","profile_text_color":"333333","profile_use_background_image":false,"has_extended_profile":false,"default_profile":false,"default_profile_image":false,"following":true,"follow_request_sent":false,"notifications":false},"geo":null,"coordinates":null,"place":null,"contributors":null,"is_quote_status":false,"retweet_count":284,"favorite_count":266,"entities":{"hashtags":[],"symbols":[],"user_mentions":[],"urls":[{"url":"https:\/\/t.co\/YZXyfuwfvV","expanded_url":"http:\/\/blog.getbootstrap.com\/2015\/12\/08\/bootstrap-4-alpha-2\/","display_url":"blog.getbootstrap.com\/2015\/12\/08\/boo\u2026","indices":[109,132]}]},"favorited":false,"retweeted":false,"possibly_sensitive":false,"lang":"en"},{"created_at":"Tue Nov 24 19:59:10 +0000 2015","id":669243882102591488,"id_str":"669243882102591488","text":"Bootstrap v3.3.6 is out today with CSS fixes and docs updates galore. About time, right!? https:\/\/t.co\/vWwEaPUk4n","source":"\u003ca href=\"http:\/\/itunes.apple.com\/us\/app\/twitter\/id409789998?mt=12\" rel=\"nofollow\"\u003eTwitter for Mac\u003c\/a\u003e","truncated":false,"in_reply_to_status_id":null,"in_reply_to_status_id_str":null,"in_reply_to_user_id":null,"in_reply_to_user_id_str":null,"in_reply_to_screen_name":null,"user":{"id":372475592,"id_str":"372475592","name":"Bootstrap","screen_name":"getbootstrap","location":"San Francisco, CA","description":"Official account for Bootstrap, a toolkit providing simple and flexible HTML, CSS, and JS for popular UI components and interactions. Tweets by @mdo.","url":"http:\/\/t.co\/3Xqy8dCkoJ","entities":{"url":{"urls":[{"url":"http:\/\/t.co\/3Xqy8dCkoJ","expanded_url":"http:\/\/getbootstrap.com","display_url":"getbootstrap.com","indices":[0,22]}]},"description":{"urls":[]}},"protected":false,"followers_count":433468,"friends_count":12,"listed_count":5775,"created_at":"Mon Sep 12 20:59:58 +0000 2011","favourites_count":47,"utc_offset":-28800,"time_zone":"Pacific Time (US & Canada)","geo_enabled":false,"verified":false,"statuses_count":1477,"lang":"en","contributors_enabled":false,"is_translator":false,"is_translation_enabled":false,"profile_background_color":"563D7C","profile_background_image_url":"http:\/\/abs.twimg.com\/images\/themes\/theme1\/bg.png","profile_background_image_url_https":"https:\/\/abs.twimg.com\/images\/themes\/theme1\/bg.png","profile_background_tile":false,"profile_image_url":"http:\/\/pbs.twimg.com\/profile_images\/378800000195279414\/f8404a9d719c7ffce1478ba1a50036f9_normal.png","profile_image_url_https":"https:\/\/pbs.twimg.com\/profile_images\/378800000195279414\/f8404a9d719c7ffce1478ba1a50036f9_normal.png","profile_banner_url":"https:\/\/pbs.twimg.com\/profile_banners\/372475592\/1386735774","profile_link_color":"428BCA","profile_sidebar_border_color":"000000","profile_sidebar_fill_color":"DDEEF6","profile_text_color":"333333","profile_use_background_image":false,"has_extended_profile":false,"default_profile":false,"default_profile_image":false,"following":true,"follow_request_sent":false,"notifications":false},"geo":null,"coordinates":null,"place":null,"contributors":null,"is_quote_status":false,"retweet_count":221,"favorite_count":205,"entities":{"hashtags":[],"symbols":[],"user_mentions":[],"urls":[{"url":"https:\/\/t.co\/vWwEaPUk4n","expanded_url":"http:\/\/blog.getbootstrap.com\/2015\/11\/24\/bootstrap-3-3-6-released\/","display_url":"blog.getbootstrap.com\/2015\/11\/24\/boo\u2026","indices":[90,113]}]},"favorited":false,"retweeted":false,"possibly_sensitive":false,"lang":"en"}]