[{"created_at":"Mon May 02 23:35:31 +0000 2016","id":727280389715193856,"id_str":"727280389715193856","text":"The Pocket Guide to Combining Typefaces by @nicewebtype is now a free PDF download: https:\/\/t.co\/8qnAhgYoq0 https:\/\/t.co\/wocoZ2bhkX","entities":{"hashtags":[],"symbols":[],"user_mentions":[{"screen_name":"nicewebtype","name":"Nice Web Type","id":9179362,"id_str":"9179362","indices":[43,55]}],"urls":[{"url":"https:\/\/t.co\/8qnAhgYoq0","expanded_url":"http:\/\/blog.typekit.com\/2016\/04\/29\/combining-typefaces-free-guide-to-great-typography\/","display_url":"blog.typekit.com\/2016\/04\/29\/com\u2026","indices":[84,107]}],"media":[{"id":727280378025627648,"id_str":"727280378025627648","indices":[108,131],"media_url":"http:\/\/pbs.twimg.com\/media\/ChfRpohUUAASkrS.jpg","media_url_https":"https:\/\/pbs.twimg.com\/media\/ChfRpohUUAASkrS.jpg","url":"https:\/\/t.co\/wocoZ2bhkX","display_url":"pic.twitter.com\/wocoZ2bhkX","expanded_url":"http:\/\/twitter.com\/Real_CSS_Tricks\/status\/727280389715193856\/photo\/1","type":"photo","sizes":{"large":{"w":1024,"h":633,"resize":"fit"},"thumb":{"w":150,"h":150,"resize":"crop"},"small":{"w":340,"h":210,"resize":"fit"},"medium":{"w":600,"h":371,"resize":"fit"}}}]},"extended_entities":{"media":[{"id":727280378025627648,"id_str":"727280378025627648","indices":[108,131],"media_url":"http:\/\/pbs.twimg.com\/media\/ChfRpohUUAASkrS.jpg","media_url_https":"https:\/\/pbs.twimg.com\/media\/ChfRpohUUAASkrS.jpg","url":"https:\/\/t.co\/wocoZ2bhkX","display_url":"pic.twitter.com\/wocoZ2bhkX","expanded_url":"http:\/\/twitter.com\/Real_CSS_Tricks\/status\/727280389715193856\/photo\/1","type":"photo","sizes":{"large":{"w":1024,"h":633,"resize":"fit"},"thumb":{"w":150,"h":150,"resize":"crop"},"small":{"w":340,"h":210,"resize":"fit"},"medium":{"w":600,"h":371,"resize":"fit"}}}]},"truncated":false,"source":"\u003ca href=\"https:\/\/about.twitter.com\/products\/tweetdeck\" rel=\"nofollow\"\u003eTweetDeck\u003c\/a\u003e","in_reply_to_status_id":null,"in_reply_to_status_id_str":null,"in_reply_to_user_id":null,"in_reply_to_user_id_str":null,"in_reply_to_screen_name":null,"user":{"id":285019665,"id_str":"285019665","name":"CSS-Tricks","screen_name":"Real_CSS_Tricks","location":"Milwaukee, WI","description":"The official account for http:\/\/t.co\/PffWvQYQDP, a web design community curated by @chriscoyier.\n\nFair warning: 95% auto-posted new content.","url":"http:\/\/t.co\/MPUasUSEx1","entities":{"url":{"urls":[{"url":"http:\/\/t.co\/MPUasUSEx1","expanded_url":"http:\/\/css-tricks.com","display_url":"css-tricks.com","indices":[0,22]}]},"description":{"urls":[{"url":"http:\/\/t.co\/PffWvQYQDP","expanded_url":"http:\/\/CSS-Tricks.com","display_url":"CSS-Tricks.com","indices":[25,47]}]}},"protected":false,"followers_count":269070,"friends_count":1819,"listed_count":5843,"created_at":"Wed Apr 20 11:40:04 +0000 2011","favourites_count":728,"utc_offset":-25200,"time_zone":"Pacific Time (US & Canada)","geo_enabled":false,"verified":false,"statuses_count":2764,"lang":"en","contributors_enabled":false,"is_translator":false,"is_translation_enabled":false,"profile_background_color":"CECFC7","profile_background_image_url":"http:\/\/pbs.twimg.com\/profile_background_images\/651224972\/bmmx9vno5pmrij14kd1s.png","profile_background_image_url_https":"https:\/\/pbs.twimg.com\/profile_background_images\/651224972\/bmmx9vno5pmrij14kd1s.png","profile_background_tile":true,"profile_image_url":"http:\/\/pbs.twimg.com\/profile_images\/546011298627334146\/MAeF2-yK_normal.jpeg","profile_image_url_https":"https:\/\/pbs.twimg.com\/profile_images\/546011298627334146\/MAeF2-yK_normal.jpeg","profile_banner_url":"https:\/\/pbs.twimg.com\/profile_banners\/285019665\/1399309574","profile_link_color":"0084B4","profile_sidebar_border_color":"C0DEED","profile_sidebar_fill_color":"DDEEF6","profile_text_color":"333333","profile_use_background_image":true,"has_extended_profile":false,"default_profile":false,"default_profile_image":false,"following":true,"follow_request_sent":false,"notifications":false},"geo":null,"coordinates":null,"place":null,"contributors":null,"is_quote_status":false,"retweet_count":197,"favorite_count":246,"favorited":false,"retweeted":false,"possibly_sensitive":false,"lang":"en"},{"created_at":"Mon May 02 18:50:14 +0000 2016","id":727208594626605059,"id_str":"727208594626605059","text":"# Web-based SVG editors\n\nBoxy: https:\/\/t.co\/ijLeR7pmh6\n\nMondrian: https:\/\/t.co\/QxirEMXlAO\n\nMethod Draw: https:\/\/t.co\/AbsOCqnI3r","entities":{"hashtags":[],"symbols":[],"user_mentions":[],"urls":[{"url":"https:\/\/t.co\/ijLeR7pmh6","expanded_url":"http:\/\/boxy-svg.com\/main.html#demo","display_url":"boxy-svg.com\/main.html#demo","indices":[31,54]},{"url":"https:\/\/t.co\/QxirEMXlAO","expanded_url":"http:\/\/mondrian.io\/","display_url":"mondrian.io","indices":[66,89]},{"url":"https:\/\/t.co\/AbsOCqnI3r","expanded_url":"http:\/\/editor.method.ac\/","display_url":"editor.method.ac","indices":[104,127]}]},"truncated":false,"source":"\u003ca href=\"https:\/\/about.twitter.com\/products\/tweetdeck\" rel=\"nofollow\"\u003eTweetDeck\u003c\/a\u003e","in_reply_to_status_id":null,"in_reply_to_status_id_str":null,"in_reply_to_user_id":null,"in_reply_to_user_id_str":null,"in_reply_to_screen_name":null,"user":{"id":285019665,"id_str":"285019665","name":"CSS-Tricks","screen_name":"Real_CSS_Tricks","location":"Milwaukee, WI","description":"The official account for http:\/\/t.co\/PffWvQYQDP, a web design community curated by @chriscoyier.\n\nFair warning: 95% auto-posted new content.","url":"http:\/\/t.co\/MPUasUSEx1","entities":{"url":{"urls":[{"url":"http:\/\/t.co\/MPUasUSEx1","expanded_url":"http:\/\/css-tricks.com","display_url":"css-tricks.com","indices":[0,22]}]},"description":{"urls":[{"url":"http:\/\/t.co\/PffWvQYQDP","expanded_url":"http:\/\/CSS-Tricks.com","display_url":"CSS-Tricks.com","indices":[25,47]}]}},"protected":false,"followers_count":269070,"friends_count":1819,"listed_count":5843,"created_at":"Wed Apr 20 11:40:04 +0000 2011","favourites_count":728,"utc_offset":-25200,"time_zone":"Pacific Time (US & Canada)","geo_enabled":false,"verified":false,"statuses_count":2764,"lang":"en","contributors_enabled":false,"is_translator":false,"is_translation_enabled":false,"profile_background_color":"CECFC7","profile_background_image_url":"http:\/\/pbs.twimg.com\/profile_background_images\/651224972\/bmmx9vno5pmrij14kd1s.png","profile_background_image_url_https":"https:\/\/pbs.twimg.com\/profile_background_images\/651224972\/bmmx9vno5pmrij14kd1s.png","profile_background_tile":true,"profile_image_url":"http:\/\/pbs.twimg.com\/profile_images\/546011298627334146\/MAeF2-yK_normal.jpeg","profile_image_url_https":"https:\/\/pbs.twimg.com\/profile_images\/546011298627334146\/MAeF2-yK_normal.jpeg","profile_banner_url":"https:\/\/pbs.twimg.com\/profile_banners\/285019665\/1399309574","profile_link_color":"0084B4","profile_sidebar_border_color":"C0DEED","profile_sidebar_fill_color":"DDEEF6","profile_text_color":"333333","profile_use_background_image":true,"has_extended_profile":false,"default_profile":false,"default_profile_image":false,"following":true,"follow_request_sent":false,"notifications":false},"geo":null,"coordinates":null,"place":null,"contributors":null,"is_quote_status":false,"retweet_count":34,"favorite_count":107,"favorited":false,"retweeted":false,"possibly_sensitive":false,"lang":"tl"},{"created_at":"Mon May 02 15:20:23 +0000 2016","id":727155782979035137,"id_str":"727155782979035137","text":"Trying to pick an animation technology but not sure what to use? We've got you covered, even for React.\n\nhttps:\/\/t.co\/URyGyVzSLz","entities":{"hashtags":[],"symbols":[],"user_mentions":[],"urls":[{"url":"https:\/\/t.co\/URyGyVzSLz","expanded_url":"https:\/\/css-tricks.com\/comparison-animation-technologies\/","display_url":"css-tricks.com\/comparison-ani\u2026","indices":[105,128]}]},"truncated":false,"source":"\u003ca href=\"https:\/\/about.twitter.com\/products\/tweetdeck\" rel=\"nofollow\"\u003eTweetDeck\u003c\/a\u003e","in_reply_to_status_id":null,"in_reply_to_status_id_str":null,"in_reply_to_user_id":null,"in_reply_to_user_id_str":null,"in_reply_to_screen_name":null,"user":{"id":285019665,"id_str":"285019665","name":"CSS-Tricks","screen_name":"Real_CSS_Tricks","location":"Milwaukee, WI","description":"The official account for http:\/\/t.co\/PffWvQYQDP, a web design community curated by @chriscoyier.\n\nFair warning: 95% auto-posted new content.","url":"http:\/\/t.co\/MPUasUSEx1","entities":{"url":{"urls":[{"url":"http:\/\/t.co\/MPUasUSEx1","expanded_url":"http:\/\/css-tricks.com","display_url":"css-tricks.com","indices":[0,22]}]},"description":{"urls":[{"url":"http:\/\/t.co\/PffWvQYQDP","expanded_url":"http:\/\/CSS-Tricks.com","display_url":"CSS-Tricks.com","indices":[25,47]}]}},"protected":false,"followers_count":269070,"friends_count":1819,"listed_count":5843,"created_at":"Wed Apr 20 11:40:04 +0000 2011","favourites_count":728,"utc_offset":-25200,"time_zone":"Pacific Time (US & Canada)","geo_enabled":false,"verified":false,"statuses_count":2764,"lang":"en","contributors_enabled":false,"is_translator":false,"is_translation_enabled":false,"profile_background_color":"CECFC7","profile_background_image_url":"http:\/\/pbs.twimg.com\/profile_background_images\/651224972\/bmmx9vno5pmrij14kd1s.png","profile_background_image_url_https":"https:\/\/pbs.twimg.com\/profile_background_images\/651224972\/bmmx9vno5pmrij14kd1s.png","profile_background_tile":true,"profile_image_url":"http:\/\/pbs.twimg.com\/profile_images\/546011298627334146\/MAeF2-yK_normal.jpeg","profile_image_url_https":"https:\/\/pbs.twimg.com\/profile_images\/546011298627334146\/MAeF2-yK_normal.jpeg","profile_banner_url":"https:\/\/pbs.twimg.com\/profile_banners\/285019665\/1399309574","profile_link_color":"0084B4","profile_sidebar_border_color":"C0DEED","profile_sidebar_fill_color":"DDEEF6","profile_text_color":"333333","profile_use_background_image":true,"has_extended_profile":false,"default_profile":false,"default_profile_image":false,"following":true,"follow_request_sent":false,"notifications":false},"geo":null,"coordinates":null,"place":null,"contributors":null,"is_quote_status":false,"retweet_count":65,"favorite_count":115,"favorited":false,"retweeted":false,"possibly_sensitive":false,"lang":"en"},{"created_at":"Mon May 02 14:30:09 +0000 2016","id":727143141963239424,"id_str":"727143141963239424","text":"\"For the past 6776 days I have had a cup of coffee in the morning and wrote code\"\n\n(Loads of \ud83d\udc4d\ud83c\udffb  perspective.)\n\nhttps:\/\/t.co\/it9r2Rp7t1","entities":{"hashtags":[],"symbols":[],"user_mentions":[],"urls":[{"url":"https:\/\/t.co\/it9r2Rp7t1","expanded_url":"https:\/\/medium.freecodecamp.com\/being-a-developer-after-40-3c5dd112210c","display_url":"medium.freecodecamp.com\/being-a-develo\u2026","indices":[112,135]}]},"truncated":false,"source":"\u003ca href=\"https:\/\/about.twitter.com\/products\/tweetdeck\" rel=\"nofollow\"\u003eTweetDeck\u003c\/a\u003e","in_reply_to_status_id":null,"in_reply_to_status_id_str":null,"in_reply_to_user_id":null,"in_reply_to_user_id_str":null,"in_reply_to_screen_name":null,"user":{"id":285019665,"id_str":"285019665","name":"CSS-Tricks","screen_name":"Real_CSS_Tricks","location":"Milwaukee, WI","description":"The official account for http:\/\/t.co\/PffWvQYQDP, a web design community curated by @chriscoyier.\n\nFair warning: 95% auto-posted new content.","url":"http:\/\/t.co\/MPUasUSEx1","entities":{"url":{"urls":[{"url":"http:\/\/t.co\/MPUasUSEx1","expanded_url":"http:\/\/css-tricks.com","display_url":"css-tricks.com","indices":[0,22]}]},"description":{"urls":[{"url":"http:\/\/t.co\/PffWvQYQDP","expanded_url":"http:\/\/CSS-Tricks.com","display_url":"CSS-Tricks.com","indices":[25,47]}]}},"protected":false,"followers_count":269070,"friends_count":1819,"listed_count":5843,"created_at":"Wed Apr 20 11:40:04 +0000 2011","favourites_count":728,"utc_offset":-25200,"time_zone":"Pacific Time (US & Canada)","geo_enabled":false,"verified":false,"statuses_count":2764,"lang":"en","contributors_enabled":false,"is_translator":false,"is_translation_enabled":false,"profile_background_color":"CECFC7","profile_background_image_url":"http:\/\/pbs.twimg.com\/profile_background_images\/651224972\/bmmx9vno5pmrij14kd1s.png","profile_background_image_url_https":"https:\/\/pbs.twimg.com\/profile_background_images\/651224972\/bmmx9vno5pmrij14kd1s.png","profile_background_tile":true,"profile_image_url":"http:\/\/pbs.twimg.com\/profile_images\/546011298627334146\/MAeF2-yK_normal.jpeg","profile_image_url_https":"https:\/\/pbs.twimg.com\/profile_images\/546011298627334146\/MAeF2-yK_normal.jpeg","profile_banner_url":"https:\/\/pbs.twimg.com\/profile_banners\/285019665\/1399309574","profile_link_color":"0084B4","profile_sidebar_border_color":"C0DEED","profile_sidebar_fill_color":"DDEEF6","profile_text_color":"333333","profile_use_background_image":true,"has_extended_profile":false,"default_profile":false,"default_profile_image":false,"following":true,"follow_request_sent":false,"notifications":false},"geo":null,"coordinates":null,"place":null,"contributors":null,"is_quote_status":false,"retweet_count":21,"favorite_count":52,"favorited":false,"retweeted":false,"possibly_sensitive":false,"lang":"en"},{"created_at":"Mon May 02 13:35:07 +0000 2016","id":727129291389984768,"id_str":"727129291389984768","text":"Speaking of \u2a00_\u2a00, did you know timing attacks can be used to figure out information about you? https:\/\/t.co\/fxgpfWgdZV","entities":{"hashtags":[],"symbols":[],"user_mentions":[],"urls":[{"url":"https:\/\/t.co\/fxgpfWgdZV","expanded_url":"https:\/\/dev.opera.com\/blog\/timing-attacks\/","display_url":"dev.opera.com\/blog\/timing-at\u2026","indices":[94,117]}]},"truncated":false,"source":"\u003ca href=\"https:\/\/about.twitter.com\/products\/tweetdeck\" rel=\"nofollow\"\u003eTweetDeck\u003c\/a\u003e","in_reply_to_status_id":null,"in_reply_to_status_id_str":null,"in_reply_to_user_id":null,"in_reply_to_user_id_str":null,"in_reply_to_screen_name":null,"user":{"id":285019665,"id_str":"285019665","name":"CSS-Tricks","screen_name":"Real_CSS_Tricks","location":"Milwaukee, WI","description":"The official account for http:\/\/t.co\/PffWvQYQDP, a web design community curated by @chriscoyier.\n\nFair warning: 95% auto-posted new content.","url":"http:\/\/t.co\/MPUasUSEx1","entities":{"url":{"urls":[{"url":"http:\/\/t.co\/MPUasUSEx1","expanded_url":"http:\/\/css-tricks.com","display_url":"css-tricks.com","indices":[0,22]}]},"description":{"urls":[{"url":"http:\/\/t.co\/PffWvQYQDP","expanded_url":"http:\/\/CSS-Tricks.com","display_url":"CSS-Tricks.com","indices":[25,47]}]}},"protected":false,"followers_count":269070,"friends_count":1819,"listed_count":5843,"created_at":"Wed Apr 20 11:40:04 +0000 2011","favourites_count":728,"utc_offset":-25200,"time_zone":"Pacific Time (US & Canada)","geo_enabled":false,"verified":false,"statuses_count":2764,"lang":"en","contributors_enabled":false,"is_translator":false,"is_translation_enabled":false,"profile_background_color":"CECFC7","profile_background_image_url":"http:\/\/pbs.twimg.com\/profile_background_images\/651224972\/bmmx9vno5pmrij14kd1s.png","profile_background_image_url_https":"https:\/\/pbs.twimg.com\/profile_background_images\/651224972\/bmmx9vno5pmrij14kd1s.png","profile_background_tile":true,"profile_image_url":"http:\/\/pbs.twimg.com\/profile_images\/546011298627334146\/MAeF2-yK_normal.jpeg","profile_image_url_https":"https:\/\/pbs.twimg.com\/profile_images\/546011298627334146\/MAeF2-yK_normal.jpeg","profile_banner_url":"https:\/\/pbs.twimg.com\/profile_banners\/285019665\/1399309574","profile_link_color":"0084B4","profile_sidebar_border_color":"C0DEED","profile_sidebar_fill_color":"DDEEF6","profile_text_color":"333333","profile_use_background_image":true,"has_extended_profile":false,"default_profile":false,"default_profile_image":false,"following":true,"follow_request_sent":false,"notifications":false},"geo":null,"coordinates":null,"place":null,"contributors":null,"is_quote_status":false,"retweet_count":10,"favorite_count":28,"favorited":false,"retweeted":false,"possibly_sensitive":false,"lang":"en"}]