[{"blogs_sidebar":["cs_ads_banner-2"],"courses_sidebar":["facebook_module-2","tabs-2"],"team_sidebar":["categories-6"],"contact_us":["teams-2"],"widgets":["opening_hours-2"],"footer-widget-1":["categories-5"]},{"cs_ads_banner":{"2":{"title":"","banner_style":"top_banner","banner_code":"","banner_view":"single","showcount":""},"_multiwidget":1},"facebook_module":{"2":{"title":"","pageurl":"","showfaces":null,"showstream":null,"showheader":null,"fb_bg_color":"","likebox_height":"","width":"","hide_cover":null,"show_posts":null,"hide_cta":null,"small_header":null,"adapt_container_width":null},"_multiwidget":1},"tabs":{"2":{"title":"","select_category":null,"showcount":""},"_multiwidget":1},"categories":{"6":{"title":"","count":0,"hierarchical":0,"dropdown":0},"5":{"title":"Categories","count":0,"hierarchical":0,"dropdown":0},"_multiwidget":1},"teams":{"2":{"title":"","select_category":null,"showcount":null},"_multiwidget":1},"opening_hours":{"2":{"title":"","monday":"","monday_time":"","tuesday":"","tuesday_time":"","wednesday":"","wednesday_time":"","thursday":"","thursday_time":"","friday":"","friday_time":"","saturday":"","saturday_time":"","sunday":"","sunday_time":""},"_multiwidget":1},"":{"ction":"","_multiwidget":null}}]