[{"created_at":"Thu Aug 18 01:44:50 +0000 2016","id":766088434112921600,"id_str":"766088434112921600","text":"Find out more about this designer's #creative journey.  https:\/\/t.co\/yqriX7dHWn","truncated":false,"entities":{"hashtags":[{"text":"creative","indices":[36,45]}],"symbols":[],"user_mentions":[],"urls":[{"url":"https:\/\/t.co\/yqriX7dHWn","expanded_url":"http:\/\/enva.to\/O2cAW","display_url":"enva.to\/O2cAW","indices":[56,79]}]},"source":"\u003ca href=\"http:\/\/www.hootsuite.com\" rel=\"nofollow\"\u003eHootsuite\u003c\/a\u003e","in_reply_to_status_id":null,"in_reply_to_status_id_str":null,"in_reply_to_user_id":null,"in_reply_to_user_id_str":null,"in_reply_to_screen_name":null,"user":{"id":16582191,"id_str":"16582191","name":"Envato","screen_name":"envato","location":"Melbourne","description":"A global community of designers & developers. #Australian made #startup @envatomarket @tutsplus. Customer support @envato_help","url":"http:\/\/t.co\/5OvUThFPYI","entities":{"url":{"urls":[{"url":"http:\/\/t.co\/5OvUThFPYI","expanded_url":"http:\/\/envato.com","display_url":"envato.com","indices":[0,22]}]},"description":{"urls":[]}},"protected":false,"followers_count":60421,"friends_count":1492,"listed_count":2033,"created_at":"Fri Oct 03 19:11:51 +0000 2008","favourites_count":716,"utc_offset":36000,"time_zone":"Melbourne","geo_enabled":false,"verified":true,"statuses_count":7790,"lang":"en","contributors_enabled":false,"is_translator":false,"is_translation_enabled":false,"profile_background_color":"323435","profile_background_image_url":"http:\/\/pbs.twimg.com\/profile_background_images\/378800000036129044\/4aaf87e960f30537daa1a0a0c3c4fc31.jpeg","profile_background_image_url_https":"https:\/\/pbs.twimg.com\/profile_background_images\/378800000036129044\/4aaf87e960f30537daa1a0a0c3c4fc31.jpeg","profile_background_tile":false,"profile_image_url":"http:\/\/pbs.twimg.com\/profile_images\/655904741617086464\/nwevoHSQ_normal.png","profile_image_url_https":"https:\/\/pbs.twimg.com\/profile_images\/655904741617086464\/nwevoHSQ_normal.png","profile_banner_url":"https:\/\/pbs.twimg.com\/profile_banners\/16582191\/1470016630","profile_link_color":"83B449","profile_sidebar_border_color":"FFFFFF","profile_sidebar_fill_color":"6C9450","profile_text_color":"242424","profile_use_background_image":true,"has_extended_profile":false,"default_profile":false,"default_profile_image":false,"following":false,"follow_request_sent":false,"notifications":false},"geo":null,"coordinates":null,"place":null,"contributors":null,"is_quote_status":false,"retweet_count":0,"favorite_count":0,"favorited":false,"retweeted":false,"possibly_sensitive":false,"lang":"en"},{"created_at":"Thu Aug 18 01:35:01 +0000 2016","id":766085962912915456,"id_str":"766085962912915456","text":"RT @GiTAustralia: Will we see you at @envato tonight for the #FemaleFounder chat w' @cyantaeed? https:\/\/t.co\/TgHIR0XM49 #girlsintech https:\u2026","truncated":false,"entities":{"hashtags":[{"text":"FemaleFounder","indices":[61,75]},{"text":"girlsintech","indices":[120,132]}],"symbols":[],"user_mentions":[{"screen_name":"GiTAustralia","name":"Girls in Tech Aus","id":728941564823666688,"id_str":"728941564823666688","indices":[3,16]},{"screen_name":"envato","name":"Envato","id":16582191,"id_str":"16582191","indices":[37,44]},{"screen_name":"cyantaeed","name":"Cyan Ta'eed","id":25051755,"id_str":"25051755","indices":[84,94]}],"urls":[{"url":"https:\/\/t.co\/TgHIR0XM49","expanded_url":"http:\/\/buff.ly\/2blVriG","display_url":"buff.ly\/2blVriG","indices":[96,119]}],"media":[{"id":766048249883033600,"id_str":"766048249883033600","indices":[139,140],"media_url":"http:\/\/pbs.twimg.com\/media\/CqGM0xcWgAAdwsX.jpg","media_url_https":"https:\/\/pbs.twimg.com\/media\/CqGM0xcWgAAdwsX.jpg","url":"https:\/\/t.co\/bT9LtgOzKZ","display_url":"pic.twitter.com\/bT9LtgOzKZ","expanded_url":"https:\/\/twitter.com\/GiTAustralia\/status\/766048252378644480\/photo\/1","type":"photo","sizes":{"small":{"w":680,"h":680,"resize":"fit"},"thumb":{"w":150,"h":150,"resize":"crop"},"large":{"w":960,"h":960,"resize":"fit"},"medium":{"w":960,"h":960,"resize":"fit"}},"source_status_id":766048252378644480,"source_status_id_str":"766048252378644480","source_user_id":728941564823666688,"source_user_id_str":"728941564823666688"}]},"extended_entities":{"media":[{"id":766048249883033600,"id_str":"766048249883033600","indices":[139,140],"media_url":"http:\/\/pbs.twimg.com\/media\/CqGM0xcWgAAdwsX.jpg","media_url_https":"https:\/\/pbs.twimg.com\/media\/CqGM0xcWgAAdwsX.jpg","url":"https:\/\/t.co\/bT9LtgOzKZ","display_url":"pic.twitter.com\/bT9LtgOzKZ","expanded_url":"https:\/\/twitter.com\/GiTAustralia\/status\/766048252378644480\/photo\/1","type":"photo","sizes":{"small":{"w":680,"h":680,"resize":"fit"},"thumb":{"w":150,"h":150,"resize":"crop"},"large":{"w":960,"h":960,"resize":"fit"},"medium":{"w":960,"h":960,"resize":"fit"}},"source_status_id":766048252378644480,"source_status_id_str":"766048252378644480","source_user_id":728941564823666688,"source_user_id_str":"728941564823666688"}]},"source":"\u003ca href=\"http:\/\/www.hootsuite.com\" rel=\"nofollow\"\u003eHootsuite\u003c\/a\u003e","in_reply_to_status_id":null,"in_reply_to_status_id_str":null,"in_reply_to_user_id":null,"in_reply_to_user_id_str":null,"in_reply_to_screen_name":null,"user":{"id":16582191,"id_str":"16582191","name":"Envato","screen_name":"envato","location":"Melbourne","description":"A global community of designers & developers. #Australian made #startup @envatomarket @tutsplus. Customer support @envato_help","url":"http:\/\/t.co\/5OvUThFPYI","entities":{"url":{"urls":[{"url":"http:\/\/t.co\/5OvUThFPYI","expanded_url":"http:\/\/envato.com","display_url":"envato.com","indices":[0,22]}]},"description":{"urls":[]}},"protected":false,"followers_count":60421,"friends_count":1492,"listed_count":2033,"created_at":"Fri Oct 03 19:11:51 +0000 2008","favourites_count":716,"utc_offset":36000,"time_zone":"Melbourne","geo_enabled":false,"verified":true,"statuses_count":7790,"lang":"en","contributors_enabled":false,"is_translator":false,"is_translation_enabled":false,"profile_background_color":"323435","profile_background_image_url":"http:\/\/pbs.twimg.com\/profile_background_images\/378800000036129044\/4aaf87e960f30537daa1a0a0c3c4fc31.jpeg","profile_background_image_url_https":"https:\/\/pbs.twimg.com\/profile_background_images\/378800000036129044\/4aaf87e960f30537daa1a0a0c3c4fc31.jpeg","profile_background_tile":false,"profile_image_url":"http:\/\/pbs.twimg.com\/profile_images\/655904741617086464\/nwevoHSQ_normal.png","profile_image_url_https":"https:\/\/pbs.twimg.com\/profile_images\/655904741617086464\/nwevoHSQ_normal.png","profile_banner_url":"https:\/\/pbs.twimg.com\/profile_banners\/16582191\/1470016630","profile_link_color":"83B449","profile_sidebar_border_color":"FFFFFF","profile_sidebar_fill_color":"6C9450","profile_text_color":"242424","profile_use_background_image":true,"has_extended_profile":false,"default_profile":false,"default_profile_image":false,"following":false,"follow_request_sent":false,"notifications":false},"geo":null,"coordinates":null,"place":null,"contributors":null,"retweeted_status":{"created_at":"Wed Aug 17 23:05:10 +0000 2016","id":766048252378644480,"id_str":"766048252378644480","text":"Will we see you at @envato tonight for the #FemaleFounder chat w' @cyantaeed? https:\/\/t.co\/TgHIR0XM49 #girlsintech https:\/\/t.co\/bT9LtgOzKZ","truncated":false,"entities":{"hashtags":[{"text":"FemaleFounder","indices":[43,57]},{"text":"girlsintech","indices":[102,114]}],"symbols":[],"user_mentions":[{"screen_name":"envato","name":"Envato","id":16582191,"id_str":"16582191","indices":[19,26]},{"screen_name":"cyantaeed","name":"Cyan Ta'eed","id":25051755,"id_str":"25051755","indices":[66,76]}],"urls":[{"url":"https:\/\/t.co\/TgHIR0XM49","expanded_url":"http:\/\/buff.ly\/2blVriG","display_url":"buff.ly\/2blVriG","indices":[78,101]}],"media":[{"id":766048249883033600,"id_str":"766048249883033600","indices":[115,138],"media_url":"http:\/\/pbs.twimg.com\/media\/CqGM0xcWgAAdwsX.jpg","media_url_https":"https:\/\/pbs.twimg.com\/media\/CqGM0xcWgAAdwsX.jpg","url":"https:\/\/t.co\/bT9LtgOzKZ","display_url":"pic.twitter.com\/bT9LtgOzKZ","expanded_url":"https:\/\/twitter.com\/GiTAustralia\/status\/766048252378644480\/photo\/1","type":"photo","sizes":{"small":{"w":680,"h":680,"resize":"fit"},"thumb":{"w":150,"h":150,"resize":"crop"},"large":{"w":960,"h":960,"resize":"fit"},"medium":{"w":960,"h":960,"resize":"fit"}}}]},"extended_entities":{"media":[{"id":766048249883033600,"id_str":"766048249883033600","indices":[115,138],"media_url":"http:\/\/pbs.twimg.com\/media\/CqGM0xcWgAAdwsX.jpg","media_url_https":"https:\/\/pbs.twimg.com\/media\/CqGM0xcWgAAdwsX.jpg","url":"https:\/\/t.co\/bT9LtgOzKZ","display_url":"pic.twitter.com\/bT9LtgOzKZ","expanded_url":"https:\/\/twitter.com\/GiTAustralia\/status\/766048252378644480\/photo\/1","type":"photo","sizes":{"small":{"w":680,"h":680,"resize":"fit"},"thumb":{"w":150,"h":150,"resize":"crop"},"large":{"w":960,"h":960,"resize":"fit"},"medium":{"w":960,"h":960,"resize":"fit"}}}]},"source":"\u003ca href=\"http:\/\/bufferapp.com\" rel=\"nofollow\"\u003eBuffer\u003c\/a\u003e","in_reply_to_status_id":null,"in_reply_to_status_id_str":null,"in_reply_to_user_id":null,"in_reply_to_user_id_str":null,"in_reply_to_screen_name":null,"user":{"id":728941564823666688,"id_str":"728941564823666688","name":"Girls in Tech Aus","screen_name":"GiTAustralia","location":"Melbourne, Victoria","description":"Catalyst | Hackathons | Bootcamp | Lady Pitch Night | XChange | Mentoring #girlsintech #techdiversity","url":"https:\/\/t.co\/7XQEYLRvFT","entities":{"url":{"urls":[{"url":"https:\/\/t.co\/7XQEYLRvFT","expanded_url":"http:\/\/melbourne.girlsintech.org\/","display_url":"melbourne.girlsintech.org","indices":[0,23]}]},"description":{"urls":[]}},"protected":false,"followers_count":123,"friends_count":66,"listed_count":2,"created_at":"Sat May 07 13:36:26 +0000 2016","favourites_count":70,"utc_offset":36000,"time_zone":"Melbourne","geo_enabled":false,"verified":false,"statuses_count":94,"lang":"en","contributors_enabled":false,"is_translator":false,"is_translation_enabled":false,"profile_background_color":"000000","profile_background_image_url":"http:\/\/abs.twimg.com\/images\/themes\/theme1\/bg.png","profile_background_image_url_https":"https:\/\/abs.twimg.com\/images\/themes\/theme1\/bg.png","profile_background_tile":false,"profile_image_url":"http:\/\/pbs.twimg.com\/profile_images\/753782871073042432\/E5Quz3Jj_normal.jpg","profile_image_url_https":"https:\/\/pbs.twimg.com\/profile_images\/753782871073042432\/E5Quz3Jj_normal.jpg","profile_banner_url":"https:\/\/pbs.twimg.com\/profile_banners\/728941564823666688\/1462629006","profile_link_color":"A21C48","profile_sidebar_border_color":"000000","profile_sidebar_fill_color":"000000","profile_text_color":"000000","profile_use_background_image":false,"has_extended_profile":false,"default_profile":false,"default_profile_image":false,"following":false,"follow_request_sent":false,"notifications":false},"geo":null,"coordinates":null,"place":null,"contributors":null,"is_quote_status":false,"retweet_count":2,"favorite_count":4,"favorited":false,"retweeted":false,"possibly_sensitive":false,"lang":"en"},"is_quote_status":false,"retweet_count":2,"favorite_count":0,"favorited":false,"retweeted":false,"possibly_sensitive":false,"lang":"en"},{"created_at":"Wed Aug 17 04:02:29 +0000 2016","id":765760686509158401,"id_str":"765760686509158401","text":"RT @dtbaker: Almost there :) Any more guesses for a free #Envato T-Shirt? https:\/\/t.co\/02NRoE1lWm","truncated":false,"entities":{"hashtags":[{"text":"Envato","indices":[57,64]}],"symbols":[],"user_mentions":[{"screen_name":"dtbaker","name":"dtbaker","id":7521822,"id_str":"7521822","indices":[3,11]}],"urls":[{"url":"https:\/\/t.co\/02NRoE1lWm","expanded_url":"https:\/\/twitter.com\/dtbaker\/status\/757394948526190592","display_url":"twitter.com\/dtbaker\/status\u2026","indices":[74,97]}]},"source":"\u003ca href=\"http:\/\/www.hootsuite.com\" rel=\"nofollow\"\u003eHootsuite\u003c\/a\u003e","in_reply_to_status_id":null,"in_reply_to_status_id_str":null,"in_reply_to_user_id":null,"in_reply_to_user_id_str":null,"in_reply_to_screen_name":null,"user":{"id":16582191,"id_str":"16582191","name":"Envato","screen_name":"envato","location":"Melbourne","description":"A global community of designers & developers. #Australian made #startup @envatomarket @tutsplus. Customer support @envato_help","url":"http:\/\/t.co\/5OvUThFPYI","entities":{"url":{"urls":[{"url":"http:\/\/t.co\/5OvUThFPYI","expanded_url":"http:\/\/envato.com","display_url":"envato.com","indices":[0,22]}]},"description":{"urls":[]}},"protected":false,"followers_count":60421,"friends_count":1492,"listed_count":2033,"created_at":"Fri Oct 03 19:11:51 +0000 2008","favourites_count":716,"utc_offset":36000,"time_zone":"Melbourne","geo_enabled":false,"verified":true,"statuses_count":7790,"lang":"en","contributors_enabled":false,"is_translator":false,"is_translation_enabled":false,"profile_background_color":"323435","profile_background_image_url":"http:\/\/pbs.twimg.com\/profile_background_images\/378800000036129044\/4aaf87e960f30537daa1a0a0c3c4fc31.jpeg","profile_background_image_url_https":"https:\/\/pbs.twimg.com\/profile_background_images\/378800000036129044\/4aaf87e960f30537daa1a0a0c3c4fc31.jpeg","profile_background_tile":false,"profile_image_url":"http:\/\/pbs.twimg.com\/profile_images\/655904741617086464\/nwevoHSQ_normal.png","profile_image_url_https":"https:\/\/pbs.twimg.com\/profile_images\/655904741617086464\/nwevoHSQ_normal.png","profile_banner_url":"https:\/\/pbs.twimg.com\/profile_banners\/16582191\/1470016630","profile_link_color":"83B449","profile_sidebar_border_color":"FFFFFF","profile_sidebar_fill_color":"6C9450","profile_text_color":"242424","profile_use_background_image":true,"has_extended_profile":false,"default_profile":false,"default_profile_image":false,"following":false,"follow_request_sent":false,"notifications":false},"geo":null,"coordinates":null,"place":null,"contributors":null,"retweeted_status":{"created_at":"Wed Aug 17 02:24:16 +0000 2016","id":765735970150895617,"id_str":"765735970150895617","text":"Almost there :) Any more guesses for a free #Envato T-Shirt? https:\/\/t.co\/02NRoE1lWm","truncated":false,"entities":{"hashtags":[{"text":"Envato","indices":[44,51]}],"symbols":[],"user_mentions":[],"urls":[{"url":"https:\/\/t.co\/02NRoE1lWm","expanded_url":"https:\/\/twitter.com\/dtbaker\/status\/757394948526190592","display_url":"twitter.com\/dtbaker\/status\u2026","indices":[61,84]}]},"source":"\u003ca href=\"http:\/\/twitter.com\" rel=\"nofollow\"\u003eTwitter Web Client\u003c\/a\u003e","in_reply_to_status_id":null,"in_reply_to_status_id_str":null,"in_reply_to_user_id":null,"in_reply_to_user_id_str":null,"in_reply_to_screen_name":null,"user":{"id":7521822,"id_str":"7521822","name":"dtbaker","screen_name":"dtbaker","location":"Australia","description":"http:\/\/t.co\/UNThHKbDqI author and freelance Web Developer - please send any support requests via http:\/\/t.co\/IaJWPWvaqk","url":"http:\/\/t.co\/IaJWPWvaqk","entities":{"url":{"urls":[{"url":"http:\/\/t.co\/IaJWPWvaqk","expanded_url":"http:\/\/dtbaker.net","display_url":"dtbaker.net","indices":[0,22]}]},"description":{"urls":[{"url":"http:\/\/t.co\/UNThHKbDqI","expanded_url":"http:\/\/CodeCanyon.net","display_url":"CodeCanyon.net","indices":[0,22]},{"url":"http:\/\/t.co\/IaJWPWvaqk","expanded_url":"http:\/\/dtbaker.net","display_url":"dtbaker.net","indices":[97,119]}]}},"protected":false,"followers_count":1116,"friends_count":275,"listed_count":70,"created_at":"Tue Jul 17 02:13:33 +0000 2007","favourites_count":134,"utc_offset":36000,"time_zone":"Brisbane","geo_enabled":false,"verified":false,"statuses_count":2681,"lang":"en","contributors_enabled":false,"is_translator":false,"is_translation_enabled":false,"profile_background_color":"9AE4E8","profile_background_image_url":"http:\/\/abs.twimg.com\/images\/themes\/theme1\/bg.png","profile_background_image_url_https":"https:\/\/abs.twimg.com\/images\/themes\/theme1\/bg.png","profile_background_tile":false,"profile_image_url":"http:\/\/pbs.twimg.com\/profile_images\/532506021948698624\/xPaFKY7N_normal.png","profile_image_url_https":"https:\/\/pbs.twimg.com\/profile_images\/532506021948698624\/xPaFKY7N_normal.png","profile_banner_url":"https:\/\/pbs.twimg.com\/profile_banners\/7521822\/1415794292","profile_link_color":"3D99D4","profile_sidebar_border_color":"87BC44","profile_sidebar_fill_color":"E0FF92","profile_text_color":"000000","profile_use_background_image":true,"has_extended_profile":false,"default_profile":false,"default_profile_image":false,"following":false,"follow_request_sent":false,"notifications":false},"geo":null,"coordinates":null,"place":null,"contributors":null,"is_quote_status":true,"quoted_status_id":757394948526190592,"quoted_status_id_str":"757394948526190592","quoted_status":{"created_at":"Mon Jul 25 02:00:02 +0000 2016","id":757394948526190592,"id_str":"757394948526190592","text":"About to crack $1million sales on @Envato - can you guess when it will happen? Live countdown: https:\/\/t.co\/XRy85vxJ29 #EnvatoMillion","truncated":false,"entities":{"hashtags":[{"text":"EnvatoMillion","indices":[119,133]}],"symbols":[],"user_mentions":[{"screen_name":"envato","name":"Envato","id":16582191,"id_str":"16582191","indices":[34,41]}],"urls":[{"url":"https:\/\/t.co\/XRy85vxJ29","expanded_url":"http:\/\/million-dollar-countdown.dtbaker.net","display_url":"million-dollar-countdown.dtbaker.net","indices":[95,118]}]},"source":"\u003ca href=\"http:\/\/twitter.com\" rel=\"nofollow\"\u003eTwitter Web Client\u003c\/a\u003e","in_reply_to_status_id":null,"in_reply_to_status_id_str":null,"in_reply_to_user_id":null,"in_reply_to_user_id_str":null,"in_reply_to_screen_name":null,"user":{"id":7521822,"id_str":"7521822","name":"dtbaker","screen_name":"dtbaker","location":"Australia","description":"http:\/\/t.co\/UNThHKbDqI author and freelance Web Developer - please send any support requests via http:\/\/t.co\/IaJWPWvaqk","url":"http:\/\/t.co\/IaJWPWvaqk","entities":{"url":{"urls":[{"url":"http:\/\/t.co\/IaJWPWvaqk","expanded_url":"http:\/\/dtbaker.net","display_url":"dtbaker.net","indices":[0,22]}]},"description":{"urls":[{"url":"http:\/\/t.co\/UNThHKbDqI","expanded_url":"http:\/\/CodeCanyon.net","display_url":"CodeCanyon.net","indices":[0,22]},{"url":"http:\/\/t.co\/IaJWPWvaqk","expanded_url":"http:\/\/dtbaker.net","display_url":"dtbaker.net","indices":[97,119]}]}},"protected":false,"followers_count":1116,"friends_count":275,"listed_count":70,"created_at":"Tue Jul 17 02:13:33 +0000 2007","favourites_count":134,"utc_offset":36000,"time_zone":"Brisbane","geo_enabled":false,"verified":false,"statuses_count":2681,"lang":"en","contributors_enabled":false,"is_translator":false,"is_translation_enabled":false,"profile_background_color":"9AE4E8","profile_background_image_url":"http:\/\/abs.twimg.com\/images\/themes\/theme1\/bg.png","profile_background_image_url_https":"https:\/\/abs.twimg.com\/images\/themes\/theme1\/bg.png","profile_background_tile":false,"profile_image_url":"http:\/\/pbs.twimg.com\/profile_images\/532506021948698624\/xPaFKY7N_normal.png","profile_image_url_https":"https:\/\/pbs.twimg.com\/profile_images\/532506021948698624\/xPaFKY7N_normal.png","profile_banner_url":"https:\/\/pbs.twimg.com\/profile_banners\/7521822\/1415794292","profile_link_color":"3D99D4","profile_sidebar_border_color":"87BC44","profile_sidebar_fill_color":"E0FF92","profile_text_color":"000000","profile_use_background_image":true,"has_extended_profile":false,"default_profile":false,"default_profile_image":false,"following":false,"follow_request_sent":false,"notifications":false},"geo":null,"coordinates":null,"place":null,"contributors":null,"is_quote_status":false,"retweet_count":7,"favorite_count":15,"favorited":false,"retweeted":false,"possibly_sensitive":false,"lang":"en"},"retweet_count":1,"favorite_count":5,"favorited":false,"retweeted":false,"possibly_sensitive":false,"lang":"en"},"is_quote_status":true,"quoted_status_id":757394948526190592,"quoted_status_id_str":"757394948526190592","retweet_count":1,"favorite_count":0,"favorited":false,"retweeted":false,"possibly_sensitive":false,"lang":"en"},{"created_at":"Wed Aug 17 01:25:52 +0000 2016","id":765721274115092480,"id_str":"765721274115092480","text":"This short tutorial has some really useful tips on improving your site's conversion rate. https:\/\/t.co\/fPUFN7adEr","truncated":false,"entities":{"hashtags":[],"symbols":[],"user_mentions":[],"urls":[{"url":"https:\/\/t.co\/fPUFN7adEr","expanded_url":"http:\/\/enva.to\/w4vr-","display_url":"enva.to\/w4vr-","indices":[90,113]}]},"source":"\u003ca href=\"http:\/\/www.hootsuite.com\" rel=\"nofollow\"\u003eHootsuite\u003c\/a\u003e","in_reply_to_status_id":null,"in_reply_to_status_id_str":null,"in_reply_to_user_id":null,"in_reply_to_user_id_str":null,"in_reply_to_screen_name":null,"user":{"id":16582191,"id_str":"16582191","name":"Envato","screen_name":"envato","location":"Melbourne","description":"A global community of designers & developers. #Australian made #startup @envatomarket @tutsplus. Customer support @envato_help","url":"http:\/\/t.co\/5OvUThFPYI","entities":{"url":{"urls":[{"url":"http:\/\/t.co\/5OvUThFPYI","expanded_url":"http:\/\/envato.com","display_url":"envato.com","indices":[0,22]}]},"description":{"urls":[]}},"protected":false,"followers_count":60421,"friends_count":1492,"listed_count":2033,"created_at":"Fri Oct 03 19:11:51 +0000 2008","favourites_count":716,"utc_offset":36000,"time_zone":"Melbourne","geo_enabled":false,"verified":true,"statuses_count":7790,"lang":"en","contributors_enabled":false,"is_translator":false,"is_translation_enabled":false,"profile_background_color":"323435","profile_background_image_url":"http:\/\/pbs.twimg.com\/profile_background_images\/378800000036129044\/4aaf87e960f30537daa1a0a0c3c4fc31.jpeg","profile_background_image_url_https":"https:\/\/pbs.twimg.com\/profile_background_images\/378800000036129044\/4aaf87e960f30537daa1a0a0c3c4fc31.jpeg","profile_background_tile":false,"profile_image_url":"http:\/\/pbs.twimg.com\/profile_images\/655904741617086464\/nwevoHSQ_normal.png","profile_image_url_https":"https:\/\/pbs.twimg.com\/profile_images\/655904741617086464\/nwevoHSQ_normal.png","profile_banner_url":"https:\/\/pbs.twimg.com\/profile_banners\/16582191\/1470016630","profile_link_color":"83B449","profile_sidebar_border_color":"FFFFFF","profile_sidebar_fill_color":"6C9450","profile_text_color":"242424","profile_use_background_image":true,"has_extended_profile":false,"default_profile":false,"default_profile_image":false,"following":false,"follow_request_sent":false,"notifications":false},"geo":null,"coordinates":null,"place":null,"contributors":null,"is_quote_status":false,"retweet_count":15,"favorite_count":14,"favorited":false,"retweeted":false,"possibly_sensitive":false,"lang":"en"},{"created_at":"Tue Aug 16 18:25:19 +0000 2016","id":765615438126575616,"id_str":"765615438126575616","text":"Take a look at the story behind Cape Arcona. https:\/\/t.co\/zGmfNF5Kqv","truncated":false,"entities":{"hashtags":[],"symbols":[],"user_mentions":[],"urls":[{"url":"https:\/\/t.co\/zGmfNF5Kqv","expanded_url":"http:\/\/enva.to\/ITDmX","display_url":"enva.to\/ITDmX","indices":[45,68]}]},"source":"\u003ca href=\"http:\/\/www.hootsuite.com\" rel=\"nofollow\"\u003eHootsuite\u003c\/a\u003e","in_reply_to_status_id":null,"in_reply_to_status_id_str":null,"in_reply_to_user_id":null,"in_reply_to_user_id_str":null,"in_reply_to_screen_name":null,"user":{"id":16582191,"id_str":"16582191","name":"Envato","screen_name":"envato","location":"Melbourne","description":"A global community of designers & developers. #Australian made #startup @envatomarket @tutsplus. Customer support @envato_help","url":"http:\/\/t.co\/5OvUThFPYI","entities":{"url":{"urls":[{"url":"http:\/\/t.co\/5OvUThFPYI","expanded_url":"http:\/\/envato.com","display_url":"envato.com","indices":[0,22]}]},"description":{"urls":[]}},"protected":false,"followers_count":60421,"friends_count":1492,"listed_count":2033,"created_at":"Fri Oct 03 19:11:51 +0000 2008","favourites_count":716,"utc_offset":36000,"time_zone":"Melbourne","geo_enabled":false,"verified":true,"statuses_count":7790,"lang":"en","contributors_enabled":false,"is_translator":false,"is_translation_enabled":false,"profile_background_color":"323435","profile_background_image_url":"http:\/\/pbs.twimg.com\/profile_background_images\/378800000036129044\/4aaf87e960f30537daa1a0a0c3c4fc31.jpeg","profile_background_image_url_https":"https:\/\/pbs.twimg.com\/profile_background_images\/378800000036129044\/4aaf87e960f30537daa1a0a0c3c4fc31.jpeg","profile_background_tile":false,"profile_image_url":"http:\/\/pbs.twimg.com\/profile_images\/655904741617086464\/nwevoHSQ_normal.png","profile_image_url_https":"https:\/\/pbs.twimg.com\/profile_images\/655904741617086464\/nwevoHSQ_normal.png","profile_banner_url":"https:\/\/pbs.twimg.com\/profile_banners\/16582191\/1470016630","profile_link_color":"83B449","profile_sidebar_border_color":"FFFFFF","profile_sidebar_fill_color":"6C9450","profile_text_color":"242424","profile_use_background_image":true,"has_extended_profile":false,"default_profile":false,"default_profile_image":false,"following":false,"follow_request_sent":false,"notifications":false},"geo":null,"coordinates":null,"place":null,"contributors":null,"is_quote_status":false,"retweet_count":1,"favorite_count":1,"favorited":false,"retweeted":false,"possibly_sensitive":false,"lang":"en"},{"created_at":"Tue Aug 16 12:20:18 +0000 2016","id":765523579735801857,"id_str":"765523579735801857","text":"Everyone's heard of writer's block, but what about composer's block? Here's how to tap into your musical creativity. https:\/\/t.co\/n7ygeT1deS","truncated":false,"entities":{"hashtags":[],"symbols":[],"user_mentions":[],"urls":[{"url":"https:\/\/t.co\/n7ygeT1deS","expanded_url":"http:\/\/enva.to\/pfOzt","display_url":"enva.to\/pfOzt","indices":[117,140]}]},"source":"\u003ca href=\"http:\/\/www.hootsuite.com\" rel=\"nofollow\"\u003eHootsuite\u003c\/a\u003e","in_reply_to_status_id":null,"in_reply_to_status_id_str":null,"in_reply_to_user_id":null,"in_reply_to_user_id_str":null,"in_reply_to_screen_name":null,"user":{"id":16582191,"id_str":"16582191","name":"Envato","screen_name":"envato","location":"Melbourne","description":"A global community of designers & developers. #Australian made #startup @envatomarket @tutsplus. Customer support @envato_help","url":"http:\/\/t.co\/5OvUThFPYI","entities":{"url":{"urls":[{"url":"http:\/\/t.co\/5OvUThFPYI","expanded_url":"http:\/\/envato.com","display_url":"envato.com","indices":[0,22]}]},"description":{"urls":[]}},"protected":false,"followers_count":60421,"friends_count":1492,"listed_count":2033,"created_at":"Fri Oct 03 19:11:51 +0000 2008","favourites_count":716,"utc_offset":36000,"time_zone":"Melbourne","geo_enabled":false,"verified":true,"statuses_count":7790,"lang":"en","contributors_enabled":false,"is_translator":false,"is_translation_enabled":false,"profile_background_color":"323435","profile_background_image_url":"http:\/\/pbs.twimg.com\/profile_background_images\/378800000036129044\/4aaf87e960f30537daa1a0a0c3c4fc31.jpeg","profile_background_image_url_https":"https:\/\/pbs.twimg.com\/profile_background_images\/378800000036129044\/4aaf87e960f30537daa1a0a0c3c4fc31.jpeg","profile_background_tile":false,"profile_image_url":"http:\/\/pbs.twimg.com\/profile_images\/655904741617086464\/nwevoHSQ_normal.png","profile_image_url_https":"https:\/\/pbs.twimg.com\/profile_images\/655904741617086464\/nwevoHSQ_normal.png","profile_banner_url":"https:\/\/pbs.twimg.com\/profile_banners\/16582191\/1470016630","profile_link_color":"83B449","profile_sidebar_border_color":"FFFFFF","profile_sidebar_fill_color":"6C9450","profile_text_color":"242424","profile_use_background_image":true,"has_extended_profile":false,"default_profile":false,"default_profile_image":false,"following":false,"follow_request_sent":false,"notifications":false},"geo":null,"coordinates":null,"place":null,"contributors":null,"is_quote_status":false,"retweet_count":2,"favorite_count":1,"favorited":false,"retweeted":false,"possibly_sensitive":false,"lang":"en"},{"created_at":"Tue Aug 16 06:07:58 +0000 2016","id":765429877734535168,"id_str":"765429877734535168","text":"Some great #WordPress plugins to get people sharing your work. https:\/\/t.co\/na4Ewtd7fe","truncated":false,"entities":{"hashtags":[{"text":"WordPress","indices":[11,21]}],"symbols":[],"user_mentions":[],"urls":[{"url":"https:\/\/t.co\/na4Ewtd7fe","expanded_url":"http:\/\/enva.to\/DGR-a","display_url":"enva.to\/DGR-a","indices":[63,86]}]},"source":"\u003ca href=\"http:\/\/www.hootsuite.com\" rel=\"nofollow\"\u003eHootsuite\u003c\/a\u003e","in_reply_to_status_id":null,"in_reply_to_status_id_str":null,"in_reply_to_user_id":null,"in_reply_to_user_id_str":null,"in_reply_to_screen_name":null,"user":{"id":16582191,"id_str":"16582191","name":"Envato","screen_name":"envato","location":"Melbourne","description":"A global community of designers & developers. #Australian made #startup @envatomarket @tutsplus. Customer support @envato_help","url":"http:\/\/t.co\/5OvUThFPYI","entities":{"url":{"urls":[{"url":"http:\/\/t.co\/5OvUThFPYI","expanded_url":"http:\/\/envato.com","display_url":"envato.com","indices":[0,22]}]},"description":{"urls":[]}},"protected":false,"followers_count":60421,"friends_count":1492,"listed_count":2033,"created_at":"Fri Oct 03 19:11:51 +0000 2008","favourites_count":716,"utc_offset":36000,"time_zone":"Melbourne","geo_enabled":false,"verified":true,"statuses_count":7790,"lang":"en","contributors_enabled":false,"is_translator":false,"is_translation_enabled":false,"profile_background_color":"323435","profile_background_image_url":"http:\/\/pbs.twimg.com\/profile_background_images\/378800000036129044\/4aaf87e960f30537daa1a0a0c3c4fc31.jpeg","profile_background_image_url_https":"https:\/\/pbs.twimg.com\/profile_background_images\/378800000036129044\/4aaf87e960f30537daa1a0a0c3c4fc31.jpeg","profile_background_tile":false,"profile_image_url":"http:\/\/pbs.twimg.com\/profile_images\/655904741617086464\/nwevoHSQ_normal.png","profile_image_url_https":"https:\/\/pbs.twimg.com\/profile_images\/655904741617086464\/nwevoHSQ_normal.png","profile_banner_url":"https:\/\/pbs.twimg.com\/profile_banners\/16582191\/1470016630","profile_link_color":"83B449","profile_sidebar_border_color":"FFFFFF","profile_sidebar_fill_color":"6C9450","profile_text_color":"242424","profile_use_background_image":true,"has_extended_profile":false,"default_profile":false,"default_profile_image":false,"following":false,"follow_request_sent":false,"notifications":false},"geo":null,"coordinates":null,"place":null,"contributors":null,"is_quote_status":false,"retweet_count":7,"favorite_count":16,"favorited":false,"retweeted":false,"possibly_sensitive":false,"lang":"en"},{"created_at":"Mon Aug 15 11:21:10 +0000 2016","id":765146307505848320,"id_str":"765146307505848320","text":"Only a couple of days left to get your designs in. https:\/\/t.co\/dSSVudnB7o","truncated":false,"entities":{"hashtags":[],"symbols":[],"user_mentions":[],"urls":[{"url":"https:\/\/t.co\/dSSVudnB7o","expanded_url":"http:\/\/enva.to\/EwRdk","display_url":"enva.to\/EwRdk","indices":[51,74]}]},"source":"\u003ca href=\"http:\/\/www.hootsuite.com\" rel=\"nofollow\"\u003eHootsuite\u003c\/a\u003e","in_reply_to_status_id":null,"in_reply_to_status_id_str":null,"in_reply_to_user_id":null,"in_reply_to_user_id_str":null,"in_reply_to_screen_name":null,"user":{"id":16582191,"id_str":"16582191","name":"Envato","screen_name":"envato","location":"Melbourne","description":"A global community of designers & developers. #Australian made #startup @envatomarket @tutsplus. Customer support @envato_help","url":"http:\/\/t.co\/5OvUThFPYI","entities":{"url":{"urls":[{"url":"http:\/\/t.co\/5OvUThFPYI","expanded_url":"http:\/\/envato.com","display_url":"envato.com","indices":[0,22]}]},"description":{"urls":[]}},"protected":false,"followers_count":60421,"friends_count":1492,"listed_count":2033,"created_at":"Fri Oct 03 19:11:51 +0000 2008","favourites_count":716,"utc_offset":36000,"time_zone":"Melbourne","geo_enabled":false,"verified":true,"statuses_count":7790,"lang":"en","contributors_enabled":false,"is_translator":false,"is_translation_enabled":false,"profile_background_color":"323435","profile_background_image_url":"http:\/\/pbs.twimg.com\/profile_background_images\/378800000036129044\/4aaf87e960f30537daa1a0a0c3c4fc31.jpeg","profile_background_image_url_https":"https:\/\/pbs.twimg.com\/profile_background_images\/378800000036129044\/4aaf87e960f30537daa1a0a0c3c4fc31.jpeg","profile_background_tile":false,"profile_image_url":"http:\/\/pbs.twimg.com\/profile_images\/655904741617086464\/nwevoHSQ_normal.png","profile_image_url_https":"https:\/\/pbs.twimg.com\/profile_images\/655904741617086464\/nwevoHSQ_normal.png","profile_banner_url":"https:\/\/pbs.twimg.com\/profile_banners\/16582191\/1470016630","profile_link_color":"83B449","profile_sidebar_border_color":"FFFFFF","profile_sidebar_fill_color":"6C9450","profile_text_color":"242424","profile_use_background_image":true,"has_extended_profile":false,"default_profile":false,"default_profile_image":false,"following":false,"follow_request_sent":false,"notifications":false},"geo":null,"coordinates":null,"place":null,"contributors":null,"is_quote_status":false,"retweet_count":3,"favorite_count":7,"favorited":false,"retweeted":false,"possibly_sensitive":false,"lang":"en"},{"created_at":"Mon Aug 15 01:53:50 +0000 2016","id":765003534119079936,"id_str":"765003534119079936","text":"Meet Eddy Biel (@Layerform), one of the talented designers contributing work to Envato Elements. https:\/\/t.co\/tGiIInDHVf","truncated":false,"entities":{"hashtags":[],"symbols":[],"user_mentions":[{"screen_name":"Layerform","name":"Layerform","id":1413170618,"id_str":"1413170618","indices":[16,26]}],"urls":[{"url":"https:\/\/t.co\/tGiIInDHVf","expanded_url":"http:\/\/enva.to\/5OahV","display_url":"enva.to\/5OahV","indices":[97,120]}]},"source":"\u003ca href=\"http:\/\/www.hootsuite.com\" rel=\"nofollow\"\u003eHootsuite\u003c\/a\u003e","in_reply_to_status_id":null,"in_reply_to_status_id_str":null,"in_reply_to_user_id":null,"in_reply_to_user_id_str":null,"in_reply_to_screen_name":null,"user":{"id":16582191,"id_str":"16582191","name":"Envato","screen_name":"envato","location":"Melbourne","description":"A global community of designers & developers. #Australian made #startup @envatomarket @tutsplus. Customer support @envato_help","url":"http:\/\/t.co\/5OvUThFPYI","entities":{"url":{"urls":[{"url":"http:\/\/t.co\/5OvUThFPYI","expanded_url":"http:\/\/envato.com","display_url":"envato.com","indices":[0,22]}]},"description":{"urls":[]}},"protected":false,"followers_count":60421,"friends_count":1492,"listed_count":2033,"created_at":"Fri Oct 03 19:11:51 +0000 2008","favourites_count":716,"utc_offset":36000,"time_zone":"Melbourne","geo_enabled":false,"verified":true,"statuses_count":7790,"lang":"en","contributors_enabled":false,"is_translator":false,"is_translation_enabled":false,"profile_background_color":"323435","profile_background_image_url":"http:\/\/pbs.twimg.com\/profile_background_images\/378800000036129044\/4aaf87e960f30537daa1a0a0c3c4fc31.jpeg","profile_background_image_url_https":"https:\/\/pbs.twimg.com\/profile_background_images\/378800000036129044\/4aaf87e960f30537daa1a0a0c3c4fc31.jpeg","profile_background_tile":false,"profile_image_url":"http:\/\/pbs.twimg.com\/profile_images\/655904741617086464\/nwevoHSQ_normal.png","profile_image_url_https":"https:\/\/pbs.twimg.com\/profile_images\/655904741617086464\/nwevoHSQ_normal.png","profile_banner_url":"https:\/\/pbs.twimg.com\/profile_banners\/16582191\/1470016630","profile_link_color":"83B449","profile_sidebar_border_color":"FFFFFF","profile_sidebar_fill_color":"6C9450","profile_text_color":"242424","profile_use_background_image":true,"has_extended_profile":false,"default_profile":false,"default_profile_image":false,"following":false,"follow_request_sent":false,"notifications":false},"geo":null,"coordinates":null,"place":null,"contributors":null,"is_quote_status":false,"retweet_count":2,"favorite_count":5,"favorited":false,"retweeted":false,"possibly_sensitive":false,"lang":"en"},{"created_at":"Fri Aug 12 08:00:53 +0000 2016","id":764008742115434496,"id_str":"764008742115434496","text":"It's Famous Five time! Check out this week's five superstar items. #madewithenvato\nhttps:\/\/t.co\/c1dl6ffhy4","truncated":false,"entities":{"hashtags":[{"text":"madewithenvato","indices":[67,82]}],"symbols":[],"user_mentions":[],"urls":[{"url":"https:\/\/t.co\/c1dl6ffhy4","expanded_url":"https:\/\/amp.twimg.com\/v\/9b333ab7-96bd-466f-9b13-274ef4883a80","display_url":"amp.twimg.com\/v\/9b333ab7-96b\u2026","indices":[83,106]}]},"source":"\u003ca href=\"http:\/\/twitter.com\" rel=\"nofollow\"\u003eTwitter Web Client\u003c\/a\u003e","in_reply_to_status_id":null,"in_reply_to_status_id_str":null,"in_reply_to_user_id":null,"in_reply_to_user_id_str":null,"in_reply_to_screen_name":null,"user":{"id":16582191,"id_str":"16582191","name":"Envato","screen_name":"envato","location":"Melbourne","description":"A global community of designers & developers. #Australian made #startup @envatomarket @tutsplus. Customer support @envato_help","url":"http:\/\/t.co\/5OvUThFPYI","entities":{"url":{"urls":[{"url":"http:\/\/t.co\/5OvUThFPYI","expanded_url":"http:\/\/envato.com","display_url":"envato.com","indices":[0,22]}]},"description":{"urls":[]}},"protected":false,"followers_count":60421,"friends_count":1492,"listed_count":2033,"created_at":"Fri Oct 03 19:11:51 +0000 2008","favourites_count":716,"utc_offset":36000,"time_zone":"Melbourne","geo_enabled":false,"verified":true,"statuses_count":7790,"lang":"en","contributors_enabled":false,"is_translator":false,"is_translation_enabled":false,"profile_background_color":"323435","profile_background_image_url":"http:\/\/pbs.twimg.com\/profile_background_images\/378800000036129044\/4aaf87e960f30537daa1a0a0c3c4fc31.jpeg","profile_background_image_url_https":"https:\/\/pbs.twimg.com\/profile_background_images\/378800000036129044\/4aaf87e960f30537daa1a0a0c3c4fc31.jpeg","profile_background_tile":false,"profile_image_url":"http:\/\/pbs.twimg.com\/profile_images\/655904741617086464\/nwevoHSQ_normal.png","profile_image_url_https":"https:\/\/pbs.twimg.com\/profile_images\/655904741617086464\/nwevoHSQ_normal.png","profile_banner_url":"https:\/\/pbs.twimg.com\/profile_banners\/16582191\/1470016630","profile_link_color":"83B449","profile_sidebar_border_color":"FFFFFF","profile_sidebar_fill_color":"6C9450","profile_text_color":"242424","profile_use_background_image":true,"has_extended_profile":false,"default_profile":false,"default_profile_image":false,"following":false,"follow_request_sent":false,"notifications":false},"geo":null,"coordinates":null,"place":null,"contributors":null,"is_quote_status":false,"retweet_count":5,"favorite_count":10,"favorited":false,"retweeted":false,"possibly_sensitive":false,"lang":"en"}]