[{"created_at":"Sun Jan 17 17:34:17 +0000 2016","id":688776365491920896,"id_str":"688776365491920896","text":"No project that benefits or supports the less privileged should be relegated to political animosity or point-scoring.","source":"\u003ca href=\"http:\/\/twitter.com\/#!\/download\/ipad\" rel=\"nofollow\"\u003eTwitter for iPad\u003c\/a\u003e","truncated":false,"in_reply_to_status_id":null,"in_reply_to_status_id_str":null,"in_reply_to_user_id":null,"in_reply_to_user_id_str":null,"in_reply_to_screen_name":null,"user":{"id":453507741,"id_str":"453507741","name":"Maryam Nawaz Sharif","screen_name":"MaryamNSharif","location":"Islamabad, Pakistan","description":"MA Eng Lit. It is a strange desire to seek power and to lose liberty;By pains men come to greater pains. Uneasy lies the head that wears the crown~Francis Bacon","url":null,"entities":{"description":{"urls":[]}},"protected":false,"followers_count":1636200,"friends_count":2683,"listed_count":1987,"created_at":"Tue Jan 03 00:31:42 +0000 2012","favourites_count":1116,"utc_offset":18000,"time_zone":"Islamabad","geo_enabled":true,"verified":true,"statuses_count":49357,"lang":"en","contributors_enabled":false,"is_translator":false,"is_translation_enabled":false,"profile_background_color":"C0DEED","profile_background_image_url":"http:\/\/abs.twimg.com\/images\/themes\/theme1\/bg.png","profile_background_image_url_https":"https:\/\/abs.twimg.com\/images\/themes\/theme1\/bg.png","profile_background_tile":false,"profile_image_url":"http:\/\/pbs.twimg.com\/profile_images\/688066820192903168\/bJYuMT6x_normal.jpg","profile_image_url_https":"https:\/\/pbs.twimg.com\/profile_images\/688066820192903168\/bJYuMT6x_normal.jpg","profile_banner_url":"https:\/\/pbs.twimg.com\/profile_banners\/453507741\/1451581619","profile_link_color":"0084B4","profile_sidebar_border_color":"C0DEED","profile_sidebar_fill_color":"DDEEF6","profile_text_color":"333333","profile_use_background_image":true,"has_extended_profile":false,"default_profile":true,"default_profile_image":false,"following":false,"follow_request_sent":false,"notifications":false},"geo":null,"coordinates":null,"place":null,"contributors":null,"is_quote_status":false,"retweet_count":166,"favorite_count":299,"entities":{"hashtags":[],"symbols":[],"user_mentions":[],"urls":[]},"favorited":false,"retweeted":false,"lang":"en"},{"created_at":"Sun Jan 17 17:28:22 +0000 2016","id":688774876857929728,"id_str":"688774876857929728","text":"A woman on Jugnu show shares how after her husband's sudden death,a yellow cab given to her by Nawaz Sharif helped her feed her young kids.","source":"\u003ca href=\"http:\/\/twitter.com\/#!\/download\/ipad\" rel=\"nofollow\"\u003eTwitter for iPad\u003c\/a\u003e","truncated":false,"in_reply_to_status_id":null,"in_reply_to_status_id_str":null,"in_reply_to_user_id":null,"in_reply_to_user_id_str":null,"in_reply_to_screen_name":null,"user":{"id":453507741,"id_str":"453507741","name":"Maryam Nawaz Sharif","screen_name":"MaryamNSharif","location":"Islamabad, Pakistan","description":"MA Eng Lit. It is a strange desire to seek power and to lose liberty;By pains men come to greater pains. Uneasy lies the head that wears the crown~Francis Bacon","url":null,"entities":{"description":{"urls":[]}},"protected":false,"followers_count":1636200,"friends_count":2683,"listed_count":1987,"created_at":"Tue Jan 03 00:31:42 +0000 2012","favourites_count":1116,"utc_offset":18000,"time_zone":"Islamabad","geo_enabled":true,"verified":true,"statuses_count":49357,"lang":"en","contributors_enabled":false,"is_translator":false,"is_translation_enabled":false,"profile_background_color":"C0DEED","profile_background_image_url":"http:\/\/abs.twimg.com\/images\/themes\/theme1\/bg.png","profile_background_image_url_https":"https:\/\/abs.twimg.com\/images\/themes\/theme1\/bg.png","profile_background_tile":false,"profile_image_url":"http:\/\/pbs.twimg.com\/profile_images\/688066820192903168\/bJYuMT6x_normal.jpg","profile_image_url_https":"https:\/\/pbs.twimg.com\/profile_images\/688066820192903168\/bJYuMT6x_normal.jpg","profile_banner_url":"https:\/\/pbs.twimg.com\/profile_banners\/453507741\/1451581619","profile_link_color":"0084B4","profile_sidebar_border_color":"C0DEED","profile_sidebar_fill_color":"DDEEF6","profile_text_color":"333333","profile_use_background_image":true,"has_extended_profile":false,"default_profile":true,"default_profile_image":false,"following":false,"follow_request_sent":false,"notifications":false},"geo":null,"coordinates":null,"place":null,"contributors":null,"is_quote_status":false,"retweet_count":207,"favorite_count":482,"entities":{"hashtags":[],"symbols":[],"user_mentions":[],"urls":[]},"favorited":false,"retweeted":false,"lang":"en"},{"created_at":"Sun Jan 17 17:02:54 +0000 2016","id":688768469437775872,"id_str":"688768469437775872","text":"RT @Neopk3: @ImranKhanPTI what about tameere school sehat ka insaaf and blah blah. In punjab flyovers and road network is haraam. Keep it u\u2026","source":"\u003ca href=\"http:\/\/twitter.com\/#!\/download\/ipad\" rel=\"nofollow\"\u003eTwitter for iPad\u003c\/a\u003e","truncated":false,"in_reply_to_status_id":null,"in_reply_to_status_id_str":null,"in_reply_to_user_id":null,"in_reply_to_user_id_str":null,"in_reply_to_screen_name":null,"user":{"id":453507741,"id_str":"453507741","name":"Maryam Nawaz Sharif","screen_name":"MaryamNSharif","location":"Islamabad, Pakistan","description":"MA Eng Lit. It is a strange desire to seek power and to lose liberty;By pains men come to greater pains. Uneasy lies the head that wears the crown~Francis Bacon","url":null,"entities":{"description":{"urls":[]}},"protected":false,"followers_count":1636200,"friends_count":2683,"listed_count":1987,"created_at":"Tue Jan 03 00:31:42 +0000 2012","favourites_count":1116,"utc_offset":18000,"time_zone":"Islamabad","geo_enabled":true,"verified":true,"statuses_count":49357,"lang":"en","contributors_enabled":false,"is_translator":false,"is_translation_enabled":false,"profile_background_color":"C0DEED","profile_background_image_url":"http:\/\/abs.twimg.com\/images\/themes\/theme1\/bg.png","profile_background_image_url_https":"https:\/\/abs.twimg.com\/images\/themes\/theme1\/bg.png","profile_background_tile":false,"profile_image_url":"http:\/\/pbs.twimg.com\/profile_images\/688066820192903168\/bJYuMT6x_normal.jpg","profile_image_url_https":"https:\/\/pbs.twimg.com\/profile_images\/688066820192903168\/bJYuMT6x_normal.jpg","profile_banner_url":"https:\/\/pbs.twimg.com\/profile_banners\/453507741\/1451581619","profile_link_color":"0084B4","profile_sidebar_border_color":"C0DEED","profile_sidebar_fill_color":"DDEEF6","profile_text_color":"333333","profile_use_background_image":true,"has_extended_profile":false,"default_profile":true,"default_profile_image":false,"following":false,"follow_request_sent":false,"notifications":false},"geo":null,"coordinates":null,"place":null,"contributors":null,"retweeted_status":{"created_at":"Sun Jan 17 16:58:59 +0000 2016","id":688767483419996160,"id_str":"688767483419996160","text":"@ImranKhanPTI what about tameere school sehat ka insaaf and blah blah. In punjab flyovers and road network is haraam. Keep it up hypocrisy","source":"\u003ca href=\"http:\/\/twitter.com\" rel=\"nofollow\"\u003eTwitter Web Client\u003c\/a\u003e","truncated":false,"in_reply_to_status_id":688766480834494465,"in_reply_to_status_id_str":"688766480834494465","in_reply_to_user_id":122453931,"in_reply_to_user_id_str":"122453931","in_reply_to_screen_name":"ImranKhanPTI","user":{"id":291914818,"id_str":"291914818","name":"Nadeem Iqbal","screen_name":"Neopk3","location":"","description":"I really am ruggedly handsome, aren't I? Noble in thoughts weak in actions. #AntiEstablishment #AntiPTI #chelseaFC","url":null,"entities":{"description":{"urls":[]}},"protected":false,"followers_count":1921,"friends_count":1152,"listed_count":19,"created_at":"Mon May 02 20:27:57 +0000 2011","favourites_count":2032,"utc_offset":0,"time_zone":"London","geo_enabled":true,"verified":false,"statuses_count":58833,"lang":"en-gb","contributors_enabled":false,"is_translator":false,"is_translation_enabled":false,"profile_background_color":"9AE4E8","profile_background_image_url":"http:\/\/pbs.twimg.com\/profile_background_images\/608286087\/4d1raa6kj1c6tzw0tarl.jpeg","profile_background_image_url_https":"https:\/\/pbs.twimg.com\/profile_background_images\/608286087\/4d1raa6kj1c6tzw0tarl.jpeg","profile_background_tile":true,"profile_image_url":"http:\/\/pbs.twimg.com\/profile_images\/685077705654702080\/i_fSsQ2d_normal.jpg","profile_image_url_https":"https:\/\/pbs.twimg.com\/profile_images\/685077705654702080\/i_fSsQ2d_normal.jpg","profile_banner_url":"https:\/\/pbs.twimg.com\/profile_banners\/291914818\/1402631512","profile_link_color":"0084B4","profile_sidebar_border_color":"BDDCAD","profile_sidebar_fill_color":"DDFFCC","profile_text_color":"333333","profile_use_background_image":true,"has_extended_profile":false,"default_profile":false,"default_profile_image":false,"following":false,"follow_request_sent":false,"notifications":false},"geo":null,"coordinates":null,"place":null,"contributors":null,"is_quote_status":false,"retweet_count":51,"favorite_count":110,"entities":{"hashtags":[],"symbols":[],"user_mentions":[{"screen_name":"ImranKhanPTI","name":"Imran Khan","id":122453931,"id_str":"122453931","indices":[0,13]}],"urls":[]},"favorited":false,"retweeted":false,"lang":"en"},"is_quote_status":false,"retweet_count":51,"favorite_count":0,"entities":{"hashtags":[],"symbols":[],"user_mentions":[{"screen_name":"Neopk3","name":"Nadeem Iqbal","id":291914818,"id_str":"291914818","indices":[3,10]},{"screen_name":"ImranKhanPTI","name":"Imran Khan","id":122453931,"id_str":"122453931","indices":[12,25]}],"urls":[]},"favorited":false,"retweeted":false,"lang":"en"},{"created_at":"Sun Jan 17 17:00:44 +0000 2016","id":688767922571886593,"id_str":"688767922571886593","text":"RT @nomiferoz: Leading analysts term NS visit as a `bold initiative' in the interest of unity and solidarity of the Muslim Ummah https:\/\/t.\u2026","source":"\u003ca href=\"http:\/\/twitter.com\/#!\/download\/ipad\" rel=\"nofollow\"\u003eTwitter for iPad\u003c\/a\u003e","truncated":false,"in_reply_to_status_id":null,"in_reply_to_status_id_str":null,"in_reply_to_user_id":null,"in_reply_to_user_id_str":null,"in_reply_to_screen_name":null,"user":{"id":453507741,"id_str":"453507741","name":"Maryam Nawaz Sharif","screen_name":"MaryamNSharif","location":"Islamabad, Pakistan","description":"MA Eng Lit. It is a strange desire to seek power and to lose liberty;By pains men come to greater pains. Uneasy lies the head that wears the crown~Francis Bacon","url":null,"entities":{"description":{"urls":[]}},"protected":false,"followers_count":1636200,"friends_count":2683,"listed_count":1987,"created_at":"Tue Jan 03 00:31:42 +0000 2012","favourites_count":1116,"utc_offset":18000,"time_zone":"Islamabad","geo_enabled":true,"verified":true,"statuses_count":49357,"lang":"en","contributors_enabled":false,"is_translator":false,"is_translation_enabled":false,"profile_background_color":"C0DEED","profile_background_image_url":"http:\/\/abs.twimg.com\/images\/themes\/theme1\/bg.png","profile_background_image_url_https":"https:\/\/abs.twimg.com\/images\/themes\/theme1\/bg.png","profile_background_tile":false,"profile_image_url":"http:\/\/pbs.twimg.com\/profile_images\/688066820192903168\/bJYuMT6x_normal.jpg","profile_image_url_https":"https:\/\/pbs.twimg.com\/profile_images\/688066820192903168\/bJYuMT6x_normal.jpg","profile_banner_url":"https:\/\/pbs.twimg.com\/profile_banners\/453507741\/1451581619","profile_link_color":"0084B4","profile_sidebar_border_color":"C0DEED","profile_sidebar_fill_color":"DDEEF6","profile_text_color":"333333","profile_use_background_image":true,"has_extended_profile":false,"default_profile":true,"default_profile_image":false,"following":false,"follow_request_sent":false,"notifications":false},"geo":null,"coordinates":null,"place":null,"contributors":null,"retweeted_status":{"created_at":"Sun Jan 17 16:55:55 +0000 2016","id":688766710074224640,"id_str":"688766710074224640","text":"Leading analysts term NS visit as a `bold initiative' in the interest of unity and solidarity of the Muslim Ummah https:\/\/t.co\/CpnQ2n1JDC","source":"\u003ca href=\"http:\/\/twitter.com\" rel=\"nofollow\"\u003eTwitter Web Client\u003c\/a\u003e","truncated":false,"in_reply_to_status_id":null,"in_reply_to_status_id_str":null,"in_reply_to_user_id":null,"in_reply_to_user_id_str":null,"in_reply_to_screen_name":null,"user":{"id":422144215,"id_str":"422144215","name":"Nauman Feroz","screen_name":"nomiferoz","location":" main market gulberg 2 lahore ","description":"PML(N)The ideal politicion was zulifqar Ali bhutto and the leader we have at the moment to save Pakistan that Mian Muhammad Nawaz Sharif","url":"https:\/\/t.co\/t3WPVPwH4Q","entities":{"url":{"urls":[{"url":"https:\/\/t.co\/t3WPVPwH4Q","expanded_url":"http:\/\/www.facebook.com","display_url":"facebook.com","indices":[0,23]}]},"description":{"urls":[]}},"protected":false,"followers_count":5246,"friends_count":1313,"listed_count":17,"created_at":"Sat Nov 26 21:38:25 +0000 2011","favourites_count":3005,"utc_offset":-36000,"time_zone":"Hawaii","geo_enabled":true,"verified":false,"statuses_count":71105,"lang":"en","contributors_enabled":false,"is_translator":false,"is_translation_enabled":false,"profile_background_color":"C0DEED","profile_background_image_url":"http:\/\/pbs.twimg.com\/profile_background_images\/378800000122593425\/87b28a4e037535b35715363fc514c183.jpeg","profile_background_image_url_https":"https:\/\/pbs.twimg.com\/profile_background_images\/378800000122593425\/87b28a4e037535b35715363fc514c183.jpeg","profile_background_tile":false,"profile_image_url":"http:\/\/pbs.twimg.com\/profile_images\/686981545312272384\/jltWVP2W_normal.jpg","profile_image_url_https":"https:\/\/pbs.twimg.com\/profile_images\/686981545312272384\/jltWVP2W_normal.jpg","profile_banner_url":"https:\/\/pbs.twimg.com\/profile_banners\/422144215\/1433101113","profile_link_color":"F5ABB5","profile_sidebar_border_color":"FFFFFF","profile_sidebar_fill_color":"DDEEF6","profile_text_color":"333333","profile_use_background_image":true,"has_extended_profile":false,"default_profile":false,"default_profile_image":false,"following":false,"follow_request_sent":false,"notifications":false},"geo":null,"coordinates":null,"place":{"id":"00cc0d5640394308","url":"https:\/\/api.twitter.com\/1.1\/geo\/id\/00cc0d5640394308.json","place_type":"admin","name":"Punjab","full_name":"Punjab, Pakistan","country_code":"PK","country":"\u067e\u0627\u06a9\u0633\u062a\u0627\u0646","contained_within":[],"bounding_box":{"type":"Polygon","coordinates":[[[69.3288727,27.7082259],[75.3821239,27.7082259],[75.3821239,34.019989],[69.3288727,34.019989]]]},"attributes":{}},"contributors":null,"is_quote_status":false,"retweet_count":53,"favorite_count":223,"entities":{"hashtags":[],"symbols":[],"user_mentions":[],"urls":[],"media":[{"id":688766707456962560,"id_str":"688766707456962560","indices":[114,137],"media_url":"http:\/\/pbs.twimg.com\/media\/CY79q9MWcAA-sZU.jpg","media_url_https":"https:\/\/pbs.twimg.com\/media\/CY79q9MWcAA-sZU.jpg","url":"https:\/\/t.co\/CpnQ2n1JDC","display_url":"pic.twitter.com\/CpnQ2n1JDC","expanded_url":"http:\/\/twitter.com\/nomiferoz\/status\/688766710074224640\/photo\/1","type":"photo","sizes":{"medium":{"w":599,"h":584,"resize":"fit"},"small":{"w":340,"h":331,"resize":"fit"},"thumb":{"w":150,"h":150,"resize":"crop"},"large":{"w":599,"h":584,"resize":"fit"}}}]},"extended_entities":{"media":[{"id":688766707456962560,"id_str":"688766707456962560","indices":[114,137],"media_url":"http:\/\/pbs.twimg.com\/media\/CY79q9MWcAA-sZU.jpg","media_url_https":"https:\/\/pbs.twimg.com\/media\/CY79q9MWcAA-sZU.jpg","url":"https:\/\/t.co\/CpnQ2n1JDC","display_url":"pic.twitter.com\/CpnQ2n1JDC","expanded_url":"http:\/\/twitter.com\/nomiferoz\/status\/688766710074224640\/photo\/1","type":"photo","sizes":{"medium":{"w":599,"h":584,"resize":"fit"},"small":{"w":340,"h":331,"resize":"fit"},"thumb":{"w":150,"h":150,"resize":"crop"},"large":{"w":599,"h":584,"resize":"fit"}}}]},"favorited":false,"retweeted":false,"possibly_sensitive":false,"lang":"en"},"is_quote_status":false,"retweet_count":53,"favorite_count":0,"entities":{"hashtags":[],"symbols":[],"user_mentions":[{"screen_name":"nomiferoz","name":"Nauman Feroz","id":422144215,"id_str":"422144215","indices":[3,13]}],"urls":[],"media":[{"id":688766707456962560,"id_str":"688766707456962560","indices":[139,140],"media_url":"http:\/\/pbs.twimg.com\/media\/CY79q9MWcAA-sZU.jpg","media_url_https":"https:\/\/pbs.twimg.com\/media\/CY79q9MWcAA-sZU.jpg","url":"https:\/\/t.co\/CpnQ2n1JDC","display_url":"pic.twitter.com\/CpnQ2n1JDC","expanded_url":"http:\/\/twitter.com\/nomiferoz\/status\/688766710074224640\/photo\/1","type":"photo","sizes":{"medium":{"w":599,"h":584,"resize":"fit"},"small":{"w":340,"h":331,"resize":"fit"},"thumb":{"w":150,"h":150,"resize":"crop"},"large":{"w":599,"h":584,"resize":"fit"}},"source_status_id":688766710074224640,"source_status_id_str":"688766710074224640","source_user_id":422144215,"source_user_id_str":"422144215"}]},"extended_entities":{"media":[{"id":688766707456962560,"id_str":"688766707456962560","indices":[139,140],"media_url":"http:\/\/pbs.twimg.com\/media\/CY79q9MWcAA-sZU.jpg","media_url_https":"https:\/\/pbs.twimg.com\/media\/CY79q9MWcAA-sZU.jpg","url":"https:\/\/t.co\/CpnQ2n1JDC","display_url":"pic.twitter.com\/CpnQ2n1JDC","expanded_url":"http:\/\/twitter.com\/nomiferoz\/status\/688766710074224640\/photo\/1","type":"photo","sizes":{"medium":{"w":599,"h":584,"resize":"fit"},"small":{"w":340,"h":331,"resize":"fit"},"thumb":{"w":150,"h":150,"resize":"crop"},"large":{"w":599,"h":584,"resize":"fit"}},"source_status_id":688766710074224640,"source_status_id_str":"688766710074224640","source_user_id":422144215,"source_user_id_str":"422144215"}]},"favorited":false,"retweeted":false,"possibly_sensitive":false,"lang":"en"},{"created_at":"Sun Jan 17 16:59:18 +0000 2016","id":688767564621545472,"id_str":"688767564621545472","text":"This project is called 'pakkiyan sarkaan, sokhay painday' \ud83d\ude0a https:\/\/t.co\/7wS39e9XW9","source":"\u003ca href=\"http:\/\/twitter.com\/#!\/download\/ipad\" rel=\"nofollow\"\u003eTwitter for iPad\u003c\/a\u003e","truncated":false,"in_reply_to_status_id":null,"in_reply_to_status_id_str":null,"in_reply_to_user_id":null,"in_reply_to_user_id_str":null,"in_reply_to_screen_name":null,"user":{"id":453507741,"id_str":"453507741","name":"Maryam Nawaz Sharif","screen_name":"MaryamNSharif","location":"Islamabad, Pakistan","description":"MA Eng Lit. It is a strange desire to seek power and to lose liberty;By pains men come to greater pains. Uneasy lies the head that wears the crown~Francis Bacon","url":null,"entities":{"description":{"urls":[]}},"protected":false,"followers_count":1636200,"friends_count":2683,"listed_count":1987,"created_at":"Tue Jan 03 00:31:42 +0000 2012","favourites_count":1116,"utc_offset":18000,"time_zone":"Islamabad","geo_enabled":true,"verified":true,"statuses_count":49357,"lang":"en","contributors_enabled":false,"is_translator":false,"is_translation_enabled":false,"profile_background_color":"C0DEED","profile_background_image_url":"http:\/\/abs.twimg.com\/images\/themes\/theme1\/bg.png","profile_background_image_url_https":"https:\/\/abs.twimg.com\/images\/themes\/theme1\/bg.png","profile_background_tile":false,"profile_image_url":"http:\/\/pbs.twimg.com\/profile_images\/688066820192903168\/bJYuMT6x_normal.jpg","profile_image_url_https":"https:\/\/pbs.twimg.com\/profile_images\/688066820192903168\/bJYuMT6x_normal.jpg","profile_banner_url":"https:\/\/pbs.twimg.com\/profile_banners\/453507741\/1451581619","profile_link_color":"0084B4","profile_sidebar_border_color":"C0DEED","profile_sidebar_fill_color":"DDEEF6","profile_text_color":"333333","profile_use_background_image":true,"has_extended_profile":false,"default_profile":true,"default_profile_image":false,"following":false,"follow_request_sent":false,"notifications":false},"geo":null,"coordinates":null,"place":null,"contributors":null,"quoted_status_id":688709471418368000,"quoted_status_id_str":"688709471418368000","quoted_status":{"created_at":"Sun Jan 17 13:08:28 +0000 2016","id":688709471418368000,"id_str":"688709471418368000","text":"\u067e\u0633\u0645\u0627\u0646\u062f\u06c1 \u0639\u0644\u0627\u0642\u0648\u06ba \u06a9\u06cc \u062a\u0631\u0642\u06cc \u06a9\u06cc\u0644\u0626\u06d2 \u0627\u06cc\u06a9 \u0686\u06be \u0644\u06cc\u0646 \u06a9\u06cc \u0645\u0648\u0679\u0631\u0648\u06d2 \u0646\u06c1\u06cc\u06ba \u0628\u0644\u06a9\u06c1 \u06a9\u06be\u06cc\u062a\u0648\u06ba \u0633\u06d2 \u0645\u0646\u0688\u06cc\u0648\u06ba \u062a\u06a9 \u0661\u0662 \u0641\u0679 \u06a9\u06cc \u0633\u0691\u06a9\u0648\u06ba \u06a9\u0627 \u062c\u0627\u0644 \u062f\u0631\u06a9\u0627\u0631 \u06c1\u0648\u062a\u0627 \u06c1\u06d2 https:\/\/t.co\/oj14XuEdD2","source":"\u003ca href=\"http:\/\/twitter.com\" rel=\"nofollow\"\u003eTwitter Web Client\u003c\/a\u003e","truncated":false,"in_reply_to_status_id":null,"in_reply_to_status_id_str":null,"in_reply_to_user_id":null,"in_reply_to_user_id_str":null,"in_reply_to_screen_name":null,"user":{"id":591121876,"id_str":"591121876","name":"\u0628\u064a\u0628\u0631\u0633","screen_name":"BaiburSaladin","location":"","description":"","url":null,"entities":{"description":{"urls":[]}},"protected":false,"followers_count":8524,"friends_count":302,"listed_count":30,"created_at":"Sat May 26 17:54:10 +0000 2012","favourites_count":42190,"utc_offset":null,"time_zone":null,"geo_enabled":true,"verified":false,"statuses_count":60608,"lang":"en","contributors_enabled":false,"is_translator":false,"is_translation_enabled":false,"profile_background_color":"C0DEED","profile_background_image_url":"http:\/\/abs.twimg.com\/images\/themes\/theme1\/bg.png","profile_background_image_url_https":"https:\/\/abs.twimg.com\/images\/themes\/theme1\/bg.png","profile_background_tile":false,"profile_image_url":"http:\/\/pbs.twimg.com\/profile_images\/516153819965571072\/9K2FdgRj_normal.jpeg","profile_image_url_https":"https:\/\/pbs.twimg.com\/profile_images\/516153819965571072\/9K2FdgRj_normal.jpeg","profile_banner_url":"https:\/\/pbs.twimg.com\/profile_banners\/591121876\/1368801823","profile_link_color":"0084B4","profile_sidebar_border_color":"C0DEED","profile_sidebar_fill_color":"DDEEF6","profile_text_color":"333333","profile_use_background_image":true,"has_extended_profile":false,"default_profile":true,"default_profile_image":false,"following":false,"follow_request_sent":false,"notifications":false},"geo":null,"coordinates":null,"place":null,"contributors":null,"is_quote_status":false,"retweet_count":44,"favorite_count":78,"entities":{"hashtags":[],"symbols":[],"user_mentions":[],"urls":[],"media":[{"id":688709465835745281,"id_str":"688709465835745281","indices":[116,139],"media_url":"http:\/\/pbs.twimg.com\/media\/CY7JnDiWsAEKxaK.jpg","media_url_https":"https:\/\/pbs.twimg.com\/media\/CY7JnDiWsAEKxaK.jpg","url":"https:\/\/t.co\/oj14XuEdD2","display_url":"pic.twitter.com\/oj14XuEdD2","expanded_url":"http:\/\/twitter.com\/BaiburSaladin\/status\/688709471418368000\/photo\/1","type":"photo","sizes":{"medium":{"w":599,"h":297,"resize":"fit"},"thumb":{"w":150,"h":150,"resize":"crop"},"large":{"w":599,"h":297,"resize":"fit"},"small":{"w":340,"h":168,"resize":"fit"}}}]},"extended_entities":{"media":[{"id":688709465835745281,"id_str":"688709465835745281","indices":[116,139],"media_url":"http:\/\/pbs.twimg.com\/media\/CY7JnDiWsAEKxaK.jpg","media_url_https":"https:\/\/pbs.twimg.com\/media\/CY7JnDiWsAEKxaK.jpg","url":"https:\/\/t.co\/oj14XuEdD2","display_url":"pic.twitter.com\/oj14XuEdD2","expanded_url":"http:\/\/twitter.com\/BaiburSaladin\/status\/688709471418368000\/photo\/1","type":"photo","sizes":{"medium":{"w":599,"h":297,"resize":"fit"},"thumb":{"w":150,"h":150,"resize":"crop"},"large":{"w":599,"h":297,"resize":"fit"},"small":{"w":340,"h":168,"resize":"fit"}}}]},"favorited":false,"retweeted":false,"possibly_sensitive":false,"lang":"ur"},"is_quote_status":true,"retweet_count":100,"favorite_count":209,"entities":{"hashtags":[],"symbols":[],"user_mentions":[],"urls":[{"url":"https:\/\/t.co\/7wS39e9XW9","expanded_url":"https:\/\/twitter.com\/baibursaladin\/status\/688709471418368000","display_url":"twitter.com\/baibursaladin\/\u2026","indices":[60,83]}]},"favorited":false,"retweeted":false,"possibly_sensitive":false,"lang":"tl"},{"created_at":"Sun Jan 17 16:50:19 +0000 2016","id":688765301677096961,"id_str":"688765301677096961","text":"RT @GovtOfPunjab: If you spot any kid working for brick kiln, please inform at 0800-55444 immediately &amp; help us eliminate child labor. http\u2026","source":"\u003ca href=\"http:\/\/twitter.com\/#!\/download\/ipad\" rel=\"nofollow\"\u003eTwitter for iPad\u003c\/a\u003e","truncated":false,"in_reply_to_status_id":null,"in_reply_to_status_id_str":null,"in_reply_to_user_id":null,"in_reply_to_user_id_str":null,"in_reply_to_screen_name":null,"user":{"id":453507741,"id_str":"453507741","name":"Maryam Nawaz Sharif","screen_name":"MaryamNSharif","location":"Islamabad, Pakistan","description":"MA Eng Lit. It is a strange desire to seek power and to lose liberty;By pains men come to greater pains. Uneasy lies the head that wears the crown~Francis Bacon","url":null,"entities":{"description":{"urls":[]}},"protected":false,"followers_count":1636200,"friends_count":2683,"listed_count":1987,"created_at":"Tue Jan 03 00:31:42 +0000 2012","favourites_count":1116,"utc_offset":18000,"time_zone":"Islamabad","geo_enabled":true,"verified":true,"statuses_count":49357,"lang":"en","contributors_enabled":false,"is_translator":false,"is_translation_enabled":false,"profile_background_color":"C0DEED","profile_background_image_url":"http:\/\/abs.twimg.com\/images\/themes\/theme1\/bg.png","profile_background_image_url_https":"https:\/\/abs.twimg.com\/images\/themes\/theme1\/bg.png","profile_background_tile":false,"profile_image_url":"http:\/\/pbs.twimg.com\/profile_images\/688066820192903168\/bJYuMT6x_normal.jpg","profile_image_url_https":"https:\/\/pbs.twimg.com\/profile_images\/688066820192903168\/bJYuMT6x_normal.jpg","profile_banner_url":"https:\/\/pbs.twimg.com\/profile_banners\/453507741\/1451581619","profile_link_color":"0084B4","profile_sidebar_border_color":"C0DEED","profile_sidebar_fill_color":"DDEEF6","profile_text_color":"333333","profile_use_background_image":true,"has_extended_profile":false,"default_profile":true,"default_profile_image":false,"following":false,"follow_request_sent":false,"notifications":false},"geo":null,"coordinates":null,"place":null,"contributors":null,"retweeted_status":{"created_at":"Sat Jan 16 13:25:17 +0000 2016","id":688351315454496768,"id_str":"688351315454496768","text":"If you spot any kid working for brick kiln, please inform at 0800-55444 immediately &amp; help us eliminate child labor. https:\/\/t.co\/FlW7mS2Ab8","source":"\u003ca href=\"http:\/\/twitter.com\" rel=\"nofollow\"\u003eTwitter Web Client\u003c\/a\u003e","truncated":false,"in_reply_to_status_id":688348540842672128,"in_reply_to_status_id_str":"688348540842672128","in_reply_to_user_id":1569051025,"in_reply_to_user_id_str":"1569051025","in_reply_to_screen_name":"GovtOfPunjab","user":{"id":1569051025,"id_str":"1569051025","name":"Govt Of The Punjab","screen_name":"GovtOfPunjab","location":"","description":"Official Twitter account of the Government of Punjab. Follow us on Facebook at: https:\/\/t.co\/p358J3MQxr","url":"https:\/\/t.co\/QzwCWdx6rd","entities":{"url":{"urls":[{"url":"https:\/\/t.co\/QzwCWdx6rd","expanded_url":"http:\/\/Punjab.gov.pk","display_url":"Punjab.gov.pk","indices":[0,23]}]},"description":{"urls":[{"url":"https:\/\/t.co\/p358J3MQxr","expanded_url":"http:\/\/fb.com\/GovtOfThePunjab","display_url":"fb.com\/GovtOfThePunjab","indices":[80,103]}]}},"protected":false,"followers_count":23296,"friends_count":5,"listed_count":49,"created_at":"Thu Jul 04 20:42:03 +0000 2013","favourites_count":72,"utc_offset":18000,"time_zone":"Karachi","geo_enabled":false,"verified":false,"statuses_count":14075,"lang":"en","contributors_enabled":false,"is_translator":false,"is_translation_enabled":false,"profile_background_color":"006400","profile_background_image_url":"http:\/\/abs.twimg.com\/images\/themes\/theme1\/bg.png","profile_background_image_url_https":"https:\/\/abs.twimg.com\/images\/themes\/theme1\/bg.png","profile_background_tile":false,"profile_image_url":"http:\/\/pbs.twimg.com\/profile_images\/679375396819734528\/guX0Paiu_normal.jpg","profile_image_url_https":"https:\/\/pbs.twimg.com\/profile_images\/679375396819734528\/guX0Paiu_normal.jpg","profile_banner_url":"https:\/\/pbs.twimg.com\/profile_banners\/1569051025\/1451232236","profile_link_color":"002E0F","profile_sidebar_border_color":"FFFFFF","profile_sidebar_fill_color":"DDEEF6","profile_text_color":"333333","profile_use_background_image":false,"has_extended_profile":false,"default_profile":false,"default_profile_image":false,"following":false,"follow_request_sent":false,"notifications":false},"geo":null,"coordinates":null,"place":null,"contributors":null,"is_quote_status":false,"retweet_count":165,"favorite_count":243,"entities":{"hashtags":[],"symbols":[],"user_mentions":[],"urls":[],"media":[{"id":688351306356924418,"id_str":"688351306356924418","indices":[121,144],"media_url":"http:\/\/pbs.twimg.com\/media\/CY2D3bgUoAIY8dY.jpg","media_url_https":"https:\/\/pbs.twimg.com\/media\/CY2D3bgUoAIY8dY.jpg","url":"https:\/\/t.co\/FlW7mS2Ab8","display_url":"pic.twitter.com\/FlW7mS2Ab8","expanded_url":"http:\/\/twitter.com\/GovtOfPunjab\/status\/688351315454496768\/photo\/1","type":"photo","sizes":{"small":{"w":340,"h":257,"resize":"fit"},"medium":{"w":600,"h":454,"resize":"fit"},"thumb":{"w":150,"h":150,"resize":"crop"},"large":{"w":749,"h":567,"resize":"fit"}}}]},"extended_entities":{"media":[{"id":688351306356924418,"id_str":"688351306356924418","indices":[121,144],"media_url":"http:\/\/pbs.twimg.com\/media\/CY2D3bgUoAIY8dY.jpg","media_url_https":"https:\/\/pbs.twimg.com\/media\/CY2D3bgUoAIY8dY.jpg","url":"https:\/\/t.co\/FlW7mS2Ab8","display_url":"pic.twitter.com\/FlW7mS2Ab8","expanded_url":"http:\/\/twitter.com\/GovtOfPunjab\/status\/688351315454496768\/photo\/1","type":"photo","sizes":{"small":{"w":340,"h":257,"resize":"fit"},"medium":{"w":600,"h":454,"resize":"fit"},"thumb":{"w":150,"h":150,"resize":"crop"},"large":{"w":749,"h":567,"resize":"fit"}}}]},"favorited":false,"retweeted":false,"possibly_sensitive":false,"lang":"en"},"is_quote_status":false,"retweet_count":165,"favorite_count":0,"entities":{"hashtags":[],"symbols":[],"user_mentions":[{"screen_name":"GovtOfPunjab","name":"Govt Of The Punjab","id":1569051025,"id_str":"1569051025","indices":[3,16]}],"urls":[],"media":[{"id":688351306356924418,"id_str":"688351306356924418","indices":[143,144],"media_url":"http:\/\/pbs.twimg.com\/media\/CY2D3bgUoAIY8dY.jpg","media_url_https":"https:\/\/pbs.twimg.com\/media\/CY2D3bgUoAIY8dY.jpg","url":"https:\/\/t.co\/FlW7mS2Ab8","display_url":"pic.twitter.com\/FlW7mS2Ab8","expanded_url":"http:\/\/twitter.com\/GovtOfPunjab\/status\/688351315454496768\/photo\/1","type":"photo","sizes":{"small":{"w":340,"h":257,"resize":"fit"},"medium":{"w":600,"h":454,"resize":"fit"},"thumb":{"w":150,"h":150,"resize":"crop"},"large":{"w":749,"h":567,"resize":"fit"}},"source_status_id":688351315454496768,"source_status_id_str":"688351315454496768","source_user_id":1569051025,"source_user_id_str":"1569051025"}]},"extended_entities":{"media":[{"id":688351306356924418,"id_str":"688351306356924418","indices":[143,144],"media_url":"http:\/\/pbs.twimg.com\/media\/CY2D3bgUoAIY8dY.jpg","media_url_https":"https:\/\/pbs.twimg.com\/media\/CY2D3bgUoAIY8dY.jpg","url":"https:\/\/t.co\/FlW7mS2Ab8","display_url":"pic.twitter.com\/FlW7mS2Ab8","expanded_url":"http:\/\/twitter.com\/GovtOfPunjab\/status\/688351315454496768\/photo\/1","type":"photo","sizes":{"small":{"w":340,"h":257,"resize":"fit"},"medium":{"w":600,"h":454,"resize":"fit"},"thumb":{"w":150,"h":150,"resize":"crop"},"large":{"w":749,"h":567,"resize":"fit"}},"source_status_id":688351315454496768,"source_status_id_str":"688351315454496768","source_user_id":1569051025,"source_user_id_str":"1569051025"}]},"favorited":false,"retweeted":false,"possibly_sensitive":false,"lang":"en"},{"created_at":"Sun Jan 17 16:50:13 +0000 2016","id":688765275747975168,"id_str":"688765275747975168","text":"RT @reportpemra: \u0639\u0645\u0631\u0627\u0646 \u062e\u0627\u0646 \u0627\u0648\u0631 \u062e\u0627\u062a\u0648\u0646 \u067e\u0627\u0631\u0679\u06cc \u0648\u0631\u06a9\u0631 \u06a9\u06d2 \u0628\u0627\u0631\u06d2 \u0645\u06cc\u06ba \u0646\u0627\u0634\u0627\u0626\u0633\u062a\u06c1 \u0627\u0644\u0641\u0627\u0638 \u06a9\u06d2 \u0686\u0646\u0627\u0624 \u067e\u0631 \u067e\u06cc\u0645\u0631\u0627 \u06a9\u0627 \u0633\u0645\u0627\u0621 \u0679\u06cc \u0648\u06cc \u06a9\u0648 \u0646\u0648\u0679\u0633 https:\/\/t.co\/YiZ0CATtQI","source":"\u003ca href=\"http:\/\/twitter.com\/#!\/download\/ipad\" rel=\"nofollow\"\u003eTwitter for iPad\u003c\/a\u003e","truncated":false,"in_reply_to_status_id":null,"in_reply_to_status_id_str":null,"in_reply_to_user_id":null,"in_reply_to_user_id_str":null,"in_reply_to_screen_name":null,"user":{"id":453507741,"id_str":"453507741","name":"Maryam Nawaz Sharif","screen_name":"MaryamNSharif","location":"Islamabad, Pakistan","description":"MA Eng Lit. It is a strange desire to seek power and to lose liberty;By pains men come to greater pains. Uneasy lies the head that wears the crown~Francis Bacon","url":null,"entities":{"description":{"urls":[]}},"protected":false,"followers_count":1636200,"friends_count":2683,"listed_count":1987,"created_at":"Tue Jan 03 00:31:42 +0000 2012","favourites_count":1116,"utc_offset":18000,"time_zone":"Islamabad","geo_enabled":true,"verified":true,"statuses_count":49357,"lang":"en","contributors_enabled":false,"is_translator":false,"is_translation_enabled":false,"profile_background_color":"C0DEED","profile_background_image_url":"http:\/\/abs.twimg.com\/images\/themes\/theme1\/bg.png","profile_background_image_url_https":"https:\/\/abs.twimg.com\/images\/themes\/theme1\/bg.png","profile_background_tile":false,"profile_image_url":"http:\/\/pbs.twimg.com\/profile_images\/688066820192903168\/bJYuMT6x_normal.jpg","profile_image_url_https":"https:\/\/pbs.twimg.com\/profile_images\/688066820192903168\/bJYuMT6x_normal.jpg","profile_banner_url":"https:\/\/pbs.twimg.com\/profile_banners\/453507741\/1451581619","profile_link_color":"0084B4","profile_sidebar_border_color":"C0DEED","profile_sidebar_fill_color":"DDEEF6","profile_text_color":"333333","profile_use_background_image":true,"has_extended_profile":false,"default_profile":true,"default_profile_image":false,"following":false,"follow_request_sent":false,"notifications":false},"geo":null,"coordinates":null,"place":null,"contributors":null,"retweeted_status":{"created_at":"Sat Jan 16 14:55:09 +0000 2016","id":688373930361511936,"id_str":"688373930361511936","text":"\u0639\u0645\u0631\u0627\u0646 \u062e\u0627\u0646 \u0627\u0648\u0631 \u062e\u0627\u062a\u0648\u0646 \u067e\u0627\u0631\u0679\u06cc \u0648\u0631\u06a9\u0631 \u06a9\u06d2 \u0628\u0627\u0631\u06d2 \u0645\u06cc\u06ba \u0646\u0627\u0634\u0627\u0626\u0633\u062a\u06c1 \u0627\u0644\u0641\u0627\u0638 \u06a9\u06d2 \u0686\u0646\u0627\u0624 \u067e\u0631 \u067e\u06cc\u0645\u0631\u0627 \u06a9\u0627 \u0633\u0645\u0627\u0621 \u0679\u06cc \u0648\u06cc \u06a9\u0648 \u0646\u0648\u0679\u0633 https:\/\/t.co\/YiZ0CATtQI","source":"\u003ca href=\"http:\/\/twitter.com\" rel=\"nofollow\"\u003eTwitter Web Client\u003c\/a\u003e","truncated":false,"in_reply_to_status_id":null,"in_reply_to_status_id_str":null,"in_reply_to_user_id":null,"in_reply_to_user_id_str":null,"in_reply_to_screen_name":null,"user":{"id":4579506197,"id_str":"4579506197","name":"Report PEMRA","screen_name":"reportpemra","location":"Islamabad, Pakistan","description":"","url":"https:\/\/t.co\/SXSWzfvoR0","entities":{"url":{"urls":[{"url":"https:\/\/t.co\/SXSWzfvoR0","expanded_url":"http:\/\/www.pemra.gov.pk","display_url":"pemra.gov.pk","indices":[0,23]}]},"description":{"urls":[]}},"protected":false,"followers_count":1153,"friends_count":65,"listed_count":2,"created_at":"Wed Dec 23 14:57:54 +0000 2015","favourites_count":3,"utc_offset":18000,"time_zone":"Islamabad","geo_enabled":false,"verified":false,"statuses_count":29,"lang":"en","contributors_enabled":false,"is_translator":false,"is_translation_enabled":false,"profile_background_color":"000000","profile_background_image_url":"http:\/\/abs.twimg.com\/images\/themes\/theme1\/bg.png","profile_background_image_url_https":"https:\/\/abs.twimg.com\/images\/themes\/theme1\/bg.png","profile_background_tile":false,"profile_image_url":"http:\/\/pbs.twimg.com\/profile_images\/679677735405498370\/Q0Iwjs80_normal.jpg","profile_image_url_https":"https:\/\/pbs.twimg.com\/profile_images\/679677735405498370\/Q0Iwjs80_normal.jpg","profile_banner_url":"https:\/\/pbs.twimg.com\/profile_banners\/4579506197\/1451289918","profile_link_color":"4A913C","profile_sidebar_border_color":"000000","profile_sidebar_fill_color":"000000","profile_text_color":"000000","profile_use_background_image":false,"has_extended_profile":false,"default_profile":false,"default_profile_image":false,"following":false,"follow_request_sent":false,"notifications":false},"geo":null,"coordinates":null,"place":null,"contributors":null,"is_quote_status":false,"retweet_count":76,"favorite_count":131,"entities":{"hashtags":[],"symbols":[],"user_mentions":[],"urls":[],"media":[{"id":688373928205664257,"id_str":"688373928205664257","indices":[97,120],"media_url":"http:\/\/pbs.twimg.com\/media\/CY2YcMdWwAEr0aa.jpg","media_url_https":"https:\/\/pbs.twimg.com\/media\/CY2YcMdWwAEr0aa.jpg","url":"https:\/\/t.co\/YiZ0CATtQI","display_url":"pic.twitter.com\/YiZ0CATtQI","expanded_url":"http:\/\/twitter.com\/reportpemra\/status\/688373930361511936\/photo\/1","type":"photo","sizes":{"thumb":{"w":150,"h":150,"resize":"crop"},"medium":{"w":600,"h":909,"resize":"fit"},"large":{"w":899,"h":1363,"resize":"fit"},"small":{"w":340,"h":515,"resize":"fit"}}}]},"extended_entities":{"media":[{"id":688373928205664257,"id_str":"688373928205664257","indices":[97,120],"media_url":"http:\/\/pbs.twimg.com\/media\/CY2YcMdWwAEr0aa.jpg","media_url_https":"https:\/\/pbs.twimg.com\/media\/CY2YcMdWwAEr0aa.jpg","url":"https:\/\/t.co\/YiZ0CATtQI","display_url":"pic.twitter.com\/YiZ0CATtQI","expanded_url":"http:\/\/twitter.com\/reportpemra\/status\/688373930361511936\/photo\/1","type":"photo","sizes":{"thumb":{"w":150,"h":150,"resize":"crop"},"medium":{"w":600,"h":909,"resize":"fit"},"large":{"w":899,"h":1363,"resize":"fit"},"small":{"w":340,"h":515,"resize":"fit"}}},{"id":688373837780639744,"id_str":"688373837780639744","indices":[97,120],"media_url":"http:\/\/pbs.twimg.com\/media\/CY2YW7mWYAAum_l.jpg","media_url_https":"https:\/\/pbs.twimg.com\/media\/CY2YW7mWYAAum_l.jpg","url":"https:\/\/t.co\/YiZ0CATtQI","display_url":"pic.twitter.com\/YiZ0CATtQI","expanded_url":"http:\/\/twitter.com\/reportpemra\/status\/688373930361511936\/photo\/1","type":"photo","sizes":{"large":{"w":898,"h":1300,"resize":"fit"},"small":{"w":340,"h":492,"resize":"fit"},"thumb":{"w":150,"h":150,"resize":"crop"},"medium":{"w":600,"h":868,"resize":"fit"}}},{"id":688373849101066241,"id_str":"688373849101066241","indices":[97,120],"media_url":"http:\/\/pbs.twimg.com\/media\/CY2YXlxWYAEGTlW.jpg","media_url_https":"https:\/\/pbs.twimg.com\/media\/CY2YXlxWYAEGTlW.jpg","url":"https:\/\/t.co\/YiZ0CATtQI","display_url":"pic.twitter.com\/YiZ0CATtQI","expanded_url":"http:\/\/twitter.com\/reportpemra\/status\/688373930361511936\/photo\/1","type":"photo","sizes":{"large":{"w":899,"h":1458,"resize":"fit"},"thumb":{"w":150,"h":150,"resize":"crop"},"medium":{"w":600,"h":972,"resize":"fit"},"small":{"w":340,"h":550,"resize":"fit"}}}]},"favorited":false,"retweeted":false,"possibly_sensitive":false,"lang":"ur"},"is_quote_status":false,"retweet_count":76,"favorite_count":0,"entities":{"hashtags":[],"symbols":[],"user_mentions":[{"screen_name":"reportpemra","name":"Report PEMRA","id":4579506197,"id_str":"4579506197","indices":[3,15]}],"urls":[],"media":[{"id":688373928205664257,"id_str":"688373928205664257","indices":[114,137],"media_url":"http:\/\/pbs.twimg.com\/media\/CY2YcMdWwAEr0aa.jpg","media_url_https":"https:\/\/pbs.twimg.com\/media\/CY2YcMdWwAEr0aa.jpg","url":"https:\/\/t.co\/YiZ0CATtQI","display_url":"pic.twitter.com\/YiZ0CATtQI","expanded_url":"http:\/\/twitter.com\/reportpemra\/status\/688373930361511936\/photo\/1","type":"photo","sizes":{"thumb":{"w":150,"h":150,"resize":"crop"},"medium":{"w":600,"h":909,"resize":"fit"},"large":{"w":899,"h":1363,"resize":"fit"},"small":{"w":340,"h":515,"resize":"fit"}},"source_status_id":688373930361511936,"source_status_id_str":"688373930361511936","source_user_id":4579506197,"source_user_id_str":"4579506197"}]},"extended_entities":{"media":[{"id":688373928205664257,"id_str":"688373928205664257","indices":[114,137],"media_url":"http:\/\/pbs.twimg.com\/media\/CY2YcMdWwAEr0aa.jpg","media_url_https":"https:\/\/pbs.twimg.com\/media\/CY2YcMdWwAEr0aa.jpg","url":"https:\/\/t.co\/YiZ0CATtQI","display_url":"pic.twitter.com\/YiZ0CATtQI","expanded_url":"http:\/\/twitter.com\/reportpemra\/status\/688373930361511936\/photo\/1","type":"photo","sizes":{"thumb":{"w":150,"h":150,"resize":"crop"},"medium":{"w":600,"h":909,"resize":"fit"},"large":{"w":899,"h":1363,"resize":"fit"},"small":{"w":340,"h":515,"resize":"fit"}},"source_status_id":688373930361511936,"source_status_id_str":"688373930361511936","source_user_id":4579506197,"source_user_id_str":"4579506197"},{"id":688373837780639744,"id_str":"688373837780639744","indices":[114,137],"media_url":"http:\/\/pbs.twimg.com\/media\/CY2YW7mWYAAum_l.jpg","media_url_https":"https:\/\/pbs.twimg.com\/media\/CY2YW7mWYAAum_l.jpg","url":"https:\/\/t.co\/YiZ0CATtQI","display_url":"pic.twitter.com\/YiZ0CATtQI","expanded_url":"http:\/\/twitter.com\/reportpemra\/status\/688373930361511936\/photo\/1","type":"photo","sizes":{"large":{"w":898,"h":1300,"resize":"fit"},"small":{"w":340,"h":492,"resize":"fit"},"thumb":{"w":150,"h":150,"resize":"crop"},"medium":{"w":600,"h":868,"resize":"fit"}},"source_status_id":688373930361511936,"source_status_id_str":"688373930361511936","source_user_id":4579506197,"source_user_id_str":"4579506197"},{"id":688373849101066241,"id_str":"688373849101066241","indices":[114,137],"media_url":"http:\/\/pbs.twimg.com\/media\/CY2YXlxWYAEGTlW.jpg","media_url_https":"https:\/\/pbs.twimg.com\/media\/CY2YXlxWYAEGTlW.jpg","url":"https:\/\/t.co\/YiZ0CATtQI","display_url":"pic.twitter.com\/YiZ0CATtQI","expanded_url":"http:\/\/twitter.com\/reportpemra\/status\/688373930361511936\/photo\/1","type":"photo","sizes":{"large":{"w":899,"h":1458,"resize":"fit"},"thumb":{"w":150,"h":150,"resize":"crop"},"medium":{"w":600,"h":972,"resize":"fit"},"small":{"w":340,"h":550,"resize":"fit"}},"source_status_id":688373930361511936,"source_status_id_str":"688373930361511936","source_user_id":4579506197,"source_user_id_str":"4579506197"}]},"favorited":false,"retweeted":false,"possibly_sensitive":false,"lang":"ur"},{"created_at":"Sun Jan 17 16:49:52 +0000 2016","id":688765188787458048,"id_str":"688765188787458048","text":"RT @fasiranjha: Official Map of CPEC. . Pakistan even plans to connect with central Asia through KP\/Baluchistan... #CPECGameChanger https:\/\u2026","source":"\u003ca href=\"http:\/\/twitter.com\/#!\/download\/ipad\" rel=\"nofollow\"\u003eTwitter for iPad\u003c\/a\u003e","truncated":false,"in_reply_to_status_id":null,"in_reply_to_status_id_str":null,"in_reply_to_user_id":null,"in_reply_to_user_id_str":null,"in_reply_to_screen_name":null,"user":{"id":453507741,"id_str":"453507741","name":"Maryam Nawaz Sharif","screen_name":"MaryamNSharif","location":"Islamabad, Pakistan","description":"MA Eng Lit. It is a strange desire to seek power and to lose liberty;By pains men come to greater pains. Uneasy lies the head that wears the crown~Francis Bacon","url":null,"entities":{"description":{"urls":[]}},"protected":false,"followers_count":1636200,"friends_count":2683,"listed_count":1987,"created_at":"Tue Jan 03 00:31:42 +0000 2012","favourites_count":1116,"utc_offset":18000,"time_zone":"Islamabad","geo_enabled":true,"verified":true,"statuses_count":49357,"lang":"en","contributors_enabled":false,"is_translator":false,"is_translation_enabled":false,"profile_background_color":"C0DEED","profile_background_image_url":"http:\/\/abs.twimg.com\/images\/themes\/theme1\/bg.png","profile_background_image_url_https":"https:\/\/abs.twimg.com\/images\/themes\/theme1\/bg.png","profile_background_tile":false,"profile_image_url":"http:\/\/pbs.twimg.com\/profile_images\/688066820192903168\/bJYuMT6x_normal.jpg","profile_image_url_https":"https:\/\/pbs.twimg.com\/profile_images\/688066820192903168\/bJYuMT6x_normal.jpg","profile_banner_url":"https:\/\/pbs.twimg.com\/profile_banners\/453507741\/1451581619","profile_link_color":"0084B4","profile_sidebar_border_color":"C0DEED","profile_sidebar_fill_color":"DDEEF6","profile_text_color":"333333","profile_use_background_image":true,"has_extended_profile":false,"default_profile":true,"default_profile_image":false,"following":false,"follow_request_sent":false,"notifications":false},"geo":null,"coordinates":null,"place":null,"contributors":null,"retweeted_status":{"created_at":"Sat Jan 16 16:20:36 +0000 2016","id":688395434650431488,"id_str":"688395434650431488","text":"Official Map of CPEC. . Pakistan even plans to connect with central Asia through KP\/Baluchistan... #CPECGameChanger https:\/\/t.co\/smldeko3GE","source":"\u003ca href=\"http:\/\/twitter.com\/download\/android\" rel=\"nofollow\"\u003eTwitter for Android\u003c\/a\u003e","truncated":false,"in_reply_to_status_id":null,"in_reply_to_status_id_str":null,"in_reply_to_user_id":null,"in_reply_to_user_id_str":null,"in_reply_to_screen_name":null,"user":{"id":123632296,"id_str":"123632296","name":"Dr Faisal Ranjha","screen_name":"fasiranjha","location":"","description":"I don't have a problem with taking sides, it's the pretend neutrality that is irritating ~ Rumi","url":"https:\/\/t.co\/awUuvVUAAI","entities":{"url":{"urls":[{"url":"https:\/\/t.co\/awUuvVUAAI","expanded_url":"http:\/\/www.thetplus.com","display_url":"thetplus.com","indices":[0,23]}]},"description":{"urls":[]}},"protected":false,"followers_count":24663,"friends_count":519,"listed_count":74,"created_at":"Tue Mar 16 18:33:46 +0000 2010","favourites_count":18226,"utc_offset":null,"time_zone":null,"geo_enabled":true,"verified":false,"statuses_count":67521,"lang":"en","contributors_enabled":false,"is_translator":false,"is_translation_enabled":false,"profile_background_color":"C0DEED","profile_background_image_url":"http:\/\/abs.twimg.com\/images\/themes\/theme1\/bg.png","profile_background_image_url_https":"https:\/\/abs.twimg.com\/images\/themes\/theme1\/bg.png","profile_background_tile":false,"profile_image_url":"http:\/\/pbs.twimg.com\/profile_images\/637013292746080256\/6ftwur1Y_normal.jpg","profile_image_url_https":"https:\/\/pbs.twimg.com\/profile_images\/637013292746080256\/6ftwur1Y_normal.jpg","profile_banner_url":"https:\/\/pbs.twimg.com\/profile_banners\/123632296\/1440355139","profile_link_color":"0084B4","profile_sidebar_border_color":"C0DEED","profile_sidebar_fill_color":"DDEEF6","profile_text_color":"333333","profile_use_background_image":true,"has_extended_profile":false,"default_profile":true,"default_profile_image":false,"following":false,"follow_request_sent":false,"notifications":false},"geo":null,"coordinates":null,"place":null,"contributors":null,"is_quote_status":false,"retweet_count":96,"favorite_count":133,"entities":{"hashtags":[{"text":"CPECGameChanger","indices":[99,115]}],"symbols":[],"user_mentions":[],"urls":[],"media":[{"id":688395417160122368,"id_str":"688395417160122368","indices":[116,139],"media_url":"http:\/\/pbs.twimg.com\/media\/CY2r_BDWAAAwwNe.jpg","media_url_https":"https:\/\/pbs.twimg.com\/media\/CY2r_BDWAAAwwNe.jpg","url":"https:\/\/t.co\/smldeko3GE","display_url":"pic.twitter.com\/smldeko3GE","expanded_url":"http:\/\/twitter.com\/fasiranjha\/status\/688395434650431488\/photo\/1","type":"photo","sizes":{"small":{"w":340,"h":255,"resize":"fit"},"large":{"w":1024,"h":771,"resize":"fit"},"medium":{"w":600,"h":451,"resize":"fit"},"thumb":{"w":150,"h":150,"resize":"crop"}}}]},"extended_entities":{"media":[{"id":688395417160122368,"id_str":"688395417160122368","indices":[116,139],"media_url":"http:\/\/pbs.twimg.com\/media\/CY2r_BDWAAAwwNe.jpg","media_url_https":"https:\/\/pbs.twimg.com\/media\/CY2r_BDWAAAwwNe.jpg","url":"https:\/\/t.co\/smldeko3GE","display_url":"pic.twitter.com\/smldeko3GE","expanded_url":"http:\/\/twitter.com\/fasiranjha\/status\/688395434650431488\/photo\/1","type":"photo","sizes":{"small":{"w":340,"h":255,"resize":"fit"},"large":{"w":1024,"h":771,"resize":"fit"},"medium":{"w":600,"h":451,"resize":"fit"},"thumb":{"w":150,"h":150,"resize":"crop"}}}]},"favorited":false,"retweeted":false,"possibly_sensitive":false,"lang":"en"},"is_quote_status":false,"retweet_count":96,"favorite_count":0,"entities":{"hashtags":[{"text":"CPECGameChanger","indices":[115,131]}],"symbols":[],"user_mentions":[{"screen_name":"fasiranjha","name":"Dr Faisal Ranjha","id":123632296,"id_str":"123632296","indices":[3,14]}],"urls":[],"media":[{"id":688395417160122368,"id_str":"688395417160122368","indices":[139,140],"media_url":"http:\/\/pbs.twimg.com\/media\/CY2r_BDWAAAwwNe.jpg","media_url_https":"https:\/\/pbs.twimg.com\/media\/CY2r_BDWAAAwwNe.jpg","url":"https:\/\/t.co\/smldeko3GE","display_url":"pic.twitter.com\/smldeko3GE","expanded_url":"http:\/\/twitter.com\/fasiranjha\/status\/688395434650431488\/photo\/1","type":"photo","sizes":{"small":{"w":340,"h":255,"resize":"fit"},"large":{"w":1024,"h":771,"resize":"fit"},"medium":{"w":600,"h":451,"resize":"fit"},"thumb":{"w":150,"h":150,"resize":"crop"}},"source_status_id":688395434650431488,"source_status_id_str":"688395434650431488","source_user_id":123632296,"source_user_id_str":"123632296"}]},"extended_entities":{"media":[{"id":688395417160122368,"id_str":"688395417160122368","indices":[139,140],"media_url":"http:\/\/pbs.twimg.com\/media\/CY2r_BDWAAAwwNe.jpg","media_url_https":"https:\/\/pbs.twimg.com\/media\/CY2r_BDWAAAwwNe.jpg","url":"https:\/\/t.co\/smldeko3GE","display_url":"pic.twitter.com\/smldeko3GE","expanded_url":"http:\/\/twitter.com\/fasiranjha\/status\/688395434650431488\/photo\/1","type":"photo","sizes":{"small":{"w":340,"h":255,"resize":"fit"},"large":{"w":1024,"h":771,"resize":"fit"},"medium":{"w":600,"h":451,"resize":"fit"},"thumb":{"w":150,"h":150,"resize":"crop"}},"source_status_id":688395434650431488,"source_status_id_str":"688395434650431488","source_user_id":123632296,"source_user_id_str":"123632296"}]},"favorited":false,"retweeted":false,"possibly_sensitive":false,"lang":"en"},{"created_at":"Sun Jan 17 16:49:34 +0000 2016","id":688765112232972288,"id_str":"688765112232972288","text":"RT @fasiranjha: \u067e\u0631\u0648\u06cc\u0632 \u062e\u0679\u06a9 \u0646\u06d2 \u0627\u067e\u0646\u06d2 \u0635\u0648\u0628\u06d2 \u0645\u06cc\u06ba \u0627\u06cc\u06a9 \u0645\u0632\u06cc\u062f \u0645\u0648\u0679\u0631\u0648\u06d2 \u06a9\u0627 \u0645\u0637\u0627\u0644\u0628\u06c1 \u06a9\u06cc\u0627 \u062a\u0648 PM NS \u0646\u06d2 \u06a9\u06c1\u0627 \u0645\u062c\u06be\u06d2 \u062e\u0648\u0634\u06cc \u06c1\u06d2 \u0645\u062c\u06be \u067e\u0631 \u062a\u0646\u0642\u06cc\u062f \u06a9\u06cc \u0628\u062c\u0627\u0626\u06d2 \u0622\u062c \u0644\u0648\u06af \u0645\u0632\u06cc\u062f \u0645\u0648\u0679\u2026","source":"\u003ca href=\"http:\/\/twitter.com\/#!\/download\/ipad\" rel=\"nofollow\"\u003eTwitter for iPad\u003c\/a\u003e","truncated":false,"in_reply_to_status_id":null,"in_reply_to_status_id_str":null,"in_reply_to_user_id":null,"in_reply_to_user_id_str":null,"in_reply_to_screen_name":null,"user":{"id":453507741,"id_str":"453507741","name":"Maryam Nawaz Sharif","screen_name":"MaryamNSharif","location":"Islamabad, Pakistan","description":"MA Eng Lit. It is a strange desire to seek power and to lose liberty;By pains men come to greater pains. Uneasy lies the head that wears the crown~Francis Bacon","url":null,"entities":{"description":{"urls":[]}},"protected":false,"followers_count":1636200,"friends_count":2683,"listed_count":1987,"created_at":"Tue Jan 03 00:31:42 +0000 2012","favourites_count":1116,"utc_offset":18000,"time_zone":"Islamabad","geo_enabled":true,"verified":true,"statuses_count":49357,"lang":"en","contributors_enabled":false,"is_translator":false,"is_translation_enabled":false,"profile_background_color":"C0DEED","profile_background_image_url":"http:\/\/abs.twimg.com\/images\/themes\/theme1\/bg.png","profile_background_image_url_https":"https:\/\/abs.twimg.com\/images\/themes\/theme1\/bg.png","profile_background_tile":false,"profile_image_url":"http:\/\/pbs.twimg.com\/profile_images\/688066820192903168\/bJYuMT6x_normal.jpg","profile_image_url_https":"https:\/\/pbs.twimg.com\/profile_images\/688066820192903168\/bJYuMT6x_normal.jpg","profile_banner_url":"https:\/\/pbs.twimg.com\/profile_banners\/453507741\/1451581619","profile_link_color":"0084B4","profile_sidebar_border_color":"C0DEED","profile_sidebar_fill_color":"DDEEF6","profile_text_color":"333333","profile_use_background_image":true,"has_extended_profile":false,"default_profile":true,"default_profile_image":false,"following":false,"follow_request_sent":false,"notifications":false},"geo":null,"coordinates":null,"place":null,"contributors":null,"retweeted_status":{"created_at":"Sat Jan 16 16:43:25 +0000 2016","id":688401177239785472,"id_str":"688401177239785472","text":"\u067e\u0631\u0648\u06cc\u0632 \u062e\u0679\u06a9 \u0646\u06d2 \u0627\u067e\u0646\u06d2 \u0635\u0648\u0628\u06d2 \u0645\u06cc\u06ba \u0627\u06cc\u06a9 \u0645\u0632\u06cc\u062f \u0645\u0648\u0679\u0631\u0648\u06d2 \u06a9\u0627 \u0645\u0637\u0627\u0644\u0628\u06c1 \u06a9\u06cc\u0627 \u062a\u0648 PM NS \u0646\u06d2 \u06a9\u06c1\u0627 \u0645\u062c\u06be\u06d2 \u062e\u0648\u0634\u06cc \u06c1\u06d2 \u0645\u062c\u06be \u067e\u0631 \u062a\u0646\u0642\u06cc\u062f \u06a9\u06cc \u0628\u062c\u0627\u0626\u06d2 \u0622\u062c \u0644\u0648\u06af \u0645\u0632\u06cc\u062f \u0645\u0648\u0679\u0631\u0648\u06d2 \u06a9\u06d2 \u0644\u0626\u06d2 \u0644\u0691 \u0631\u06c1\u06d2","source":"\u003ca href=\"http:\/\/twitter.com\/download\/android\" rel=\"nofollow\"\u003eTwitter for Android\u003c\/a\u003e","truncated":false,"in_reply_to_status_id":null,"in_reply_to_status_id_str":null,"in_reply_to_user_id":null,"in_reply_to_user_id_str":null,"in_reply_to_screen_name":null,"user":{"id":123632296,"id_str":"123632296","name":"Dr Faisal Ranjha","screen_name":"fasiranjha","location":"","description":"I don't have a problem with taking sides, it's the pretend neutrality that is irritating ~ Rumi","url":"https:\/\/t.co\/awUuvVUAAI","entities":{"url":{"urls":[{"url":"https:\/\/t.co\/awUuvVUAAI","expanded_url":"http:\/\/www.thetplus.com","display_url":"thetplus.com","indices":[0,23]}]},"description":{"urls":[]}},"protected":false,"followers_count":24663,"friends_count":519,"listed_count":74,"created_at":"Tue Mar 16 18:33:46 +0000 2010","favourites_count":18226,"utc_offset":null,"time_zone":null,"geo_enabled":true,"verified":false,"statuses_count":67521,"lang":"en","contributors_enabled":false,"is_translator":false,"is_translation_enabled":false,"profile_background_color":"C0DEED","profile_background_image_url":"http:\/\/abs.twimg.com\/images\/themes\/theme1\/bg.png","profile_background_image_url_https":"https:\/\/abs.twimg.com\/images\/themes\/theme1\/bg.png","profile_background_tile":false,"profile_image_url":"http:\/\/pbs.twimg.com\/profile_images\/637013292746080256\/6ftwur1Y_normal.jpg","profile_image_url_https":"https:\/\/pbs.twimg.com\/profile_images\/637013292746080256\/6ftwur1Y_normal.jpg","profile_banner_url":"https:\/\/pbs.twimg.com\/profile_banners\/123632296\/1440355139","profile_link_color":"0084B4","profile_sidebar_border_color":"C0DEED","profile_sidebar_fill_color":"DDEEF6","profile_text_color":"333333","profile_use_background_image":true,"has_extended_profile":false,"default_profile":true,"default_profile_image":false,"following":false,"follow_request_sent":false,"notifications":false},"geo":null,"coordinates":null,"place":null,"contributors":null,"is_quote_status":false,"retweet_count":129,"favorite_count":221,"entities":{"hashtags":[],"symbols":[],"user_mentions":[],"urls":[]},"favorited":false,"retweeted":false,"lang":"ur"},"is_quote_status":false,"retweet_count":129,"favorite_count":0,"entities":{"hashtags":[],"symbols":[],"user_mentions":[{"screen_name":"fasiranjha","name":"Dr Faisal Ranjha","id":123632296,"id_str":"123632296","indices":[3,14]}],"urls":[]},"favorited":false,"retweeted":false,"lang":"ur"},{"created_at":"Sun Jan 17 16:48:00 +0000 2016","id":688764721223225345,"id_str":"688764721223225345","text":"RT @fasiranjha: https:\/\/t.co\/JZgcVVrEvU \u0627\u0633 \u0633\u0627\u0644 \u06a9\u06d2 \u0622\u062e\u0631 \u062a\u06a9 \u0644\u0627\u06c1\u0648\u0631 \u0645\u06cc\u06ba \u0633\u0627\u0648\u062a\u06be \u0627\u06cc\u0634\u06cc\u0627 \u06a9\u0627 \u0633\u0628 \u0633\u06d2 \u0628\u0691\u0627 pallative and terminal care \u06c1\u0633\u067e\u062a\u0627\u0644 \u06a9\u0627 \u0627\u0641\u062a\u062a\u0627\u062d \u06c1\u0648\u2026","source":"\u003ca href=\"http:\/\/twitter.com\/#!\/download\/ipad\" rel=\"nofollow\"\u003eTwitter for iPad\u003c\/a\u003e","truncated":false,"in_reply_to_status_id":null,"in_reply_to_status_id_str":null,"in_reply_to_user_id":null,"in_reply_to_user_id_str":null,"in_reply_to_screen_name":null,"user":{"id":453507741,"id_str":"453507741","name":"Maryam Nawaz Sharif","screen_name":"MaryamNSharif","location":"Islamabad, Pakistan","description":"MA Eng Lit. It is a strange desire to seek power and to lose liberty;By pains men come to greater pains. Uneasy lies the head that wears the crown~Francis Bacon","url":null,"entities":{"description":{"urls":[]}},"protected":false,"followers_count":1636200,"friends_count":2683,"listed_count":1987,"created_at":"Tue Jan 03 00:31:42 +0000 2012","favourites_count":1116,"utc_offset":18000,"time_zone":"Islamabad","geo_enabled":true,"verified":true,"statuses_count":49357,"lang":"en","contributors_enabled":false,"is_translator":false,"is_translation_enabled":false,"profile_background_color":"C0DEED","profile_background_image_url":"http:\/\/abs.twimg.com\/images\/themes\/theme1\/bg.png","profile_background_image_url_https":"https:\/\/abs.twimg.com\/images\/themes\/theme1\/bg.png","profile_background_tile":false,"profile_image_url":"http:\/\/pbs.twimg.com\/profile_images\/688066820192903168\/bJYuMT6x_normal.jpg","profile_image_url_https":"https:\/\/pbs.twimg.com\/profile_images\/688066820192903168\/bJYuMT6x_normal.jpg","profile_banner_url":"https:\/\/pbs.twimg.com\/profile_banners\/453507741\/1451581619","profile_link_color":"0084B4","profile_sidebar_border_color":"C0DEED","profile_sidebar_fill_color":"DDEEF6","profile_text_color":"333333","profile_use_background_image":true,"has_extended_profile":false,"default_profile":true,"default_profile_image":false,"following":false,"follow_request_sent":false,"notifications":false},"geo":null,"coordinates":null,"place":null,"contributors":null,"retweeted_status":{"created_at":"Sun Jan 17 16:26:44 +0000 2016","id":688759369329160196,"id_str":"688759369329160196","text":"https:\/\/t.co\/JZgcVVrEvU \u0627\u0633 \u0633\u0627\u0644 \u06a9\u06d2 \u0622\u062e\u0631 \u062a\u06a9 \u0644\u0627\u06c1\u0648\u0631 \u0645\u06cc\u06ba \u0633\u0627\u0648\u062a\u06be \u0627\u06cc\u0634\u06cc\u0627 \u06a9\u0627 \u0633\u0628 \u0633\u06d2 \u0628\u0691\u0627 pallative and terminal care \u06c1\u0633\u067e\u062a\u0627\u0644 \u06a9\u0627 \u0627\u0641\u062a\u062a\u0627\u062d \u06c1\u0648\u06af\u0627!","source":"\u003ca href=\"http:\/\/linkis.com\" rel=\"nofollow\"\u003eLinkis.com\u003c\/a\u003e","truncated":false,"in_reply_to_status_id":null,"in_reply_to_status_id_str":null,"in_reply_to_user_id":null,"in_reply_to_user_id_str":null,"in_reply_to_screen_name":null,"user":{"id":123632296,"id_str":"123632296","name":"Dr Faisal Ranjha","screen_name":"fasiranjha","location":"","description":"I don't have a problem with taking sides, it's the pretend neutrality that is irritating ~ Rumi","url":"https:\/\/t.co\/awUuvVUAAI","entities":{"url":{"urls":[{"url":"https:\/\/t.co\/awUuvVUAAI","expanded_url":"http:\/\/www.thetplus.com","display_url":"thetplus.com","indices":[0,23]}]},"description":{"urls":[]}},"protected":false,"followers_count":24663,"friends_count":519,"listed_count":74,"created_at":"Tue Mar 16 18:33:46 +0000 2010","favourites_count":18226,"utc_offset":null,"time_zone":null,"geo_enabled":true,"verified":false,"statuses_count":67521,"lang":"en","contributors_enabled":false,"is_translator":false,"is_translation_enabled":false,"profile_background_color":"C0DEED","profile_background_image_url":"http:\/\/abs.twimg.com\/images\/themes\/theme1\/bg.png","profile_background_image_url_https":"https:\/\/abs.twimg.com\/images\/themes\/theme1\/bg.png","profile_background_tile":false,"profile_image_url":"http:\/\/pbs.twimg.com\/profile_images\/637013292746080256\/6ftwur1Y_normal.jpg","profile_image_url_https":"https:\/\/pbs.twimg.com\/profile_images\/637013292746080256\/6ftwur1Y_normal.jpg","profile_banner_url":"https:\/\/pbs.twimg.com\/profile_banners\/123632296\/1440355139","profile_link_color":"0084B4","profile_sidebar_border_color":"C0DEED","profile_sidebar_fill_color":"DDEEF6","profile_text_color":"333333","profile_use_background_image":true,"has_extended_profile":false,"default_profile":true,"default_profile_image":false,"following":false,"follow_request_sent":false,"notifications":false},"geo":null,"coordinates":null,"place":null,"contributors":null,"is_quote_status":false,"retweet_count":45,"favorite_count":119,"entities":{"hashtags":[],"symbols":[],"user_mentions":[],"urls":[{"url":"https:\/\/t.co\/JZgcVVrEvU","expanded_url":"http:\/\/ln.is\/tns.thenews.com.pk\/YaCd6","display_url":"ln.is\/tns.thenews.co\u2026","indices":[0,23]}]},"favorited":false,"retweeted":false,"possibly_sensitive":false,"lang":"ur"},"is_quote_status":false,"retweet_count":45,"favorite_count":0,"entities":{"hashtags":[],"symbols":[],"user_mentions":[{"screen_name":"fasiranjha","name":"Dr Faisal Ranjha","id":123632296,"id_str":"123632296","indices":[3,14]}],"urls":[{"url":"https:\/\/t.co\/JZgcVVrEvU","expanded_url":"http:\/\/ln.is\/tns.thenews.com.pk\/YaCd6","display_url":"ln.is\/tns.thenews.co\u2026","indices":[16,39]}]},"favorited":false,"retweeted":false,"possibly_sensitive":false,"lang":"ur"}]