[{"created_at":"Tue Mar 01 05:14:02 +0000 2016","id":704535143717933056,"id_str":"704535143717933056","text":"Apart from posing as Allama Iqbal, pray tell what else Maryam Nawaz is doing here? https:\/\/t.co\/cun7cSwUrQ","truncated":false,"source":"\u003ca href=\"http:\/\/twitter.com\" rel=\"nofollow\"\u003eTwitter Web Client\u003c\/a\u003e","in_reply_to_status_id":null,"in_reply_to_status_id_str":null,"in_reply_to_user_id":null,"in_reply_to_user_id_str":null,"in_reply_to_screen_name":null,"user":{"id":45113753,"id_str":"45113753","name":"Pakistan Army","screen_name":"Pakistan_Army","location":"Tutoring My Enemy's Childern","description":"Hunting terrorists during day; spanking & disciplining so called liberals & freelance jurnos in the night. (Trying hard to be Unofficial)","url":"https:\/\/t.co\/pF6JX6yu61","entities":{"url":{"urls":[{"url":"https:\/\/t.co\/pF6JX6yu61","expanded_url":"http:\/\/xerics.blogspot.com","display_url":"xerics.blogspot.com","indices":[0,23]}]},"description":{"urls":[]}},"protected":false,"followers_count":70509,"friends_count":611,"listed_count":220,"created_at":"Sat Jun 06 11:38:21 +0000 2009","favourites_count":828,"utc_offset":18000,"time_zone":"Karachi","geo_enabled":false,"verified":false,"statuses_count":13935,"lang":"en","contributors_enabled":false,"is_translator":false,"is_translation_enabled":false,"profile_background_color":"FFFFFF","profile_background_image_url":"http:\/\/pbs.twimg.com\/profile_background_images\/646174905\/2012-08-29_15-42-09_182.183.255.30.jpg","profile_background_image_url_https":"https:\/\/pbs.twimg.com\/profile_background_images\/646174905\/2012-08-29_15-42-09_182.183.255.30.jpg","profile_background_tile":false,"profile_image_url":"http:\/\/pbs.twimg.com\/profile_images\/679295068931518464\/c1IVRdh0_normal.jpg","profile_image_url_https":"https:\/\/pbs.twimg.com\/profile_images\/679295068931518464\/c1IVRdh0_normal.jpg","profile_banner_url":"https:\/\/pbs.twimg.com\/profile_banners\/45113753\/1419091269","profile_link_color":"07800D","profile_sidebar_border_color":"FFFFFF","profile_sidebar_fill_color":"DDFFCD","profile_text_color":"333333","profile_use_background_image":true,"has_extended_profile":false,"default_profile":false,"default_profile_image":false,"following":false,"follow_request_sent":false,"notifications":false},"geo":null,"coordinates":null,"place":null,"contributors":null,"is_quote_status":false,"retweet_count":29,"favorite_count":67,"entities":{"hashtags":[],"symbols":[],"user_mentions":[],"urls":[],"media":[{"id":704535141104881664,"id_str":"704535141104881664","indices":[83,106],"media_url":"http:\/\/pbs.twimg.com\/media\/CccC-mFWEAAAPNH.jpg","media_url_https":"https:\/\/pbs.twimg.com\/media\/CccC-mFWEAAAPNH.jpg","url":"https:\/\/t.co\/cun7cSwUrQ","display_url":"pic.twitter.com\/cun7cSwUrQ","expanded_url":"http:\/\/twitter.com\/Pakistan_Army\/status\/704535143717933056\/photo\/1","type":"photo","sizes":{"small":{"w":340,"h":388,"resize":"fit"},"medium":{"w":600,"h":685,"resize":"fit"},"large":{"w":841,"h":960,"resize":"fit"},"thumb":{"w":150,"h":150,"resize":"crop"}}}]},"extended_entities":{"media":[{"id":704535141104881664,"id_str":"704535141104881664","indices":[83,106],"media_url":"http:\/\/pbs.twimg.com\/media\/CccC-mFWEAAAPNH.jpg","media_url_https":"https:\/\/pbs.twimg.com\/media\/CccC-mFWEAAAPNH.jpg","url":"https:\/\/t.co\/cun7cSwUrQ","display_url":"pic.twitter.com\/cun7cSwUrQ","expanded_url":"http:\/\/twitter.com\/Pakistan_Army\/status\/704535143717933056\/photo\/1","type":"photo","sizes":{"small":{"w":340,"h":388,"resize":"fit"},"medium":{"w":600,"h":685,"resize":"fit"},"large":{"w":841,"h":960,"resize":"fit"},"thumb":{"w":150,"h":150,"resize":"crop"}}}]},"favorited":false,"retweeted":false,"possibly_sensitive":false,"lang":"en"},{"created_at":"Mon Feb 29 16:00:45 +0000 2016","id":704335506377674752,"id_str":"704335506377674752","text":"All gone on serial 6 over.\n#ZarbeAzb","truncated":false,"source":"\u003ca href=\"http:\/\/twitter.com\/download\/android\" rel=\"nofollow\"\u003eTwitter for Android\u003c\/a\u003e","in_reply_to_status_id":null,"in_reply_to_status_id_str":null,"in_reply_to_user_id":null,"in_reply_to_user_id_str":null,"in_reply_to_screen_name":null,"user":{"id":45113753,"id_str":"45113753","name":"Pakistan Army","screen_name":"Pakistan_Army","location":"Tutoring My Enemy's Childern","description":"Hunting terrorists during day; spanking & disciplining so called liberals & freelance jurnos in the night. (Trying hard to be Unofficial)","url":"https:\/\/t.co\/pF6JX6yu61","entities":{"url":{"urls":[{"url":"https:\/\/t.co\/pF6JX6yu61","expanded_url":"http:\/\/xerics.blogspot.com","display_url":"xerics.blogspot.com","indices":[0,23]}]},"description":{"urls":[]}},"protected":false,"followers_count":70509,"friends_count":611,"listed_count":220,"created_at":"Sat Jun 06 11:38:21 +0000 2009","favourites_count":828,"utc_offset":18000,"time_zone":"Karachi","geo_enabled":false,"verified":false,"statuses_count":13935,"lang":"en","contributors_enabled":false,"is_translator":false,"is_translation_enabled":false,"profile_background_color":"FFFFFF","profile_background_image_url":"http:\/\/pbs.twimg.com\/profile_background_images\/646174905\/2012-08-29_15-42-09_182.183.255.30.jpg","profile_background_image_url_https":"https:\/\/pbs.twimg.com\/profile_background_images\/646174905\/2012-08-29_15-42-09_182.183.255.30.jpg","profile_background_tile":false,"profile_image_url":"http:\/\/pbs.twimg.com\/profile_images\/679295068931518464\/c1IVRdh0_normal.jpg","profile_image_url_https":"https:\/\/pbs.twimg.com\/profile_images\/679295068931518464\/c1IVRdh0_normal.jpg","profile_banner_url":"https:\/\/pbs.twimg.com\/profile_banners\/45113753\/1419091269","profile_link_color":"07800D","profile_sidebar_border_color":"FFFFFF","profile_sidebar_fill_color":"DDFFCD","profile_text_color":"333333","profile_use_background_image":true,"has_extended_profile":false,"default_profile":false,"default_profile_image":false,"following":false,"follow_request_sent":false,"notifications":false},"geo":null,"coordinates":null,"place":null,"contributors":null,"is_quote_status":false,"retweet_count":5,"favorite_count":12,"entities":{"hashtags":[{"text":"ZarbeAzb","indices":[27,36]}],"symbols":[],"user_mentions":[],"urls":[]},"favorited":false,"retweeted":false,"lang":"en"},{"created_at":"Mon Feb 29 04:46:20 +0000 2016","id":704165782687772672,"id_str":"704165782687772672","text":"Damn you! Caesar Augustus: Qadris\n#MumtazQadri","truncated":false,"source":"\u003ca href=\"http:\/\/twitter.com\/download\/android\" rel=\"nofollow\"\u003eTwitter for Android\u003c\/a\u003e","in_reply_to_status_id":null,"in_reply_to_status_id_str":null,"in_reply_to_user_id":null,"in_reply_to_user_id_str":null,"in_reply_to_screen_name":null,"user":{"id":45113753,"id_str":"45113753","name":"Pakistan Army","screen_name":"Pakistan_Army","location":"Tutoring My Enemy's Childern","description":"Hunting terrorists during day; spanking & disciplining so called liberals & freelance jurnos in the night. (Trying hard to be Unofficial)","url":"https:\/\/t.co\/pF6JX6yu61","entities":{"url":{"urls":[{"url":"https:\/\/t.co\/pF6JX6yu61","expanded_url":"http:\/\/xerics.blogspot.com","display_url":"xerics.blogspot.com","indices":[0,23]}]},"description":{"urls":[]}},"protected":false,"followers_count":70509,"friends_count":611,"listed_count":220,"created_at":"Sat Jun 06 11:38:21 +0000 2009","favourites_count":828,"utc_offset":18000,"time_zone":"Karachi","geo_enabled":false,"verified":false,"statuses_count":13935,"lang":"en","contributors_enabled":false,"is_translator":false,"is_translation_enabled":false,"profile_background_color":"FFFFFF","profile_background_image_url":"http:\/\/pbs.twimg.com\/profile_background_images\/646174905\/2012-08-29_15-42-09_182.183.255.30.jpg","profile_background_image_url_https":"https:\/\/pbs.twimg.com\/profile_background_images\/646174905\/2012-08-29_15-42-09_182.183.255.30.jpg","profile_background_tile":false,"profile_image_url":"http:\/\/pbs.twimg.com\/profile_images\/679295068931518464\/c1IVRdh0_normal.jpg","profile_image_url_https":"https:\/\/pbs.twimg.com\/profile_images\/679295068931518464\/c1IVRdh0_normal.jpg","profile_banner_url":"https:\/\/pbs.twimg.com\/profile_banners\/45113753\/1419091269","profile_link_color":"07800D","profile_sidebar_border_color":"FFFFFF","profile_sidebar_fill_color":"DDFFCD","profile_text_color":"333333","profile_use_background_image":true,"has_extended_profile":false,"default_profile":false,"default_profile_image":false,"following":false,"follow_request_sent":false,"notifications":false},"geo":null,"coordinates":null,"place":null,"contributors":null,"is_quote_status":false,"retweet_count":4,"favorite_count":14,"entities":{"hashtags":[{"text":"MumtazQadri","indices":[34,46]}],"symbols":[],"user_mentions":[],"urls":[]},"favorited":false,"retweeted":false,"lang":"en"},{"created_at":"Sat Feb 27 16:56:06 +0000 2016","id":703624662232784900,"id_str":"703624662232784900","text":"RT @wishrajpoot: Open letter to an Indian Army officer who never reached the rank of Lieutenant Colonel\nhttps:\/\/t.co\/VpcIUWA0Bi via @wordpr\u2026","truncated":false,"source":"\u003ca href=\"http:\/\/twitter.com\/download\/android\" rel=\"nofollow\"\u003eTwitter for Android\u003c\/a\u003e","in_reply_to_status_id":null,"in_reply_to_status_id_str":null,"in_reply_to_user_id":null,"in_reply_to_user_id_str":null,"in_reply_to_screen_name":null,"user":{"id":45113753,"id_str":"45113753","name":"Pakistan Army","screen_name":"Pakistan_Army","location":"Tutoring My Enemy's Childern","description":"Hunting terrorists during day; spanking & disciplining so called liberals & freelance jurnos in the night. (Trying hard to be Unofficial)","url":"https:\/\/t.co\/pF6JX6yu61","entities":{"url":{"urls":[{"url":"https:\/\/t.co\/pF6JX6yu61","expanded_url":"http:\/\/xerics.blogspot.com","display_url":"xerics.blogspot.com","indices":[0,23]}]},"description":{"urls":[]}},"protected":false,"followers_count":70509,"friends_count":611,"listed_count":220,"created_at":"Sat Jun 06 11:38:21 +0000 2009","favourites_count":828,"utc_offset":18000,"time_zone":"Karachi","geo_enabled":false,"verified":false,"statuses_count":13935,"lang":"en","contributors_enabled":false,"is_translator":false,"is_translation_enabled":false,"profile_background_color":"FFFFFF","profile_background_image_url":"http:\/\/pbs.twimg.com\/profile_background_images\/646174905\/2012-08-29_15-42-09_182.183.255.30.jpg","profile_background_image_url_https":"https:\/\/pbs.twimg.com\/profile_background_images\/646174905\/2012-08-29_15-42-09_182.183.255.30.jpg","profile_background_tile":false,"profile_image_url":"http:\/\/pbs.twimg.com\/profile_images\/679295068931518464\/c1IVRdh0_normal.jpg","profile_image_url_https":"https:\/\/pbs.twimg.com\/profile_images\/679295068931518464\/c1IVRdh0_normal.jpg","profile_banner_url":"https:\/\/pbs.twimg.com\/profile_banners\/45113753\/1419091269","profile_link_color":"07800D","profile_sidebar_border_color":"FFFFFF","profile_sidebar_fill_color":"DDFFCD","profile_text_color":"333333","profile_use_background_image":true,"has_extended_profile":false,"default_profile":false,"default_profile_image":false,"following":false,"follow_request_sent":false,"notifications":false},"geo":null,"coordinates":null,"place":null,"contributors":null,"retweeted_status":{"created_at":"Wed Feb 24 21:28:27 +0000 2016","id":702606034326700032,"id_str":"702606034326700032","text":"Open letter to an Indian Army officer who never reached the rank of Lieutenant Colonel\nhttps:\/\/t.co\/VpcIUWA0Bi via @wordpressdotcom","truncated":false,"source":"\u003ca href=\"http:\/\/twitter.com\" rel=\"nofollow\"\u003eTwitter Web Client\u003c\/a\u003e","in_reply_to_status_id":null,"in_reply_to_status_id_str":null,"in_reply_to_user_id":null,"in_reply_to_user_id_str":null,"in_reply_to_screen_name":null,"user":{"id":138492664,"id_str":"138492664","name":"Mahwish Rajput","screen_name":"wishrajpoot","location":"Islamabad, Pakistan","description":"Lecturer\/ForexTrader\/Researcher\/Political & Financial Analyst on VOA\/Hiker.\nMy tweets are my own, RT's are not endorsements","url":null,"entities":{"description":{"urls":[]}},"protected":false,"followers_count":4305,"friends_count":432,"listed_count":54,"created_at":"Thu Apr 29 18:05:29 +0000 2010","favourites_count":30317,"utc_offset":18000,"time_zone":"Karachi","geo_enabled":false,"verified":false,"statuses_count":58181,"lang":"en","contributors_enabled":false,"is_translator":false,"is_translation_enabled":false,"profile_background_color":"BADFCD","profile_background_image_url":"http:\/\/abs.twimg.com\/images\/themes\/theme12\/bg.gif","profile_background_image_url_https":"https:\/\/abs.twimg.com\/images\/themes\/theme12\/bg.gif","profile_background_tile":true,"profile_image_url":"http:\/\/pbs.twimg.com\/profile_images\/667436037149454337\/ya6OtsI3_normal.jpg","profile_image_url_https":"https:\/\/pbs.twimg.com\/profile_images\/667436037149454337\/ya6OtsI3_normal.jpg","profile_banner_url":"https:\/\/pbs.twimg.com\/profile_banners\/138492664\/1417372275","profile_link_color":"DD2E44","profile_sidebar_border_color":"F2E195","profile_sidebar_fill_color":"FFF7CC","profile_text_color":"0C3E53","profile_use_background_image":true,"has_extended_profile":false,"default_profile":false,"default_profile_image":false,"following":false,"follow_request_sent":false,"notifications":false},"geo":null,"coordinates":null,"place":null,"contributors":null,"is_quote_status":false,"retweet_count":42,"favorite_count":61,"entities":{"hashtags":[],"symbols":[],"user_mentions":[{"screen_name":"wordpressdotcom","name":"WordPress.com","id":823905,"id_str":"823905","indices":[115,131]}],"urls":[{"url":"https:\/\/t.co\/VpcIUWA0Bi","expanded_url":"http:\/\/wp.me\/p5YLFi-b","display_url":"wp.me\/p5YLFi-b","indices":[87,110]}]},"favorited":false,"retweeted":false,"possibly_sensitive":false,"lang":"en"},"is_quote_status":false,"retweet_count":42,"favorite_count":0,"entities":{"hashtags":[],"symbols":[],"user_mentions":[{"screen_name":"wishrajpoot","name":"Mahwish Rajput","id":138492664,"id_str":"138492664","indices":[3,15]},{"screen_name":"wordpressdotcom","name":"WordPress.com","id":823905,"id_str":"823905","indices":[132,140]}],"urls":[{"url":"https:\/\/t.co\/VpcIUWA0Bi","expanded_url":"http:\/\/wp.me\/p5YLFi-b","display_url":"wp.me\/p5YLFi-b","indices":[104,127]}]},"favorited":false,"retweeted":false,"possibly_sensitive":false,"lang":"en"},{"created_at":"Sat Feb 27 16:22:32 +0000 2016","id":703616214824787968,"id_str":"703616214824787968","text":"Hum Jeetain ya Harain per Zakhmi Zaroor Kardaingay.\n#IndvsPak","truncated":false,"source":"\u003ca href=\"http:\/\/twitter.com\/download\/android\" rel=\"nofollow\"\u003eTwitter for Android\u003c\/a\u003e","in_reply_to_status_id":null,"in_reply_to_status_id_str":null,"in_reply_to_user_id":null,"in_reply_to_user_id_str":null,"in_reply_to_screen_name":null,"user":{"id":45113753,"id_str":"45113753","name":"Pakistan Army","screen_name":"Pakistan_Army","location":"Tutoring My Enemy's Childern","description":"Hunting terrorists during day; spanking & disciplining so called liberals & freelance jurnos in the night. (Trying hard to be Unofficial)","url":"https:\/\/t.co\/pF6JX6yu61","entities":{"url":{"urls":[{"url":"https:\/\/t.co\/pF6JX6yu61","expanded_url":"http:\/\/xerics.blogspot.com","display_url":"xerics.blogspot.com","indices":[0,23]}]},"description":{"urls":[]}},"protected":false,"followers_count":70509,"friends_count":611,"listed_count":220,"created_at":"Sat Jun 06 11:38:21 +0000 2009","favourites_count":828,"utc_offset":18000,"time_zone":"Karachi","geo_enabled":false,"verified":false,"statuses_count":13935,"lang":"en","contributors_enabled":false,"is_translator":false,"is_translation_enabled":false,"profile_background_color":"FFFFFF","profile_background_image_url":"http:\/\/pbs.twimg.com\/profile_background_images\/646174905\/2012-08-29_15-42-09_182.183.255.30.jpg","profile_background_image_url_https":"https:\/\/pbs.twimg.com\/profile_background_images\/646174905\/2012-08-29_15-42-09_182.183.255.30.jpg","profile_background_tile":false,"profile_image_url":"http:\/\/pbs.twimg.com\/profile_images\/679295068931518464\/c1IVRdh0_normal.jpg","profile_image_url_https":"https:\/\/pbs.twimg.com\/profile_images\/679295068931518464\/c1IVRdh0_normal.jpg","profile_banner_url":"https:\/\/pbs.twimg.com\/profile_banners\/45113753\/1419091269","profile_link_color":"07800D","profile_sidebar_border_color":"FFFFFF","profile_sidebar_fill_color":"DDFFCD","profile_text_color":"333333","profile_use_background_image":true,"has_extended_profile":false,"default_profile":false,"default_profile_image":false,"following":false,"follow_request_sent":false,"notifications":false},"geo":null,"coordinates":null,"place":null,"contributors":null,"is_quote_status":false,"retweet_count":14,"favorite_count":36,"entities":{"hashtags":[{"text":"IndvsPak","indices":[52,61]}],"symbols":[],"user_mentions":[],"urls":[]},"favorited":false,"retweeted":false,"lang":"in"},{"created_at":"Sat Feb 27 15:24:08 +0000 2016","id":703601517140578305,"id_str":"703601517140578305","text":"RT @faujitweets: Female workers of MQM lodge FIR against MQM chief Altaf Hussain for his harassing speech about egg fertilization. https:\/\/\u2026","truncated":false,"source":"\u003ca href=\"http:\/\/twitter.com\/download\/android\" rel=\"nofollow\"\u003eTwitter for Android\u003c\/a\u003e","in_reply_to_status_id":null,"in_reply_to_status_id_str":null,"in_reply_to_user_id":null,"in_reply_to_user_id_str":null,"in_reply_to_screen_name":null,"user":{"id":45113753,"id_str":"45113753","name":"Pakistan Army","screen_name":"Pakistan_Army","location":"Tutoring My Enemy's Childern","description":"Hunting terrorists during day; spanking & disciplining so called liberals & freelance jurnos in the night. (Trying hard to be Unofficial)","url":"https:\/\/t.co\/pF6JX6yu61","entities":{"url":{"urls":[{"url":"https:\/\/t.co\/pF6JX6yu61","expanded_url":"http:\/\/xerics.blogspot.com","display_url":"xerics.blogspot.com","indices":[0,23]}]},"description":{"urls":[]}},"protected":false,"followers_count":70509,"friends_count":611,"listed_count":220,"created_at":"Sat Jun 06 11:38:21 +0000 2009","favourites_count":828,"utc_offset":18000,"time_zone":"Karachi","geo_enabled":false,"verified":false,"statuses_count":13935,"lang":"en","contributors_enabled":false,"is_translator":false,"is_translation_enabled":false,"profile_background_color":"FFFFFF","profile_background_image_url":"http:\/\/pbs.twimg.com\/profile_background_images\/646174905\/2012-08-29_15-42-09_182.183.255.30.jpg","profile_background_image_url_https":"https:\/\/pbs.twimg.com\/profile_background_images\/646174905\/2012-08-29_15-42-09_182.183.255.30.jpg","profile_background_tile":false,"profile_image_url":"http:\/\/pbs.twimg.com\/profile_images\/679295068931518464\/c1IVRdh0_normal.jpg","profile_image_url_https":"https:\/\/pbs.twimg.com\/profile_images\/679295068931518464\/c1IVRdh0_normal.jpg","profile_banner_url":"https:\/\/pbs.twimg.com\/profile_banners\/45113753\/1419091269","profile_link_color":"07800D","profile_sidebar_border_color":"FFFFFF","profile_sidebar_fill_color":"DDFFCD","profile_text_color":"333333","profile_use_background_image":true,"has_extended_profile":false,"default_profile":false,"default_profile_image":false,"following":false,"follow_request_sent":false,"notifications":false},"geo":null,"coordinates":null,"place":null,"contributors":null,"retweeted_status":{"created_at":"Sat Feb 27 14:24:54 +0000 2016","id":703586608839315456,"id_str":"703586608839315456","text":"Female workers of MQM lodge FIR against MQM chief Altaf Hussain for his harassing speech about egg fertilization. https:\/\/t.co\/PZEQoZOrkM","truncated":false,"source":"\u003ca href=\"http:\/\/twitter.com\/download\/android\" rel=\"nofollow\"\u003eTwitter for Android\u003c\/a\u003e","in_reply_to_status_id":null,"in_reply_to_status_id_str":null,"in_reply_to_user_id":null,"in_reply_to_user_id_str":null,"in_reply_to_screen_name":null,"user":{"id":766204484,"id_str":"766204484","name":"Ground Reality","screen_name":"faujitweets","location":"Pakistan","description":"The shadow that defends, to every inch, on every front, day & night, so you can sleep in peace. Sometimes tweets limited intel \/ info reports.","url":null,"entities":{"description":{"urls":[]}},"protected":false,"followers_count":15256,"friends_count":70,"listed_count":49,"created_at":"Sat Aug 18 18:51:51 +0000 2012","favourites_count":1440,"utc_offset":18000,"time_zone":"Asia\/Karachi","geo_enabled":false,"verified":false,"statuses_count":7494,"lang":"en","contributors_enabled":false,"is_translator":false,"is_translation_enabled":false,"profile_background_color":"000000","profile_background_image_url":"http:\/\/pbs.twimg.com\/profile_background_images\/456497014457389056\/Jtxys7nD.jpeg","profile_background_image_url_https":"https:\/\/pbs.twimg.com\/profile_background_images\/456497014457389056\/Jtxys7nD.jpeg","profile_background_tile":false,"profile_image_url":"http:\/\/pbs.twimg.com\/profile_images\/634589043561512961\/CyVRbnqu_normal.jpg","profile_image_url_https":"https:\/\/pbs.twimg.com\/profile_images\/634589043561512961\/CyVRbnqu_normal.jpg","profile_banner_url":"https:\/\/pbs.twimg.com\/profile_banners\/766204484\/1455616755","profile_link_color":"BD0404","profile_sidebar_border_color":"FFFFFF","profile_sidebar_fill_color":"E3E2DE","profile_text_color":"634047","profile_use_background_image":true,"has_extended_profile":false,"default_profile":false,"default_profile_image":false,"following":false,"follow_request_sent":false,"notifications":false},"geo":null,"coordinates":null,"place":null,"contributors":null,"is_quote_status":false,"retweet_count":41,"favorite_count":49,"entities":{"hashtags":[],"symbols":[],"user_mentions":[],"urls":[],"media":[{"id":703586469403820032,"id_str":"703586469403820032","indices":[114,137],"media_url":"http:\/\/pbs.twimg.com\/media\/CcOkKomWAAA88yk.jpg","media_url_https":"https:\/\/pbs.twimg.com\/media\/CcOkKomWAAA88yk.jpg","url":"https:\/\/t.co\/PZEQoZOrkM","display_url":"pic.twitter.com\/PZEQoZOrkM","expanded_url":"http:\/\/twitter.com\/faujitweets\/status\/703586608839315456\/photo\/1","type":"photo","sizes":{"small":{"w":340,"h":479,"resize":"fit"},"medium":{"w":543,"h":765,"resize":"fit"},"thumb":{"w":150,"h":150,"resize":"crop"},"large":{"w":543,"h":765,"resize":"fit"}}}]},"extended_entities":{"media":[{"id":703586469403820032,"id_str":"703586469403820032","indices":[114,137],"media_url":"http:\/\/pbs.twimg.com\/media\/CcOkKomWAAA88yk.jpg","media_url_https":"https:\/\/pbs.twimg.com\/media\/CcOkKomWAAA88yk.jpg","url":"https:\/\/t.co\/PZEQoZOrkM","display_url":"pic.twitter.com\/PZEQoZOrkM","expanded_url":"http:\/\/twitter.com\/faujitweets\/status\/703586608839315456\/photo\/1","type":"photo","sizes":{"small":{"w":340,"h":479,"resize":"fit"},"medium":{"w":543,"h":765,"resize":"fit"},"thumb":{"w":150,"h":150,"resize":"crop"},"large":{"w":543,"h":765,"resize":"fit"}}}]},"favorited":false,"retweeted":false,"possibly_sensitive":false,"lang":"en"},"is_quote_status":false,"retweet_count":41,"favorite_count":0,"entities":{"hashtags":[],"symbols":[],"user_mentions":[{"screen_name":"faujitweets","name":"Ground Reality","id":766204484,"id_str":"766204484","indices":[3,15]}],"urls":[],"media":[{"id":703586469403820032,"id_str":"703586469403820032","indices":[139,140],"media_url":"http:\/\/pbs.twimg.com\/media\/CcOkKomWAAA88yk.jpg","media_url_https":"https:\/\/pbs.twimg.com\/media\/CcOkKomWAAA88yk.jpg","url":"https:\/\/t.co\/PZEQoZOrkM","display_url":"pic.twitter.com\/PZEQoZOrkM","expanded_url":"http:\/\/twitter.com\/faujitweets\/status\/703586608839315456\/photo\/1","type":"photo","sizes":{"small":{"w":340,"h":479,"resize":"fit"},"medium":{"w":543,"h":765,"resize":"fit"},"thumb":{"w":150,"h":150,"resize":"crop"},"large":{"w":543,"h":765,"resize":"fit"}},"source_status_id":703586608839315456,"source_status_id_str":"703586608839315456","source_user_id":766204484,"source_user_id_str":"766204484"}]},"extended_entities":{"media":[{"id":703586469403820032,"id_str":"703586469403820032","indices":[139,140],"media_url":"http:\/\/pbs.twimg.com\/media\/CcOkKomWAAA88yk.jpg","media_url_https":"https:\/\/pbs.twimg.com\/media\/CcOkKomWAAA88yk.jpg","url":"https:\/\/t.co\/PZEQoZOrkM","display_url":"pic.twitter.com\/PZEQoZOrkM","expanded_url":"http:\/\/twitter.com\/faujitweets\/status\/703586608839315456\/photo\/1","type":"photo","sizes":{"small":{"w":340,"h":479,"resize":"fit"},"medium":{"w":543,"h":765,"resize":"fit"},"thumb":{"w":150,"h":150,"resize":"crop"},"large":{"w":543,"h":765,"resize":"fit"}},"source_status_id":703586608839315456,"source_status_id_str":"703586608839315456","source_user_id":766204484,"source_user_id_str":"766204484"}]},"favorited":false,"retweeted":false,"possibly_sensitive":false,"lang":"en"},{"created_at":"Fri Feb 26 22:27:23 +0000 2016","id":703345641506914307,"id_str":"703345641506914307","text":"RT @faujitweets: Ex Indian COAS Nirmal Chander is currently the director of VIF &amp; he organized the launch ceremony of anti Pak book by Haqq\u2026","truncated":false,"source":"\u003ca href=\"http:\/\/twitter.com\/download\/android\" rel=\"nofollow\"\u003eTwitter for Android\u003c\/a\u003e","in_reply_to_status_id":null,"in_reply_to_status_id_str":null,"in_reply_to_user_id":null,"in_reply_to_user_id_str":null,"in_reply_to_screen_name":null,"user":{"id":45113753,"id_str":"45113753","name":"Pakistan Army","screen_name":"Pakistan_Army","location":"Tutoring My Enemy's Childern","description":"Hunting terrorists during day; spanking & disciplining so called liberals & freelance jurnos in the night. (Trying hard to be Unofficial)","url":"https:\/\/t.co\/pF6JX6yu61","entities":{"url":{"urls":[{"url":"https:\/\/t.co\/pF6JX6yu61","expanded_url":"http:\/\/xerics.blogspot.com","display_url":"xerics.blogspot.com","indices":[0,23]}]},"description":{"urls":[]}},"protected":false,"followers_count":70509,"friends_count":611,"listed_count":220,"created_at":"Sat Jun 06 11:38:21 +0000 2009","favourites_count":828,"utc_offset":18000,"time_zone":"Karachi","geo_enabled":false,"verified":false,"statuses_count":13935,"lang":"en","contributors_enabled":false,"is_translator":false,"is_translation_enabled":false,"profile_background_color":"FFFFFF","profile_background_image_url":"http:\/\/pbs.twimg.com\/profile_background_images\/646174905\/2012-08-29_15-42-09_182.183.255.30.jpg","profile_background_image_url_https":"https:\/\/pbs.twimg.com\/profile_background_images\/646174905\/2012-08-29_15-42-09_182.183.255.30.jpg","profile_background_tile":false,"profile_image_url":"http:\/\/pbs.twimg.com\/profile_images\/679295068931518464\/c1IVRdh0_normal.jpg","profile_image_url_https":"https:\/\/pbs.twimg.com\/profile_images\/679295068931518464\/c1IVRdh0_normal.jpg","profile_banner_url":"https:\/\/pbs.twimg.com\/profile_banners\/45113753\/1419091269","profile_link_color":"07800D","profile_sidebar_border_color":"FFFFFF","profile_sidebar_fill_color":"DDFFCD","profile_text_color":"333333","profile_use_background_image":true,"has_extended_profile":false,"default_profile":false,"default_profile_image":false,"following":false,"follow_request_sent":false,"notifications":false},"geo":null,"coordinates":null,"place":null,"contributors":null,"retweeted_status":{"created_at":"Fri Feb 26 06:50:49 +0000 2016","id":703109947685367809,"id_str":"703109947685367809","text":"Ex Indian COAS Nirmal Chander is currently the director of VIF &amp; he organized the launch ceremony of anti Pak book by Haqqani's wife.\n7\/x","truncated":false,"source":"\u003ca href=\"http:\/\/twitter.com\" rel=\"nofollow\"\u003eTwitter Web Client\u003c\/a\u003e","in_reply_to_status_id":null,"in_reply_to_status_id_str":null,"in_reply_to_user_id":null,"in_reply_to_user_id_str":null,"in_reply_to_screen_name":null,"user":{"id":766204484,"id_str":"766204484","name":"Ground Reality","screen_name":"faujitweets","location":"Pakistan","description":"The shadow that defends, to every inch, on every front, day & night, so you can sleep in peace. Sometimes tweets limited intel \/ info reports.","url":null,"entities":{"description":{"urls":[]}},"protected":false,"followers_count":15256,"friends_count":70,"listed_count":49,"created_at":"Sat Aug 18 18:51:51 +0000 2012","favourites_count":1440,"utc_offset":18000,"time_zone":"Asia\/Karachi","geo_enabled":false,"verified":false,"statuses_count":7494,"lang":"en","contributors_enabled":false,"is_translator":false,"is_translation_enabled":false,"profile_background_color":"000000","profile_background_image_url":"http:\/\/pbs.twimg.com\/profile_background_images\/456497014457389056\/Jtxys7nD.jpeg","profile_background_image_url_https":"https:\/\/pbs.twimg.com\/profile_background_images\/456497014457389056\/Jtxys7nD.jpeg","profile_background_tile":false,"profile_image_url":"http:\/\/pbs.twimg.com\/profile_images\/634589043561512961\/CyVRbnqu_normal.jpg","profile_image_url_https":"https:\/\/pbs.twimg.com\/profile_images\/634589043561512961\/CyVRbnqu_normal.jpg","profile_banner_url":"https:\/\/pbs.twimg.com\/profile_banners\/766204484\/1455616755","profile_link_color":"BD0404","profile_sidebar_border_color":"FFFFFF","profile_sidebar_fill_color":"E3E2DE","profile_text_color":"634047","profile_use_background_image":true,"has_extended_profile":false,"default_profile":false,"default_profile_image":false,"following":false,"follow_request_sent":false,"notifications":false},"geo":null,"coordinates":null,"place":null,"contributors":null,"is_quote_status":false,"retweet_count":132,"favorite_count":124,"entities":{"hashtags":[],"symbols":[],"user_mentions":[],"urls":[]},"favorited":false,"retweeted":false,"lang":"en"},"is_quote_status":false,"retweet_count":132,"favorite_count":0,"entities":{"hashtags":[],"symbols":[],"user_mentions":[{"screen_name":"faujitweets","name":"Ground Reality","id":766204484,"id_str":"766204484","indices":[3,15]}],"urls":[]},"favorited":false,"retweeted":false,"lang":"en"},{"created_at":"Fri Feb 26 22:24:10 +0000 2016","id":703344831565844481,"id_str":"703344831565844481","text":"RT @faujitweets: With all the stated facts about VIF &amp; @husainhaqqani's association with the think tank, one can safely rank him the top pa\u2026","truncated":false,"source":"\u003ca href=\"http:\/\/twitter.com\/download\/android\" rel=\"nofollow\"\u003eTwitter for Android\u003c\/a\u003e","in_reply_to_status_id":null,"in_reply_to_status_id_str":null,"in_reply_to_user_id":null,"in_reply_to_user_id_str":null,"in_reply_to_screen_name":null,"user":{"id":45113753,"id_str":"45113753","name":"Pakistan Army","screen_name":"Pakistan_Army","location":"Tutoring My Enemy's Childern","description":"Hunting terrorists during day; spanking & disciplining so called liberals & freelance jurnos in the night. (Trying hard to be Unofficial)","url":"https:\/\/t.co\/pF6JX6yu61","entities":{"url":{"urls":[{"url":"https:\/\/t.co\/pF6JX6yu61","expanded_url":"http:\/\/xerics.blogspot.com","display_url":"xerics.blogspot.com","indices":[0,23]}]},"description":{"urls":[]}},"protected":false,"followers_count":70509,"friends_count":611,"listed_count":220,"created_at":"Sat Jun 06 11:38:21 +0000 2009","favourites_count":828,"utc_offset":18000,"time_zone":"Karachi","geo_enabled":false,"verified":false,"statuses_count":13935,"lang":"en","contributors_enabled":false,"is_translator":false,"is_translation_enabled":false,"profile_background_color":"FFFFFF","profile_background_image_url":"http:\/\/pbs.twimg.com\/profile_background_images\/646174905\/2012-08-29_15-42-09_182.183.255.30.jpg","profile_background_image_url_https":"https:\/\/pbs.twimg.com\/profile_background_images\/646174905\/2012-08-29_15-42-09_182.183.255.30.jpg","profile_background_tile":false,"profile_image_url":"http:\/\/pbs.twimg.com\/profile_images\/679295068931518464\/c1IVRdh0_normal.jpg","profile_image_url_https":"https:\/\/pbs.twimg.com\/profile_images\/679295068931518464\/c1IVRdh0_normal.jpg","profile_banner_url":"https:\/\/pbs.twimg.com\/profile_banners\/45113753\/1419091269","profile_link_color":"07800D","profile_sidebar_border_color":"FFFFFF","profile_sidebar_fill_color":"DDFFCD","profile_text_color":"333333","profile_use_background_image":true,"has_extended_profile":false,"default_profile":false,"default_profile_image":false,"following":false,"follow_request_sent":false,"notifications":false},"geo":null,"coordinates":null,"place":null,"contributors":null,"retweeted_status":{"created_at":"Fri Feb 26 06:53:02 +0000 2016","id":703110507268431873,"id_str":"703110507268431873","text":"With all the stated facts about VIF &amp; @husainhaqqani's association with the think tank, one can safely rank him the top patriot in Pakistan.","truncated":false,"source":"\u003ca href=\"http:\/\/twitter.com\" rel=\"nofollow\"\u003eTwitter Web Client\u003c\/a\u003e","in_reply_to_status_id":null,"in_reply_to_status_id_str":null,"in_reply_to_user_id":null,"in_reply_to_user_id_str":null,"in_reply_to_screen_name":null,"user":{"id":766204484,"id_str":"766204484","name":"Ground Reality","screen_name":"faujitweets","location":"Pakistan","description":"The shadow that defends, to every inch, on every front, day & night, so you can sleep in peace. Sometimes tweets limited intel \/ info reports.","url":null,"entities":{"description":{"urls":[]}},"protected":false,"followers_count":15256,"friends_count":70,"listed_count":49,"created_at":"Sat Aug 18 18:51:51 +0000 2012","favourites_count":1440,"utc_offset":18000,"time_zone":"Asia\/Karachi","geo_enabled":false,"verified":false,"statuses_count":7494,"lang":"en","contributors_enabled":false,"is_translator":false,"is_translation_enabled":false,"profile_background_color":"000000","profile_background_image_url":"http:\/\/pbs.twimg.com\/profile_background_images\/456497014457389056\/Jtxys7nD.jpeg","profile_background_image_url_https":"https:\/\/pbs.twimg.com\/profile_background_images\/456497014457389056\/Jtxys7nD.jpeg","profile_background_tile":false,"profile_image_url":"http:\/\/pbs.twimg.com\/profile_images\/634589043561512961\/CyVRbnqu_normal.jpg","profile_image_url_https":"https:\/\/pbs.twimg.com\/profile_images\/634589043561512961\/CyVRbnqu_normal.jpg","profile_banner_url":"https:\/\/pbs.twimg.com\/profile_banners\/766204484\/1455616755","profile_link_color":"BD0404","profile_sidebar_border_color":"FFFFFF","profile_sidebar_fill_color":"E3E2DE","profile_text_color":"634047","profile_use_background_image":true,"has_extended_profile":false,"default_profile":false,"default_profile_image":false,"following":false,"follow_request_sent":false,"notifications":false},"geo":null,"coordinates":null,"place":null,"contributors":null,"is_quote_status":false,"retweet_count":165,"favorite_count":140,"entities":{"hashtags":[],"symbols":[],"user_mentions":[{"screen_name":"husainhaqqani","name":"Husain Haqqani","id":80330381,"id_str":"80330381","indices":[42,56]}],"urls":[]},"favorited":false,"retweeted":false,"lang":"en"},"is_quote_status":false,"retweet_count":165,"favorite_count":0,"entities":{"hashtags":[],"symbols":[],"user_mentions":[{"screen_name":"faujitweets","name":"Ground Reality","id":766204484,"id_str":"766204484","indices":[3,15]},{"screen_name":"husainhaqqani","name":"Husain Haqqani","id":80330381,"id_str":"80330381","indices":[59,73]}],"urls":[]},"favorited":false,"retweeted":false,"lang":"en"},{"created_at":"Fri Feb 26 18:24:41 +0000 2016","id":703284567185203200,"id_str":"703284567185203200","text":"\u0627\u06cc\u0645\u0627\u0646 , \u062a\u0642\u0648\u06cc\u0670 , \u062c\u06c1\u0627\u062f \u0641\u06cc \u0633\u0628\u06cc\u0644 \u0627\u0644\u0644\u06c1","truncated":false,"source":"\u003ca href=\"http:\/\/twitter.com\/download\/android\" rel=\"nofollow\"\u003eTwitter for Android\u003c\/a\u003e","in_reply_to_status_id":null,"in_reply_to_status_id_str":null,"in_reply_to_user_id":null,"in_reply_to_user_id_str":null,"in_reply_to_screen_name":null,"user":{"id":45113753,"id_str":"45113753","name":"Pakistan Army","screen_name":"Pakistan_Army","location":"Tutoring My Enemy's Childern","description":"Hunting terrorists during day; spanking & disciplining so called liberals & freelance jurnos in the night. (Trying hard to be Unofficial)","url":"https:\/\/t.co\/pF6JX6yu61","entities":{"url":{"urls":[{"url":"https:\/\/t.co\/pF6JX6yu61","expanded_url":"http:\/\/xerics.blogspot.com","display_url":"xerics.blogspot.com","indices":[0,23]}]},"description":{"urls":[]}},"protected":false,"followers_count":70509,"friends_count":611,"listed_count":220,"created_at":"Sat Jun 06 11:38:21 +0000 2009","favourites_count":828,"utc_offset":18000,"time_zone":"Karachi","geo_enabled":false,"verified":false,"statuses_count":13935,"lang":"en","contributors_enabled":false,"is_translator":false,"is_translation_enabled":false,"profile_background_color":"FFFFFF","profile_background_image_url":"http:\/\/pbs.twimg.com\/profile_background_images\/646174905\/2012-08-29_15-42-09_182.183.255.30.jpg","profile_background_image_url_https":"https:\/\/pbs.twimg.com\/profile_background_images\/646174905\/2012-08-29_15-42-09_182.183.255.30.jpg","profile_background_tile":false,"profile_image_url":"http:\/\/pbs.twimg.com\/profile_images\/679295068931518464\/c1IVRdh0_normal.jpg","profile_image_url_https":"https:\/\/pbs.twimg.com\/profile_images\/679295068931518464\/c1IVRdh0_normal.jpg","profile_banner_url":"https:\/\/pbs.twimg.com\/profile_banners\/45113753\/1419091269","profile_link_color":"07800D","profile_sidebar_border_color":"FFFFFF","profile_sidebar_fill_color":"DDFFCD","profile_text_color":"333333","profile_use_background_image":true,"has_extended_profile":false,"default_profile":false,"default_profile_image":false,"following":false,"follow_request_sent":false,"notifications":false},"geo":null,"coordinates":null,"place":null,"contributors":null,"is_quote_status":false,"retweet_count":18,"favorite_count":55,"entities":{"hashtags":[],"symbols":[],"user_mentions":[],"urls":[]},"favorited":false,"retweeted":false,"lang":"ur"},{"created_at":"Fri Feb 26 13:24:06 +0000 2016","id":703208922186850308,"id_str":"703208922186850308","text":"RT @defencepk: Indian made IED detonating fuses, detonators, cords found from ISIS in Syria and Iraq. #HowIndiaSupportsISIS https:\/\/t.co\/Wt\u2026","truncated":false,"source":"\u003ca href=\"http:\/\/twitter.com\/download\/android\" rel=\"nofollow\"\u003eTwitter for Android\u003c\/a\u003e","in_reply_to_status_id":null,"in_reply_to_status_id_str":null,"in_reply_to_user_id":null,"in_reply_to_user_id_str":null,"in_reply_to_screen_name":null,"user":{"id":45113753,"id_str":"45113753","name":"Pakistan Army","screen_name":"Pakistan_Army","location":"Tutoring My Enemy's Childern","description":"Hunting terrorists during day; spanking & disciplining so called liberals & freelance jurnos in the night. (Trying hard to be Unofficial)","url":"https:\/\/t.co\/pF6JX6yu61","entities":{"url":{"urls":[{"url":"https:\/\/t.co\/pF6JX6yu61","expanded_url":"http:\/\/xerics.blogspot.com","display_url":"xerics.blogspot.com","indices":[0,23]}]},"description":{"urls":[]}},"protected":false,"followers_count":70509,"friends_count":611,"listed_count":220,"created_at":"Sat Jun 06 11:38:21 +0000 2009","favourites_count":828,"utc_offset":18000,"time_zone":"Karachi","geo_enabled":false,"verified":false,"statuses_count":13935,"lang":"en","contributors_enabled":false,"is_translator":false,"is_translation_enabled":false,"profile_background_color":"FFFFFF","profile_background_image_url":"http:\/\/pbs.twimg.com\/profile_background_images\/646174905\/2012-08-29_15-42-09_182.183.255.30.jpg","profile_background_image_url_https":"https:\/\/pbs.twimg.com\/profile_background_images\/646174905\/2012-08-29_15-42-09_182.183.255.30.jpg","profile_background_tile":false,"profile_image_url":"http:\/\/pbs.twimg.com\/profile_images\/679295068931518464\/c1IVRdh0_normal.jpg","profile_image_url_https":"https:\/\/pbs.twimg.com\/profile_images\/679295068931518464\/c1IVRdh0_normal.jpg","profile_banner_url":"https:\/\/pbs.twimg.com\/profile_banners\/45113753\/1419091269","profile_link_color":"07800D","profile_sidebar_border_color":"FFFFFF","profile_sidebar_fill_color":"DDFFCD","profile_text_color":"333333","profile_use_background_image":true,"has_extended_profile":false,"default_profile":false,"default_profile_image":false,"following":false,"follow_request_sent":false,"notifications":false},"geo":null,"coordinates":null,"place":null,"contributors":null,"retweeted_status":{"created_at":"Fri Feb 26 11:25:16 +0000 2016","id":703179015490662400,"id_str":"703179015490662400","text":"Indian made IED detonating fuses, detonators, cords found from ISIS in Syria and Iraq. #HowIndiaSupportsISIS https:\/\/t.co\/WthfpJ7XxS","truncated":false,"source":"\u003ca href=\"http:\/\/twitter.com\" rel=\"nofollow\"\u003eTwitter Web Client\u003c\/a\u003e","in_reply_to_status_id":null,"in_reply_to_status_id_str":null,"in_reply_to_user_id":null,"in_reply_to_user_id_str":null,"in_reply_to_screen_name":null,"user":{"id":63550005,"id_str":"63550005","name":"Pakistan Defence","screen_name":"defencepk","location":"Islamabad Pakistan","description":"Pakistan's largest Battlespace analysis group - Military News - 4GW - CT - COIN - C4ISR - DIGINT - Counter Extremism - Global Security. \nRT \u2260 Endorsement","url":"http:\/\/t.co\/1PlBCmNvO4","entities":{"url":{"urls":[{"url":"http:\/\/t.co\/1PlBCmNvO4","expanded_url":"http:\/\/www.defence.pk\/","display_url":"defence.pk","indices":[0,22]}]},"description":{"urls":[]}},"protected":false,"followers_count":103380,"friends_count":397,"listed_count":478,"created_at":"Thu Aug 06 21:47:08 +0000 2009","favourites_count":1931,"utc_offset":18000,"time_zone":"Islamabad","geo_enabled":true,"verified":false,"statuses_count":101891,"lang":"en","contributors_enabled":false,"is_translator":false,"is_translation_enabled":false,"profile_background_color":"000000","profile_background_image_url":"http:\/\/pbs.twimg.com\/profile_background_images\/589603664655818752\/C_79CLdG.jpg","profile_background_image_url_https":"https:\/\/pbs.twimg.com\/profile_background_images\/589603664655818752\/C_79CLdG.jpg","profile_background_tile":true,"profile_image_url":"http:\/\/pbs.twimg.com\/profile_images\/580159699363868672\/MEvsjKEf_normal.png","profile_image_url_https":"https:\/\/pbs.twimg.com\/profile_images\/580159699363868672\/MEvsjKEf_normal.png","profile_banner_url":"https:\/\/pbs.twimg.com\/profile_banners\/63550005\/1456770786","profile_link_color":"4A913C","profile_sidebar_border_color":"000000","profile_sidebar_fill_color":"000000","profile_text_color":"000000","profile_use_background_image":true,"has_extended_profile":false,"default_profile":false,"default_profile_image":false,"following":false,"follow_request_sent":false,"notifications":false},"geo":null,"coordinates":null,"place":null,"contributors":null,"is_quote_status":false,"retweet_count":124,"favorite_count":91,"entities":{"hashtags":[{"text":"HowIndiaSupportsISIS","indices":[87,108]}],"symbols":[],"user_mentions":[],"urls":[],"media":[{"id":703179007823446016,"id_str":"703179007823446016","indices":[109,132],"media_url":"http:\/\/pbs.twimg.com\/media\/CcIxlP7UAAAJTPa.jpg","media_url_https":"https:\/\/pbs.twimg.com\/media\/CcIxlP7UAAAJTPa.jpg","url":"https:\/\/t.co\/WthfpJ7XxS","display_url":"pic.twitter.com\/WthfpJ7XxS","expanded_url":"http:\/\/twitter.com\/defencepk\/status\/703179015490662400\/photo\/1","type":"photo","sizes":{"small":{"w":493,"h":494,"resize":"fit"},"medium":{"w":493,"h":494,"resize":"fit"},"thumb":{"w":150,"h":150,"resize":"crop"},"large":{"w":493,"h":494,"resize":"fit"}}}]},"extended_entities":{"media":[{"id":703179007823446016,"id_str":"703179007823446016","indices":[109,132],"media_url":"http:\/\/pbs.twimg.com\/media\/CcIxlP7UAAAJTPa.jpg","media_url_https":"https:\/\/pbs.twimg.com\/media\/CcIxlP7UAAAJTPa.jpg","url":"https:\/\/t.co\/WthfpJ7XxS","display_url":"pic.twitter.com\/WthfpJ7XxS","expanded_url":"http:\/\/twitter.com\/defencepk\/status\/703179015490662400\/photo\/1","type":"photo","sizes":{"small":{"w":493,"h":494,"resize":"fit"},"medium":{"w":493,"h":494,"resize":"fit"},"thumb":{"w":150,"h":150,"resize":"crop"},"large":{"w":493,"h":494,"resize":"fit"}}},{"id":703179010021265408,"id_str":"703179010021265408","indices":[109,132],"media_url":"http:\/\/pbs.twimg.com\/media\/CcIxlYHUEAA8a7Z.jpg","media_url_https":"https:\/\/pbs.twimg.com\/media\/CcIxlYHUEAA8a7Z.jpg","url":"https:\/\/t.co\/WthfpJ7XxS","display_url":"pic.twitter.com\/WthfpJ7XxS","expanded_url":"http:\/\/twitter.com\/defencepk\/status\/703179015490662400\/photo\/1","type":"photo","sizes":{"large":{"w":474,"h":540,"resize":"fit"},"small":{"w":474,"h":540,"resize":"fit"},"thumb":{"w":150,"h":150,"resize":"crop"},"medium":{"w":474,"h":540,"resize":"fit"}}},{"id":703179001548771328,"id_str":"703179001548771328","indices":[109,132],"media_url":"http:\/\/pbs.twimg.com\/media\/CcIxk4jUEAAvCY9.jpg","media_url_https":"https:\/\/pbs.twimg.com\/media\/CcIxk4jUEAAvCY9.jpg","url":"https:\/\/t.co\/WthfpJ7XxS","display_url":"pic.twitter.com\/WthfpJ7XxS","expanded_url":"http:\/\/twitter.com\/defencepk\/status\/703179015490662400\/photo\/1","type":"photo","sizes":{"large":{"w":458,"h":443,"resize":"fit"},"thumb":{"w":150,"h":150,"resize":"crop"},"small":{"w":458,"h":443,"resize":"fit"},"medium":{"w":458,"h":443,"resize":"fit"}}},{"id":703179011984207872,"id_str":"703179011984207872","indices":[109,132],"media_url":"http:\/\/pbs.twimg.com\/media\/CcIxlfbUMAAkWRi.jpg","media_url_https":"https:\/\/pbs.twimg.com\/media\/CcIxlfbUMAAkWRi.jpg","url":"https:\/\/t.co\/WthfpJ7XxS","display_url":"pic.twitter.com\/WthfpJ7XxS","expanded_url":"http:\/\/twitter.com\/defencepk\/status\/703179015490662400\/photo\/1","type":"photo","sizes":{"large":{"w":497,"h":546,"resize":"fit"},"small":{"w":497,"h":546,"resize":"fit"},"thumb":{"w":150,"h":150,"resize":"crop"},"medium":{"w":497,"h":546,"resize":"fit"}}}]},"favorited":false,"retweeted":false,"possibly_sensitive":false,"lang":"en"},"is_quote_status":false,"retweet_count":124,"favorite_count":0,"entities":{"hashtags":[{"text":"HowIndiaSupportsISIS","indices":[102,123]}],"symbols":[],"user_mentions":[{"screen_name":"defencepk","name":"Pakistan Defence","id":63550005,"id_str":"63550005","indices":[3,13]}],"urls":[],"media":[{"id":703179007823446016,"id_str":"703179007823446016","indices":[124,140],"media_url":"http:\/\/pbs.twimg.com\/media\/CcIxlP7UAAAJTPa.jpg","media_url_https":"https:\/\/pbs.twimg.com\/media\/CcIxlP7UAAAJTPa.jpg","url":"https:\/\/t.co\/WthfpJ7XxS","display_url":"pic.twitter.com\/WthfpJ7XxS","expanded_url":"http:\/\/twitter.com\/defencepk\/status\/703179015490662400\/photo\/1","type":"photo","sizes":{"small":{"w":493,"h":494,"resize":"fit"},"medium":{"w":493,"h":494,"resize":"fit"},"thumb":{"w":150,"h":150,"resize":"crop"},"large":{"w":493,"h":494,"resize":"fit"}},"source_status_id":703179015490662400,"source_status_id_str":"703179015490662400","source_user_id":63550005,"source_user_id_str":"63550005"}]},"extended_entities":{"media":[{"id":703179007823446016,"id_str":"703179007823446016","indices":[124,140],"media_url":"http:\/\/pbs.twimg.com\/media\/CcIxlP7UAAAJTPa.jpg","media_url_https":"https:\/\/pbs.twimg.com\/media\/CcIxlP7UAAAJTPa.jpg","url":"https:\/\/t.co\/WthfpJ7XxS","display_url":"pic.twitter.com\/WthfpJ7XxS","expanded_url":"http:\/\/twitter.com\/defencepk\/status\/703179015490662400\/photo\/1","type":"photo","sizes":{"small":{"w":493,"h":494,"resize":"fit"},"medium":{"w":493,"h":494,"resize":"fit"},"thumb":{"w":150,"h":150,"resize":"crop"},"large":{"w":493,"h":494,"resize":"fit"}},"source_status_id":703179015490662400,"source_status_id_str":"703179015490662400","source_user_id":63550005,"source_user_id_str":"63550005"},{"id":703179010021265408,"id_str":"703179010021265408","indices":[124,140],"media_url":"http:\/\/pbs.twimg.com\/media\/CcIxlYHUEAA8a7Z.jpg","media_url_https":"https:\/\/pbs.twimg.com\/media\/CcIxlYHUEAA8a7Z.jpg","url":"https:\/\/t.co\/WthfpJ7XxS","display_url":"pic.twitter.com\/WthfpJ7XxS","expanded_url":"http:\/\/twitter.com\/defencepk\/status\/703179015490662400\/photo\/1","type":"photo","sizes":{"large":{"w":474,"h":540,"resize":"fit"},"small":{"w":474,"h":540,"resize":"fit"},"thumb":{"w":150,"h":150,"resize":"crop"},"medium":{"w":474,"h":540,"resize":"fit"}},"source_status_id":703179015490662400,"source_status_id_str":"703179015490662400","source_user_id":63550005,"source_user_id_str":"63550005"},{"id":703179001548771328,"id_str":"703179001548771328","indices":[124,140],"media_url":"http:\/\/pbs.twimg.com\/media\/CcIxk4jUEAAvCY9.jpg","media_url_https":"https:\/\/pbs.twimg.com\/media\/CcIxk4jUEAAvCY9.jpg","url":"https:\/\/t.co\/WthfpJ7XxS","display_url":"pic.twitter.com\/WthfpJ7XxS","expanded_url":"http:\/\/twitter.com\/defencepk\/status\/703179015490662400\/photo\/1","type":"photo","sizes":{"large":{"w":458,"h":443,"resize":"fit"},"thumb":{"w":150,"h":150,"resize":"crop"},"small":{"w":458,"h":443,"resize":"fit"},"medium":{"w":458,"h":443,"resize":"fit"}},"source_status_id":703179015490662400,"source_status_id_str":"703179015490662400","source_user_id":63550005,"source_user_id_str":"63550005"},{"id":703179011984207872,"id_str":"703179011984207872","indices":[124,140],"media_url":"http:\/\/pbs.twimg.com\/media\/CcIxlfbUMAAkWRi.jpg","media_url_https":"https:\/\/pbs.twimg.com\/media\/CcIxlfbUMAAkWRi.jpg","url":"https:\/\/t.co\/WthfpJ7XxS","display_url":"pic.twitter.com\/WthfpJ7XxS","expanded_url":"http:\/\/twitter.com\/defencepk\/status\/703179015490662400\/photo\/1","type":"photo","sizes":{"large":{"w":497,"h":546,"resize":"fit"},"small":{"w":497,"h":546,"resize":"fit"},"thumb":{"w":150,"h":150,"resize":"crop"},"medium":{"w":497,"h":546,"resize":"fit"}},"source_status_id":703179015490662400,"source_status_id_str":"703179015490662400","source_user_id":63550005,"source_user_id_str":"63550005"}]},"favorited":false,"retweeted":false,"possibly_sensitive":false,"lang":"en"}]