[{"created_at":"Thu Mar 24 06:00:17 +0000 2016","id":712881701702094848,"id_str":"712881701702094848","text":"Born this day in 1862: Nathaniel Reed, legendary Wild West robber of banks and trains who later became a preacher. https:\/\/t.co\/vpQMl92kAh","truncated":false,"source":"\u003ca href=\"https:\/\/about.twitter.com\/products\/tweetdeck\" rel=\"nofollow\"\u003eTweetDeck\u003c\/a\u003e","in_reply_to_status_id":null,"in_reply_to_status_id_str":null,"in_reply_to_user_id":null,"in_reply_to_user_id_str":null,"in_reply_to_screen_name":null,"user":{"id":86390214,"id_str":"86390214","name":"Wikipedia","screen_name":"Wikipedia","location":"","description":"The official Twitter account for the sum of all knowledge, Wikipedia.","url":"https:\/\/t.co\/43xScc9Inr","entities":{"url":{"urls":[{"url":"https:\/\/t.co\/43xScc9Inr","expanded_url":"https:\/\/www.wikipedia.org\/","display_url":"wikipedia.org","indices":[0,23]}]},"description":{"urls":[]}},"protected":false,"followers_count":332729,"friends_count":564,"listed_count":3759,"created_at":"Fri Oct 30 20:29:14 +0000 2009","favourites_count":763,"utc_offset":-25200,"time_zone":"Pacific Time (US & Canada)","geo_enabled":false,"verified":true,"statuses_count":6208,"lang":"en","contributors_enabled":false,"is_translator":false,"is_translation_enabled":false,"profile_background_color":"FFFFFF","profile_background_image_url":"http:\/\/pbs.twimg.com\/profile_background_images\/102504840\/newFIXED_Twitter_Background.jpg","profile_background_image_url_https":"https:\/\/pbs.twimg.com\/profile_background_images\/102504840\/newFIXED_Twitter_Background.jpg","profile_background_tile":false,"profile_image_url":"http:\/\/pbs.twimg.com\/profile_images\/688385114129043456\/nZXfdUQq_normal.jpg","profile_image_url_https":"https:\/\/pbs.twimg.com\/profile_images\/688385114129043456\/nZXfdUQq_normal.jpg","profile_banner_url":"https:\/\/pbs.twimg.com\/profile_banners\/86390214\/1452841990","profile_link_color":"347BFF","profile_sidebar_border_color":"FFFFFF","profile_sidebar_fill_color":"DDEEF6","profile_text_color":"333333","profile_use_background_image":false,"has_extended_profile":false,"default_profile":false,"default_profile_image":false,"following":false,"follow_request_sent":false,"notifications":false},"geo":null,"coordinates":null,"place":null,"contributors":null,"is_quote_status":false,"retweet_count":2,"favorite_count":6,"entities":{"hashtags":[],"symbols":[],"user_mentions":[],"urls":[{"url":"https:\/\/t.co\/vpQMl92kAh","expanded_url":"https:\/\/en.wikipedia.org\/wiki\/Nathaniel_Reed","display_url":"en.wikipedia.org\/wiki\/Nathaniel\u2026","indices":[115,138]}]},"favorited":false,"retweeted":false,"possibly_sensitive":false,"lang":"en"},{"created_at":"Thu Mar 24 04:00:14 +0000 2016","id":712851491174744064,"id_str":"712851491174744064","text":"Born this day in 1953: \u201cQueen of Funk\u201d Chaka Khan, first R&amp;B artist to feature a rapper in a single. @chakakhan https:\/\/t.co\/3Z09uTBo8V","truncated":false,"source":"\u003ca href=\"https:\/\/about.twitter.com\/products\/tweetdeck\" rel=\"nofollow\"\u003eTweetDeck\u003c\/a\u003e","in_reply_to_status_id":null,"in_reply_to_status_id_str":null,"in_reply_to_user_id":null,"in_reply_to_user_id_str":null,"in_reply_to_screen_name":null,"user":{"id":86390214,"id_str":"86390214","name":"Wikipedia","screen_name":"Wikipedia","location":"","description":"The official Twitter account for the sum of all knowledge, Wikipedia.","url":"https:\/\/t.co\/43xScc9Inr","entities":{"url":{"urls":[{"url":"https:\/\/t.co\/43xScc9Inr","expanded_url":"https:\/\/www.wikipedia.org\/","display_url":"wikipedia.org","indices":[0,23]}]},"description":{"urls":[]}},"protected":false,"followers_count":332729,"friends_count":564,"listed_count":3759,"created_at":"Fri Oct 30 20:29:14 +0000 2009","favourites_count":763,"utc_offset":-25200,"time_zone":"Pacific Time (US & Canada)","geo_enabled":false,"verified":true,"statuses_count":6208,"lang":"en","contributors_enabled":false,"is_translator":false,"is_translation_enabled":false,"profile_background_color":"FFFFFF","profile_background_image_url":"http:\/\/pbs.twimg.com\/profile_background_images\/102504840\/newFIXED_Twitter_Background.jpg","profile_background_image_url_https":"https:\/\/pbs.twimg.com\/profile_background_images\/102504840\/newFIXED_Twitter_Background.jpg","profile_background_tile":false,"profile_image_url":"http:\/\/pbs.twimg.com\/profile_images\/688385114129043456\/nZXfdUQq_normal.jpg","profile_image_url_https":"https:\/\/pbs.twimg.com\/profile_images\/688385114129043456\/nZXfdUQq_normal.jpg","profile_banner_url":"https:\/\/pbs.twimg.com\/profile_banners\/86390214\/1452841990","profile_link_color":"347BFF","profile_sidebar_border_color":"FFFFFF","profile_sidebar_fill_color":"DDEEF6","profile_text_color":"333333","profile_use_background_image":false,"has_extended_profile":false,"default_profile":false,"default_profile_image":false,"following":false,"follow_request_sent":false,"notifications":false},"geo":null,"coordinates":null,"place":null,"contributors":null,"is_quote_status":false,"retweet_count":4,"favorite_count":6,"entities":{"hashtags":[],"symbols":[],"user_mentions":[{"screen_name":"ChakaKhan","name":"Chaka Khan","id":29861904,"id_str":"29861904","indices":[105,115]}],"urls":[{"url":"https:\/\/t.co\/3Z09uTBo8V","expanded_url":"https:\/\/en.wikipedia.org\/wiki\/Chaka_Khan","display_url":"en.wikipedia.org\/wiki\/Chaka_Khan","indices":[116,139]}]},"favorited":false,"retweeted":false,"possibly_sensitive":false,"lang":"en"},{"created_at":"Thu Mar 24 03:00:20 +0000 2016","id":712836418033192960,"id_str":"712836418033192960","text":"This day in 1857, the first modern passenger elevator was installed at 488 Broadway in New York City.  https:\/\/t.co\/pNB4JgO98G","truncated":false,"source":"\u003ca href=\"https:\/\/about.twitter.com\/products\/tweetdeck\" rel=\"nofollow\"\u003eTweetDeck\u003c\/a\u003e","in_reply_to_status_id":null,"in_reply_to_status_id_str":null,"in_reply_to_user_id":null,"in_reply_to_user_id_str":null,"in_reply_to_screen_name":null,"user":{"id":86390214,"id_str":"86390214","name":"Wikipedia","screen_name":"Wikipedia","location":"","description":"The official Twitter account for the sum of all knowledge, Wikipedia.","url":"https:\/\/t.co\/43xScc9Inr","entities":{"url":{"urls":[{"url":"https:\/\/t.co\/43xScc9Inr","expanded_url":"https:\/\/www.wikipedia.org\/","display_url":"wikipedia.org","indices":[0,23]}]},"description":{"urls":[]}},"protected":false,"followers_count":332729,"friends_count":564,"listed_count":3759,"created_at":"Fri Oct 30 20:29:14 +0000 2009","favourites_count":763,"utc_offset":-25200,"time_zone":"Pacific Time (US & Canada)","geo_enabled":false,"verified":true,"statuses_count":6208,"lang":"en","contributors_enabled":false,"is_translator":false,"is_translation_enabled":false,"profile_background_color":"FFFFFF","profile_background_image_url":"http:\/\/pbs.twimg.com\/profile_background_images\/102504840\/newFIXED_Twitter_Background.jpg","profile_background_image_url_https":"https:\/\/pbs.twimg.com\/profile_background_images\/102504840\/newFIXED_Twitter_Background.jpg","profile_background_tile":false,"profile_image_url":"http:\/\/pbs.twimg.com\/profile_images\/688385114129043456\/nZXfdUQq_normal.jpg","profile_image_url_https":"https:\/\/pbs.twimg.com\/profile_images\/688385114129043456\/nZXfdUQq_normal.jpg","profile_banner_url":"https:\/\/pbs.twimg.com\/profile_banners\/86390214\/1452841990","profile_link_color":"347BFF","profile_sidebar_border_color":"FFFFFF","profile_sidebar_fill_color":"DDEEF6","profile_text_color":"333333","profile_use_background_image":false,"has_extended_profile":false,"default_profile":false,"default_profile_image":false,"following":false,"follow_request_sent":false,"notifications":false},"geo":null,"coordinates":null,"place":null,"contributors":null,"is_quote_status":false,"retweet_count":10,"favorite_count":10,"entities":{"hashtags":[],"symbols":[],"user_mentions":[],"urls":[{"url":"https:\/\/t.co\/pNB4JgO98G","expanded_url":"https:\/\/en.wikipedia.org\/wiki\/Elevator","display_url":"en.wikipedia.org\/wiki\/Elevator","indices":[103,126]}]},"favorited":false,"retweeted":false,"possibly_sensitive":false,"lang":"en"},{"created_at":"Thu Mar 24 01:15:51 +0000 2016","id":712810123333230592,"id_str":"712810123333230592","text":"\"Holi\" on @Wikipedia: https:\/\/t.co\/1JyYzOg0Vj https:\/\/t.co\/nd0MtUWefA","truncated":false,"source":"\u003ca href=\"http:\/\/twitter.com\/download\/iphone\" rel=\"nofollow\"\u003eTwitter for iPhone\u003c\/a\u003e","in_reply_to_status_id":null,"in_reply_to_status_id_str":null,"in_reply_to_user_id":null,"in_reply_to_user_id_str":null,"in_reply_to_screen_name":null,"user":{"id":86390214,"id_str":"86390214","name":"Wikipedia","screen_name":"Wikipedia","location":"","description":"The official Twitter account for the sum of all knowledge, Wikipedia.","url":"https:\/\/t.co\/43xScc9Inr","entities":{"url":{"urls":[{"url":"https:\/\/t.co\/43xScc9Inr","expanded_url":"https:\/\/www.wikipedia.org\/","display_url":"wikipedia.org","indices":[0,23]}]},"description":{"urls":[]}},"protected":false,"followers_count":332729,"friends_count":564,"listed_count":3759,"created_at":"Fri Oct 30 20:29:14 +0000 2009","favourites_count":763,"utc_offset":-25200,"time_zone":"Pacific Time (US & Canada)","geo_enabled":false,"verified":true,"statuses_count":6208,"lang":"en","contributors_enabled":false,"is_translator":false,"is_translation_enabled":false,"profile_background_color":"FFFFFF","profile_background_image_url":"http:\/\/pbs.twimg.com\/profile_background_images\/102504840\/newFIXED_Twitter_Background.jpg","profile_background_image_url_https":"https:\/\/pbs.twimg.com\/profile_background_images\/102504840\/newFIXED_Twitter_Background.jpg","profile_background_tile":false,"profile_image_url":"http:\/\/pbs.twimg.com\/profile_images\/688385114129043456\/nZXfdUQq_normal.jpg","profile_image_url_https":"https:\/\/pbs.twimg.com\/profile_images\/688385114129043456\/nZXfdUQq_normal.jpg","profile_banner_url":"https:\/\/pbs.twimg.com\/profile_banners\/86390214\/1452841990","profile_link_color":"347BFF","profile_sidebar_border_color":"FFFFFF","profile_sidebar_fill_color":"DDEEF6","profile_text_color":"333333","profile_use_background_image":false,"has_extended_profile":false,"default_profile":false,"default_profile_image":false,"following":false,"follow_request_sent":false,"notifications":false},"geo":null,"coordinates":null,"place":null,"contributors":null,"is_quote_status":false,"retweet_count":9,"favorite_count":20,"entities":{"hashtags":[],"symbols":[],"user_mentions":[{"screen_name":"Wikipedia","name":"Wikipedia","id":86390214,"id_str":"86390214","indices":[10,20]}],"urls":[{"url":"https:\/\/t.co\/1JyYzOg0Vj","expanded_url":"https:\/\/en.wikipedia.org\/wiki\/Holi?wprov=sfii1","display_url":"en.wikipedia.org\/wiki\/Holi?wpro\u2026","indices":[22,45]}],"media":[{"id":712810123211583492,"id_str":"712810123211583492","indices":[46,69],"media_url":"http:\/\/pbs.twimg.com\/media\/CeRpB8pUMAQoKmV.jpg","media_url_https":"https:\/\/pbs.twimg.com\/media\/CeRpB8pUMAQoKmV.jpg","url":"https:\/\/t.co\/nd0MtUWefA","display_url":"pic.twitter.com\/nd0MtUWefA","expanded_url":"http:\/\/twitter.com\/Wikipedia\/status\/712810123333230592\/photo\/1","type":"photo","sizes":{"small":{"w":340,"h":191,"resize":"fit"},"thumb":{"w":150,"h":150,"resize":"crop"},"large":{"w":1024,"h":576,"resize":"fit"},"medium":{"w":600,"h":338,"resize":"fit"}}}]},"extended_entities":{"media":[{"id":712810123211583492,"id_str":"712810123211583492","indices":[46,69],"media_url":"http:\/\/pbs.twimg.com\/media\/CeRpB8pUMAQoKmV.jpg","media_url_https":"https:\/\/pbs.twimg.com\/media\/CeRpB8pUMAQoKmV.jpg","url":"https:\/\/t.co\/nd0MtUWefA","display_url":"pic.twitter.com\/nd0MtUWefA","expanded_url":"http:\/\/twitter.com\/Wikipedia\/status\/712810123333230592\/photo\/1","type":"photo","sizes":{"small":{"w":340,"h":191,"resize":"fit"},"thumb":{"w":150,"h":150,"resize":"crop"},"large":{"w":1024,"h":576,"resize":"fit"},"medium":{"w":600,"h":338,"resize":"fit"}}}]},"favorited":false,"retweeted":false,"possibly_sensitive":false,"lang":"et"},{"created_at":"Thu Mar 24 00:51:11 +0000 2016","id":712803916220465152,"id_str":"712803916220465152","text":"The Bacon Explosion has more than 5,000 calories per serving. But it is low-carb. https:\/\/t.co\/Z06gkKiuB0","truncated":false,"source":"\u003ca href=\"https:\/\/about.twitter.com\/products\/tweetdeck\" rel=\"nofollow\"\u003eTweetDeck\u003c\/a\u003e","in_reply_to_status_id":null,"in_reply_to_status_id_str":null,"in_reply_to_user_id":null,"in_reply_to_user_id_str":null,"in_reply_to_screen_name":null,"user":{"id":86390214,"id_str":"86390214","name":"Wikipedia","screen_name":"Wikipedia","location":"","description":"The official Twitter account for the sum of all knowledge, Wikipedia.","url":"https:\/\/t.co\/43xScc9Inr","entities":{"url":{"urls":[{"url":"https:\/\/t.co\/43xScc9Inr","expanded_url":"https:\/\/www.wikipedia.org\/","display_url":"wikipedia.org","indices":[0,23]}]},"description":{"urls":[]}},"protected":false,"followers_count":332729,"friends_count":564,"listed_count":3759,"created_at":"Fri Oct 30 20:29:14 +0000 2009","favourites_count":763,"utc_offset":-25200,"time_zone":"Pacific Time (US & Canada)","geo_enabled":false,"verified":true,"statuses_count":6208,"lang":"en","contributors_enabled":false,"is_translator":false,"is_translation_enabled":false,"profile_background_color":"FFFFFF","profile_background_image_url":"http:\/\/pbs.twimg.com\/profile_background_images\/102504840\/newFIXED_Twitter_Background.jpg","profile_background_image_url_https":"https:\/\/pbs.twimg.com\/profile_background_images\/102504840\/newFIXED_Twitter_Background.jpg","profile_background_tile":false,"profile_image_url":"http:\/\/pbs.twimg.com\/profile_images\/688385114129043456\/nZXfdUQq_normal.jpg","profile_image_url_https":"https:\/\/pbs.twimg.com\/profile_images\/688385114129043456\/nZXfdUQq_normal.jpg","profile_banner_url":"https:\/\/pbs.twimg.com\/profile_banners\/86390214\/1452841990","profile_link_color":"347BFF","profile_sidebar_border_color":"FFFFFF","profile_sidebar_fill_color":"DDEEF6","profile_text_color":"333333","profile_use_background_image":false,"has_extended_profile":false,"default_profile":false,"default_profile_image":false,"following":false,"follow_request_sent":false,"notifications":false},"geo":null,"coordinates":null,"place":null,"contributors":null,"is_quote_status":false,"retweet_count":2,"favorite_count":6,"entities":{"hashtags":[],"symbols":[],"user_mentions":[],"urls":[{"url":"https:\/\/t.co\/Z06gkKiuB0","expanded_url":"https:\/\/en.wikipedia.org\/wiki\/Bacon_Explosion","display_url":"en.wikipedia.org\/wiki\/Bacon_Exp\u2026","indices":[82,105]}]},"favorited":false,"retweeted":false,"possibly_sensitive":false,"lang":"en"},{"created_at":"Wed Mar 23 21:59:39 +0000 2016","id":712760746916978688,"id_str":"712760746916978688","text":"Someone said \"But is #puppyday just for dogs?\" That would be sad. : ( NOT if you wear a hat! Then you're in. Ahhh. https:\/\/t.co\/xFvIOsG9CK","truncated":false,"source":"\u003ca href=\"https:\/\/about.twitter.com\/products\/tweetdeck\" rel=\"nofollow\"\u003eTweetDeck\u003c\/a\u003e","in_reply_to_status_id":null,"in_reply_to_status_id_str":null,"in_reply_to_user_id":null,"in_reply_to_user_id_str":null,"in_reply_to_screen_name":null,"user":{"id":86390214,"id_str":"86390214","name":"Wikipedia","screen_name":"Wikipedia","location":"","description":"The official Twitter account for the sum of all knowledge, Wikipedia.","url":"https:\/\/t.co\/43xScc9Inr","entities":{"url":{"urls":[{"url":"https:\/\/t.co\/43xScc9Inr","expanded_url":"https:\/\/www.wikipedia.org\/","display_url":"wikipedia.org","indices":[0,23]}]},"description":{"urls":[]}},"protected":false,"followers_count":332729,"friends_count":564,"listed_count":3759,"created_at":"Fri Oct 30 20:29:14 +0000 2009","favourites_count":763,"utc_offset":-25200,"time_zone":"Pacific Time (US & Canada)","geo_enabled":false,"verified":true,"statuses_count":6208,"lang":"en","contributors_enabled":false,"is_translator":false,"is_translation_enabled":false,"profile_background_color":"FFFFFF","profile_background_image_url":"http:\/\/pbs.twimg.com\/profile_background_images\/102504840\/newFIXED_Twitter_Background.jpg","profile_background_image_url_https":"https:\/\/pbs.twimg.com\/profile_background_images\/102504840\/newFIXED_Twitter_Background.jpg","profile_background_tile":false,"profile_image_url":"http:\/\/pbs.twimg.com\/profile_images\/688385114129043456\/nZXfdUQq_normal.jpg","profile_image_url_https":"https:\/\/pbs.twimg.com\/profile_images\/688385114129043456\/nZXfdUQq_normal.jpg","profile_banner_url":"https:\/\/pbs.twimg.com\/profile_banners\/86390214\/1452841990","profile_link_color":"347BFF","profile_sidebar_border_color":"FFFFFF","profile_sidebar_fill_color":"DDEEF6","profile_text_color":"333333","profile_use_background_image":false,"has_extended_profile":false,"default_profile":false,"default_profile_image":false,"following":false,"follow_request_sent":false,"notifications":false},"geo":null,"coordinates":null,"place":null,"contributors":null,"is_quote_status":false,"retweet_count":14,"favorite_count":20,"entities":{"hashtags":[{"text":"puppyday","indices":[21,30]}],"symbols":[],"user_mentions":[],"urls":[],"media":[{"id":712759870311673856,"id_str":"712759870311673856","indices":[115,138],"media_url":"http:\/\/pbs.twimg.com\/media\/CeQ7U2AUsAAG5fb.jpg","media_url_https":"https:\/\/pbs.twimg.com\/media\/CeQ7U2AUsAAG5fb.jpg","url":"https:\/\/t.co\/xFvIOsG9CK","display_url":"pic.twitter.com\/xFvIOsG9CK","expanded_url":"http:\/\/twitter.com\/Wikipedia\/status\/712760746916978688\/photo\/1","type":"photo","sizes":{"large":{"w":1024,"h":681,"resize":"fit"},"medium":{"w":600,"h":399,"resize":"fit"},"thumb":{"w":150,"h":150,"resize":"crop"},"small":{"w":340,"h":226,"resize":"fit"}}}]},"extended_entities":{"media":[{"id":712759870311673856,"id_str":"712759870311673856","indices":[115,138],"media_url":"http:\/\/pbs.twimg.com\/media\/CeQ7U2AUsAAG5fb.jpg","media_url_https":"https:\/\/pbs.twimg.com\/media\/CeQ7U2AUsAAG5fb.jpg","url":"https:\/\/t.co\/xFvIOsG9CK","display_url":"pic.twitter.com\/xFvIOsG9CK","expanded_url":"http:\/\/twitter.com\/Wikipedia\/status\/712760746916978688\/photo\/1","type":"photo","sizes":{"large":{"w":1024,"h":681,"resize":"fit"},"medium":{"w":600,"h":399,"resize":"fit"},"thumb":{"w":150,"h":150,"resize":"crop"},"small":{"w":340,"h":226,"resize":"fit"}}},{"id":712760217960714240,"id_str":"712760217960714240","indices":[115,138],"media_url":"http:\/\/pbs.twimg.com\/media\/CeQ7pFGUEAAieeK.jpg","media_url_https":"https:\/\/pbs.twimg.com\/media\/CeQ7pFGUEAAieeK.jpg","url":"https:\/\/t.co\/xFvIOsG9CK","display_url":"pic.twitter.com\/xFvIOsG9CK","expanded_url":"http:\/\/twitter.com\/Wikipedia\/status\/712760746916978688\/photo\/1","type":"photo","sizes":{"small":{"w":340,"h":227,"resize":"fit"},"medium":{"w":600,"h":400,"resize":"fit"},"thumb":{"w":150,"h":150,"resize":"crop"},"large":{"w":800,"h":533,"resize":"fit"}}},{"id":712760365864456192,"id_str":"712760365864456192","indices":[115,138],"media_url":"http:\/\/pbs.twimg.com\/media\/CeQ7xsFUEAApspf.jpg","media_url_https":"https:\/\/pbs.twimg.com\/media\/CeQ7xsFUEAApspf.jpg","url":"https:\/\/t.co\/xFvIOsG9CK","display_url":"pic.twitter.com\/xFvIOsG9CK","expanded_url":"http:\/\/twitter.com\/Wikipedia\/status\/712760746916978688\/photo\/1","type":"photo","sizes":{"large":{"w":1024,"h":768,"resize":"fit"},"thumb":{"w":150,"h":150,"resize":"crop"},"medium":{"w":600,"h":450,"resize":"fit"},"small":{"w":340,"h":255,"resize":"fit"}}}]},"favorited":false,"retweeted":false,"possibly_sensitive":false,"lang":"en"},{"created_at":"Wed Mar 23 21:53:36 +0000 2016","id":712759227429756929,"id_str":"712759227429756929","text":"There we were, relaxing. Someone said \"IT'S NATIONAL #PUPPYDAY!\" We said, \"!\" and got here as fast as we could. https:\/\/t.co\/vHR7VfxXCk","truncated":false,"source":"\u003ca href=\"https:\/\/about.twitter.com\/products\/tweetdeck\" rel=\"nofollow\"\u003eTweetDeck\u003c\/a\u003e","in_reply_to_status_id":null,"in_reply_to_status_id_str":null,"in_reply_to_user_id":null,"in_reply_to_user_id_str":null,"in_reply_to_screen_name":null,"user":{"id":86390214,"id_str":"86390214","name":"Wikipedia","screen_name":"Wikipedia","location":"","description":"The official Twitter account for the sum of all knowledge, Wikipedia.","url":"https:\/\/t.co\/43xScc9Inr","entities":{"url":{"urls":[{"url":"https:\/\/t.co\/43xScc9Inr","expanded_url":"https:\/\/www.wikipedia.org\/","display_url":"wikipedia.org","indices":[0,23]}]},"description":{"urls":[]}},"protected":false,"followers_count":332729,"friends_count":564,"listed_count":3759,"created_at":"Fri Oct 30 20:29:14 +0000 2009","favourites_count":763,"utc_offset":-25200,"time_zone":"Pacific Time (US & Canada)","geo_enabled":false,"verified":true,"statuses_count":6208,"lang":"en","contributors_enabled":false,"is_translator":false,"is_translation_enabled":false,"profile_background_color":"FFFFFF","profile_background_image_url":"http:\/\/pbs.twimg.com\/profile_background_images\/102504840\/newFIXED_Twitter_Background.jpg","profile_background_image_url_https":"https:\/\/pbs.twimg.com\/profile_background_images\/102504840\/newFIXED_Twitter_Background.jpg","profile_background_tile":false,"profile_image_url":"http:\/\/pbs.twimg.com\/profile_images\/688385114129043456\/nZXfdUQq_normal.jpg","profile_image_url_https":"https:\/\/pbs.twimg.com\/profile_images\/688385114129043456\/nZXfdUQq_normal.jpg","profile_banner_url":"https:\/\/pbs.twimg.com\/profile_banners\/86390214\/1452841990","profile_link_color":"347BFF","profile_sidebar_border_color":"FFFFFF","profile_sidebar_fill_color":"DDEEF6","profile_text_color":"333333","profile_use_background_image":false,"has_extended_profile":false,"default_profile":false,"default_profile_image":false,"following":false,"follow_request_sent":false,"notifications":false},"geo":null,"coordinates":null,"place":null,"contributors":null,"is_quote_status":false,"retweet_count":20,"favorite_count":22,"entities":{"hashtags":[{"text":"PUPPYDAY","indices":[53,62]}],"symbols":[],"user_mentions":[],"urls":[],"media":[{"id":712756885779132417,"id_str":"712756885779132417","indices":[112,135],"media_url":"http:\/\/pbs.twimg.com\/media\/CeQ4nHwUMAEoWPh.jpg","media_url_https":"https:\/\/pbs.twimg.com\/media\/CeQ4nHwUMAEoWPh.jpg","url":"https:\/\/t.co\/vHR7VfxXCk","display_url":"pic.twitter.com\/vHR7VfxXCk","expanded_url":"http:\/\/twitter.com\/Wikipedia\/status\/712759227429756929\/photo\/1","type":"photo","sizes":{"thumb":{"w":150,"h":150,"resize":"crop"},"medium":{"w":600,"h":450,"resize":"fit"},"small":{"w":340,"h":255,"resize":"fit"},"large":{"w":640,"h":480,"resize":"fit"}}}]},"extended_entities":{"media":[{"id":712756885779132417,"id_str":"712756885779132417","indices":[112,135],"media_url":"http:\/\/pbs.twimg.com\/media\/CeQ4nHwUMAEoWPh.jpg","media_url_https":"https:\/\/pbs.twimg.com\/media\/CeQ4nHwUMAEoWPh.jpg","url":"https:\/\/t.co\/vHR7VfxXCk","display_url":"pic.twitter.com\/vHR7VfxXCk","expanded_url":"http:\/\/twitter.com\/Wikipedia\/status\/712759227429756929\/photo\/1","type":"photo","sizes":{"thumb":{"w":150,"h":150,"resize":"crop"},"medium":{"w":600,"h":450,"resize":"fit"},"small":{"w":340,"h":255,"resize":"fit"},"large":{"w":640,"h":480,"resize":"fit"}}},{"id":712757994832789504,"id_str":"712757994832789504","indices":[112,135],"media_url":"http:\/\/pbs.twimg.com\/media\/CeQ5nrTUAAA-MLK.jpg","media_url_https":"https:\/\/pbs.twimg.com\/media\/CeQ5nrTUAAA-MLK.jpg","url":"https:\/\/t.co\/vHR7VfxXCk","display_url":"pic.twitter.com\/vHR7VfxXCk","expanded_url":"http:\/\/twitter.com\/Wikipedia\/status\/712759227429756929\/photo\/1","type":"photo","sizes":{"small":{"w":340,"h":584,"resize":"fit"},"large":{"w":874,"h":1500,"resize":"fit"},"thumb":{"w":150,"h":150,"resize":"crop"},"medium":{"w":600,"h":1030,"resize":"fit"}}},{"id":712758130187194368,"id_str":"712758130187194368","indices":[112,135],"media_url":"http:\/\/pbs.twimg.com\/media\/CeQ5vjiUUAAIS4G.jpg","media_url_https":"https:\/\/pbs.twimg.com\/media\/CeQ5vjiUUAAIS4G.jpg","url":"https:\/\/t.co\/vHR7VfxXCk","display_url":"pic.twitter.com\/vHR7VfxXCk","expanded_url":"http:\/\/twitter.com\/Wikipedia\/status\/712759227429756929\/photo\/1","type":"photo","sizes":{"medium":{"w":600,"h":353,"resize":"fit"},"thumb":{"w":150,"h":150,"resize":"crop"},"small":{"w":340,"h":200,"resize":"fit"},"large":{"w":987,"h":581,"resize":"fit"}}}]},"favorited":false,"retweeted":false,"possibly_sensitive":false,"lang":"en"},{"created_at":"Wed Mar 23 21:20:48 +0000 2016","id":712750971902775296,"id_str":"712750971902775296","text":"Wonder Woman was a creation of feminism, inspired by Margaret Sanger, birth control activist and sex educator. https:\/\/t.co\/3CmNZJjlTE #WHM","truncated":false,"source":"\u003ca href=\"https:\/\/about.twitter.com\/products\/tweetdeck\" rel=\"nofollow\"\u003eTweetDeck\u003c\/a\u003e","in_reply_to_status_id":null,"in_reply_to_status_id_str":null,"in_reply_to_user_id":null,"in_reply_to_user_id_str":null,"in_reply_to_screen_name":null,"user":{"id":86390214,"id_str":"86390214","name":"Wikipedia","screen_name":"Wikipedia","location":"","description":"The official Twitter account for the sum of all knowledge, Wikipedia.","url":"https:\/\/t.co\/43xScc9Inr","entities":{"url":{"urls":[{"url":"https:\/\/t.co\/43xScc9Inr","expanded_url":"https:\/\/www.wikipedia.org\/","display_url":"wikipedia.org","indices":[0,23]}]},"description":{"urls":[]}},"protected":false,"followers_count":332729,"friends_count":564,"listed_count":3759,"created_at":"Fri Oct 30 20:29:14 +0000 2009","favourites_count":763,"utc_offset":-25200,"time_zone":"Pacific Time (US & Canada)","geo_enabled":false,"verified":true,"statuses_count":6208,"lang":"en","contributors_enabled":false,"is_translator":false,"is_translation_enabled":false,"profile_background_color":"FFFFFF","profile_background_image_url":"http:\/\/pbs.twimg.com\/profile_background_images\/102504840\/newFIXED_Twitter_Background.jpg","profile_background_image_url_https":"https:\/\/pbs.twimg.com\/profile_background_images\/102504840\/newFIXED_Twitter_Background.jpg","profile_background_tile":false,"profile_image_url":"http:\/\/pbs.twimg.com\/profile_images\/688385114129043456\/nZXfdUQq_normal.jpg","profile_image_url_https":"https:\/\/pbs.twimg.com\/profile_images\/688385114129043456\/nZXfdUQq_normal.jpg","profile_banner_url":"https:\/\/pbs.twimg.com\/profile_banners\/86390214\/1452841990","profile_link_color":"347BFF","profile_sidebar_border_color":"FFFFFF","profile_sidebar_fill_color":"DDEEF6","profile_text_color":"333333","profile_use_background_image":false,"has_extended_profile":false,"default_profile":false,"default_profile_image":false,"following":false,"follow_request_sent":false,"notifications":false},"geo":null,"coordinates":null,"place":null,"contributors":null,"is_quote_status":false,"retweet_count":17,"favorite_count":20,"entities":{"hashtags":[{"text":"WHM","indices":[135,139]}],"symbols":[],"user_mentions":[],"urls":[{"url":"https:\/\/t.co\/3CmNZJjlTE","expanded_url":"https:\/\/en.wikipedia.org\/wiki\/Margaret_Sanger","display_url":"en.wikipedia.org\/wiki\/Margaret_\u2026","indices":[111,134]}]},"favorited":false,"retweeted":false,"possibly_sensitive":false,"lang":"en"},{"created_at":"Wed Mar 23 18:27:44 +0000 2016","id":712707418979901440,"id_str":"712707418979901440","text":"Hypnotic math eye candy showing unit circle, sine and cosine. By Wiki Commons user LucasVB. https:\/\/t.co\/XiwunDCxdW https:\/\/t.co\/BVFkr3GwK6","truncated":false,"source":"\u003ca href=\"https:\/\/about.twitter.com\/products\/tweetdeck\" rel=\"nofollow\"\u003eTweetDeck\u003c\/a\u003e","in_reply_to_status_id":null,"in_reply_to_status_id_str":null,"in_reply_to_user_id":null,"in_reply_to_user_id_str":null,"in_reply_to_screen_name":null,"user":{"id":86390214,"id_str":"86390214","name":"Wikipedia","screen_name":"Wikipedia","location":"","description":"The official Twitter account for the sum of all knowledge, Wikipedia.","url":"https:\/\/t.co\/43xScc9Inr","entities":{"url":{"urls":[{"url":"https:\/\/t.co\/43xScc9Inr","expanded_url":"https:\/\/www.wikipedia.org\/","display_url":"wikipedia.org","indices":[0,23]}]},"description":{"urls":[]}},"protected":false,"followers_count":332729,"friends_count":564,"listed_count":3759,"created_at":"Fri Oct 30 20:29:14 +0000 2009","favourites_count":763,"utc_offset":-25200,"time_zone":"Pacific Time (US & Canada)","geo_enabled":false,"verified":true,"statuses_count":6208,"lang":"en","contributors_enabled":false,"is_translator":false,"is_translation_enabled":false,"profile_background_color":"FFFFFF","profile_background_image_url":"http:\/\/pbs.twimg.com\/profile_background_images\/102504840\/newFIXED_Twitter_Background.jpg","profile_background_image_url_https":"https:\/\/pbs.twimg.com\/profile_background_images\/102504840\/newFIXED_Twitter_Background.jpg","profile_background_tile":false,"profile_image_url":"http:\/\/pbs.twimg.com\/profile_images\/688385114129043456\/nZXfdUQq_normal.jpg","profile_image_url_https":"https:\/\/pbs.twimg.com\/profile_images\/688385114129043456\/nZXfdUQq_normal.jpg","profile_banner_url":"https:\/\/pbs.twimg.com\/profile_banners\/86390214\/1452841990","profile_link_color":"347BFF","profile_sidebar_border_color":"FFFFFF","profile_sidebar_fill_color":"DDEEF6","profile_text_color":"333333","profile_use_background_image":false,"has_extended_profile":false,"default_profile":false,"default_profile_image":false,"following":false,"follow_request_sent":false,"notifications":false},"geo":null,"coordinates":null,"place":null,"contributors":null,"is_quote_status":false,"retweet_count":54,"favorite_count":79,"entities":{"hashtags":[],"symbols":[],"user_mentions":[],"urls":[{"url":"https:\/\/t.co\/XiwunDCxdW","expanded_url":"https:\/\/en.wikipedia.org\/wiki\/Sine","display_url":"en.wikipedia.org\/wiki\/Sine","indices":[92,115]}],"media":[{"id":712706871547666432,"id_str":"712706871547666432","indices":[116,139],"media_url":"http:\/\/pbs.twimg.com\/tweet_video_thumb\/CeQLH6OUIAAREir.jpg","media_url_https":"https:\/\/pbs.twimg.com\/tweet_video_thumb\/CeQLH6OUIAAREir.jpg","url":"https:\/\/t.co\/BVFkr3GwK6","display_url":"pic.twitter.com\/BVFkr3GwK6","expanded_url":"http:\/\/twitter.com\/Wikipedia\/status\/712707418979901440\/photo\/1","type":"photo","sizes":{"medium":{"w":600,"h":360,"resize":"fit"},"small":{"w":340,"h":204,"resize":"fit"},"thumb":{"w":150,"h":150,"resize":"crop"},"large":{"w":650,"h":390,"resize":"fit"}}}]},"extended_entities":{"media":[{"id":712706871547666432,"id_str":"712706871547666432","indices":[116,139],"media_url":"http:\/\/pbs.twimg.com\/tweet_video_thumb\/CeQLH6OUIAAREir.jpg","media_url_https":"https:\/\/pbs.twimg.com\/tweet_video_thumb\/CeQLH6OUIAAREir.jpg","url":"https:\/\/t.co\/BVFkr3GwK6","display_url":"pic.twitter.com\/BVFkr3GwK6","expanded_url":"http:\/\/twitter.com\/Wikipedia\/status\/712707418979901440\/photo\/1","type":"animated_gif","sizes":{"medium":{"w":600,"h":360,"resize":"fit"},"small":{"w":340,"h":204,"resize":"fit"},"thumb":{"w":150,"h":150,"resize":"crop"},"large":{"w":650,"h":390,"resize":"fit"}},"video_info":{"aspect_ratio":[5,3],"variants":[{"bitrate":0,"content_type":"video\/mp4","url":"https:\/\/pbs.twimg.com\/tweet_video\/CeQLH6OUIAAREir.mp4"}]}}]},"favorited":false,"retweeted":false,"possibly_sensitive":false,"lang":"en"},{"created_at":"Wed Mar 23 14:49:55 +0000 2016","id":712652601729220609,"id_str":"712652601729220609","text":"Born this day in 1910: Akira Kurosawa, one of the most influential filmmakers in the history of cinema.  https:\/\/t.co\/V8KojgaQ4a","truncated":false,"source":"\u003ca href=\"https:\/\/about.twitter.com\/products\/tweetdeck\" rel=\"nofollow\"\u003eTweetDeck\u003c\/a\u003e","in_reply_to_status_id":null,"in_reply_to_status_id_str":null,"in_reply_to_user_id":null,"in_reply_to_user_id_str":null,"in_reply_to_screen_name":null,"user":{"id":86390214,"id_str":"86390214","name":"Wikipedia","screen_name":"Wikipedia","location":"","description":"The official Twitter account for the sum of all knowledge, Wikipedia.","url":"https:\/\/t.co\/43xScc9Inr","entities":{"url":{"urls":[{"url":"https:\/\/t.co\/43xScc9Inr","expanded_url":"https:\/\/www.wikipedia.org\/","display_url":"wikipedia.org","indices":[0,23]}]},"description":{"urls":[]}},"protected":false,"followers_count":332729,"friends_count":564,"listed_count":3759,"created_at":"Fri Oct 30 20:29:14 +0000 2009","favourites_count":763,"utc_offset":-25200,"time_zone":"Pacific Time (US & Canada)","geo_enabled":false,"verified":true,"statuses_count":6208,"lang":"en","contributors_enabled":false,"is_translator":false,"is_translation_enabled":false,"profile_background_color":"FFFFFF","profile_background_image_url":"http:\/\/pbs.twimg.com\/profile_background_images\/102504840\/newFIXED_Twitter_Background.jpg","profile_background_image_url_https":"https:\/\/pbs.twimg.com\/profile_background_images\/102504840\/newFIXED_Twitter_Background.jpg","profile_background_tile":false,"profile_image_url":"http:\/\/pbs.twimg.com\/profile_images\/688385114129043456\/nZXfdUQq_normal.jpg","profile_image_url_https":"https:\/\/pbs.twimg.com\/profile_images\/688385114129043456\/nZXfdUQq_normal.jpg","profile_banner_url":"https:\/\/pbs.twimg.com\/profile_banners\/86390214\/1452841990","profile_link_color":"347BFF","profile_sidebar_border_color":"FFFFFF","profile_sidebar_fill_color":"DDEEF6","profile_text_color":"333333","profile_use_background_image":false,"has_extended_profile":false,"default_profile":false,"default_profile_image":false,"following":false,"follow_request_sent":false,"notifications":false},"geo":null,"coordinates":null,"place":null,"contributors":null,"is_quote_status":false,"retweet_count":11,"favorite_count":16,"entities":{"hashtags":[],"symbols":[],"user_mentions":[],"urls":[{"url":"https:\/\/t.co\/V8KojgaQ4a","expanded_url":"https:\/\/en.wikipedia.org\/wiki\/Akira_Kurosawa","display_url":"en.wikipedia.org\/wiki\/Akira_Kur\u2026","indices":[105,128]}]},"favorited":false,"retweeted":false,"possibly_sensitive":false,"lang":"en"}]