[{"created_at":"Thu Feb 25 18:20:41 +0000 2016","id":702921169058537473,"id_str":"702921169058537473","text":"#COAS meeting troops participating in the Manoeuvre Exercise in Cholistan Desert https:\/\/t.co\/hs4aUhvwRy","truncated":false,"source":"\u003ca href=\"http:\/\/twitter.com\/download\/iphone\" rel=\"nofollow\"\u003eTwitter for iPhone\u003c\/a\u003e","in_reply_to_status_id":null,"in_reply_to_status_id_str":null,"in_reply_to_user_id":null,"in_reply_to_user_id_str":null,"in_reply_to_screen_name":null,"user":{"id":1041453240,"id_str":"1041453240","name":"Gen Asim Bajwa","screen_name":"AsimBajwaISPR","location":"Pakistan","description":"Director General ISPR. Tweets do not necessarily reflect policy of the organization\nhttps:\/\/t.co\/XWcHnteSVs \/","url":"https:\/\/t.co\/y8vxQR87cs","entities":{"url":{"urls":[{"url":"https:\/\/t.co\/y8vxQR87cs","expanded_url":"http:\/\/www.ispr.gov.pk","display_url":"ispr.gov.pk","indices":[0,23]}]},"description":{"urls":[{"url":"https:\/\/t.co\/XWcHnteSVs","expanded_url":"https:\/\/www.facebook.com\/AsimBajwaISPR","display_url":"facebook.com\/AsimBajwaISPR","indices":[84,107]}]}},"protected":false,"followers_count":1809865,"friends_count":16,"listed_count":943,"created_at":"Fri Dec 28 06:07:27 +0000 2012","favourites_count":47,"utc_offset":18000,"time_zone":"Islamabad","geo_enabled":true,"verified":false,"statuses_count":1275,"lang":"en","contributors_enabled":false,"is_translator":false,"is_translation_enabled":false,"profile_background_color":"C0DEED","profile_background_image_url":"http:\/\/abs.twimg.com\/images\/themes\/theme1\/bg.png","profile_background_image_url_https":"https:\/\/abs.twimg.com\/images\/themes\/theme1\/bg.png","profile_background_tile":false,"profile_image_url":"http:\/\/pbs.twimg.com\/profile_images\/693449419988078597\/oUnm4guM_normal.jpg","profile_image_url_https":"https:\/\/pbs.twimg.com\/profile_images\/693449419988078597\/oUnm4guM_normal.jpg","profile_banner_url":"https:\/\/pbs.twimg.com\/profile_banners\/1041453240\/1408189928","profile_link_color":"0084B4","profile_sidebar_border_color":"C0DEED","profile_sidebar_fill_color":"DDEEF6","profile_text_color":"333333","profile_use_background_image":true,"has_extended_profile":false,"default_profile":true,"default_profile_image":false,"following":false,"follow_request_sent":false,"notifications":false},"geo":null,"coordinates":null,"place":null,"contributors":null,"is_quote_status":false,"retweet_count":228,"favorite_count":752,"entities":{"hashtags":[{"text":"COAS","indices":[0,5]}],"symbols":[],"user_mentions":[],"urls":[],"media":[{"id":702920657898770432,"id_str":"702920657898770432","indices":[81,104],"media_url":"http:\/\/pbs.twimg.com\/media\/CcFGnTdXEAAeCPo.jpg","media_url_https":"https:\/\/pbs.twimg.com\/media\/CcFGnTdXEAAeCPo.jpg","url":"https:\/\/t.co\/hs4aUhvwRy","display_url":"pic.twitter.com\/hs4aUhvwRy","expanded_url":"http:\/\/twitter.com\/AsimBajwaISPR\/status\/702921169058537473\/photo\/1","type":"photo","sizes":{"large":{"w":1024,"h":678,"resize":"fit"},"medium":{"w":1024,"h":678,"resize":"fit"},"thumb":{"w":150,"h":150,"resize":"crop"},"small":{"w":680,"h":450,"resize":"fit"}}}]},"extended_entities":{"media":[{"id":702920657898770432,"id_str":"702920657898770432","indices":[81,104],"media_url":"http:\/\/pbs.twimg.com\/media\/CcFGnTdXEAAeCPo.jpg","media_url_https":"https:\/\/pbs.twimg.com\/media\/CcFGnTdXEAAeCPo.jpg","url":"https:\/\/t.co\/hs4aUhvwRy","display_url":"pic.twitter.com\/hs4aUhvwRy","expanded_url":"http:\/\/twitter.com\/AsimBajwaISPR\/status\/702921169058537473\/photo\/1","type":"photo","sizes":{"large":{"w":1024,"h":678,"resize":"fit"},"medium":{"w":1024,"h":678,"resize":"fit"},"thumb":{"w":150,"h":150,"resize":"crop"},"small":{"w":680,"h":450,"resize":"fit"}}},{"id":702920657932304387,"id_str":"702920657932304387","indices":[81,104],"media_url":"http:\/\/pbs.twimg.com\/media\/CcFGnTlWwAMw7_8.jpg","media_url_https":"https:\/\/pbs.twimg.com\/media\/CcFGnTlWwAMw7_8.jpg","url":"https:\/\/t.co\/hs4aUhvwRy","display_url":"pic.twitter.com\/hs4aUhvwRy","expanded_url":"http:\/\/twitter.com\/AsimBajwaISPR\/status\/702921169058537473\/photo\/1","type":"photo","sizes":{"large":{"w":1024,"h":682,"resize":"fit"},"thumb":{"w":150,"h":150,"resize":"crop"},"medium":{"w":1024,"h":682,"resize":"fit"},"small":{"w":680,"h":453,"resize":"fit"}}},{"id":702920658167140353,"id_str":"702920658167140353","indices":[81,104],"media_url":"http:\/\/pbs.twimg.com\/media\/CcFGnUdWEAEKmWd.jpg","media_url_https":"https:\/\/pbs.twimg.com\/media\/CcFGnUdWEAEKmWd.jpg","url":"https:\/\/t.co\/hs4aUhvwRy","display_url":"pic.twitter.com\/hs4aUhvwRy","expanded_url":"http:\/\/twitter.com\/AsimBajwaISPR\/status\/702921169058537473\/photo\/1","type":"photo","sizes":{"thumb":{"w":150,"h":150,"resize":"crop"},"medium":{"w":1024,"h":682,"resize":"fit"},"small":{"w":680,"h":453,"resize":"fit"},"large":{"w":1024,"h":682,"resize":"fit"}}}]},"favorited":false,"retweeted":false,"possibly_sensitive":false,"lang":"fr"},{"created_at":"Thu Feb 25 18:14:14 +0000 2016","id":702919547687456768,"id_str":"702919547687456768","text":"#COAS witnessed large scale  manoeuvre Exercise of Bahawalpur Corps in Cholistan Desert https:\/\/t.co\/pmQ99LnGaK","truncated":false,"source":"\u003ca href=\"http:\/\/twitter.com\/download\/iphone\" rel=\"nofollow\"\u003eTwitter for iPhone\u003c\/a\u003e","in_reply_to_status_id":null,"in_reply_to_status_id_str":null,"in_reply_to_user_id":null,"in_reply_to_user_id_str":null,"in_reply_to_screen_name":null,"user":{"id":1041453240,"id_str":"1041453240","name":"Gen Asim Bajwa","screen_name":"AsimBajwaISPR","location":"Pakistan","description":"Director General ISPR. Tweets do not necessarily reflect policy of the organization\nhttps:\/\/t.co\/XWcHnteSVs \/","url":"https:\/\/t.co\/y8vxQR87cs","entities":{"url":{"urls":[{"url":"https:\/\/t.co\/y8vxQR87cs","expanded_url":"http:\/\/www.ispr.gov.pk","display_url":"ispr.gov.pk","indices":[0,23]}]},"description":{"urls":[{"url":"https:\/\/t.co\/XWcHnteSVs","expanded_url":"https:\/\/www.facebook.com\/AsimBajwaISPR","display_url":"facebook.com\/AsimBajwaISPR","indices":[84,107]}]}},"protected":false,"followers_count":1809865,"friends_count":16,"listed_count":943,"created_at":"Fri Dec 28 06:07:27 +0000 2012","favourites_count":47,"utc_offset":18000,"time_zone":"Islamabad","geo_enabled":true,"verified":false,"statuses_count":1275,"lang":"en","contributors_enabled":false,"is_translator":false,"is_translation_enabled":false,"profile_background_color":"C0DEED","profile_background_image_url":"http:\/\/abs.twimg.com\/images\/themes\/theme1\/bg.png","profile_background_image_url_https":"https:\/\/abs.twimg.com\/images\/themes\/theme1\/bg.png","profile_background_tile":false,"profile_image_url":"http:\/\/pbs.twimg.com\/profile_images\/693449419988078597\/oUnm4guM_normal.jpg","profile_image_url_https":"https:\/\/pbs.twimg.com\/profile_images\/693449419988078597\/oUnm4guM_normal.jpg","profile_banner_url":"https:\/\/pbs.twimg.com\/profile_banners\/1041453240\/1408189928","profile_link_color":"0084B4","profile_sidebar_border_color":"C0DEED","profile_sidebar_fill_color":"DDEEF6","profile_text_color":"333333","profile_use_background_image":true,"has_extended_profile":false,"default_profile":true,"default_profile_image":false,"following":false,"follow_request_sent":false,"notifications":false},"geo":null,"coordinates":null,"place":null,"contributors":null,"is_quote_status":false,"retweet_count":231,"favorite_count":615,"entities":{"hashtags":[{"text":"COAS","indices":[0,5]}],"symbols":[],"user_mentions":[],"urls":[],"media":[{"id":702919420495187974,"id_str":"702919420495187974","indices":[88,111],"media_url":"http:\/\/pbs.twimg.com\/media\/CcFFfRxW0AYC0Td.jpg","media_url_https":"https:\/\/pbs.twimg.com\/media\/CcFFfRxW0AYC0Td.jpg","url":"https:\/\/t.co\/pmQ99LnGaK","display_url":"pic.twitter.com\/pmQ99LnGaK","expanded_url":"http:\/\/twitter.com\/AsimBajwaISPR\/status\/702919547687456768\/photo\/1","type":"photo","sizes":{"large":{"w":1024,"h":678,"resize":"fit"},"medium":{"w":1024,"h":678,"resize":"fit"},"thumb":{"w":150,"h":150,"resize":"crop"},"small":{"w":680,"h":450,"resize":"fit"}}}]},"extended_entities":{"media":[{"id":702919420495187974,"id_str":"702919420495187974","indices":[88,111],"media_url":"http:\/\/pbs.twimg.com\/media\/CcFFfRxW0AYC0Td.jpg","media_url_https":"https:\/\/pbs.twimg.com\/media\/CcFFfRxW0AYC0Td.jpg","url":"https:\/\/t.co\/pmQ99LnGaK","display_url":"pic.twitter.com\/pmQ99LnGaK","expanded_url":"http:\/\/twitter.com\/AsimBajwaISPR\/status\/702919547687456768\/photo\/1","type":"photo","sizes":{"large":{"w":1024,"h":678,"resize":"fit"},"medium":{"w":1024,"h":678,"resize":"fit"},"thumb":{"w":150,"h":150,"resize":"crop"},"small":{"w":680,"h":450,"resize":"fit"}}},{"id":702919420562251777,"id_str":"702919420562251777","indices":[88,111],"media_url":"http:\/\/pbs.twimg.com\/media\/CcFFfSBWIAE3HSx.jpg","media_url_https":"https:\/\/pbs.twimg.com\/media\/CcFFfSBWIAE3HSx.jpg","url":"https:\/\/t.co\/pmQ99LnGaK","display_url":"pic.twitter.com\/pmQ99LnGaK","expanded_url":"http:\/\/twitter.com\/AsimBajwaISPR\/status\/702919547687456768\/photo\/1","type":"photo","sizes":{"large":{"w":1024,"h":682,"resize":"fit"},"thumb":{"w":150,"h":150,"resize":"crop"},"medium":{"w":1024,"h":682,"resize":"fit"},"small":{"w":680,"h":453,"resize":"fit"}}},{"id":702919420692271104,"id_str":"702919420692271104","indices":[88,111],"media_url":"http:\/\/pbs.twimg.com\/media\/CcFFfSgWEAA6b-5.jpg","media_url_https":"https:\/\/pbs.twimg.com\/media\/CcFFfSgWEAA6b-5.jpg","url":"https:\/\/t.co\/pmQ99LnGaK","display_url":"pic.twitter.com\/pmQ99LnGaK","expanded_url":"http:\/\/twitter.com\/AsimBajwaISPR\/status\/702919547687456768\/photo\/1","type":"photo","sizes":{"large":{"w":1024,"h":678,"resize":"fit"},"medium":{"w":1024,"h":678,"resize":"fit"},"thumb":{"w":150,"h":150,"resize":"crop"},"small":{"w":680,"h":450,"resize":"fit"}}}]},"favorited":false,"retweeted":false,"possibly_sensitive":false,"lang":"fr"},{"created_at":"Wed Feb 24 09:45:22 +0000 2016","id":702429098342277120,"id_str":"702429098342277120","text":"#COAS visit to Shawal today:Final phase of operation in left over pockets of North Waziristan has begun","truncated":false,"source":"\u003ca href=\"http:\/\/twitter.com\/download\/iphone\" rel=\"nofollow\"\u003eTwitter for iPhone\u003c\/a\u003e","in_reply_to_status_id":null,"in_reply_to_status_id_str":null,"in_reply_to_user_id":null,"in_reply_to_user_id_str":null,"in_reply_to_screen_name":null,"user":{"id":1041453240,"id_str":"1041453240","name":"Gen Asim Bajwa","screen_name":"AsimBajwaISPR","location":"Pakistan","description":"Director General ISPR. Tweets do not necessarily reflect policy of the organization\nhttps:\/\/t.co\/XWcHnteSVs \/","url":"https:\/\/t.co\/y8vxQR87cs","entities":{"url":{"urls":[{"url":"https:\/\/t.co\/y8vxQR87cs","expanded_url":"http:\/\/www.ispr.gov.pk","display_url":"ispr.gov.pk","indices":[0,23]}]},"description":{"urls":[{"url":"https:\/\/t.co\/XWcHnteSVs","expanded_url":"https:\/\/www.facebook.com\/AsimBajwaISPR","display_url":"facebook.com\/AsimBajwaISPR","indices":[84,107]}]}},"protected":false,"followers_count":1809865,"friends_count":16,"listed_count":943,"created_at":"Fri Dec 28 06:07:27 +0000 2012","favourites_count":47,"utc_offset":18000,"time_zone":"Islamabad","geo_enabled":true,"verified":false,"statuses_count":1275,"lang":"en","contributors_enabled":false,"is_translator":false,"is_translation_enabled":false,"profile_background_color":"C0DEED","profile_background_image_url":"http:\/\/abs.twimg.com\/images\/themes\/theme1\/bg.png","profile_background_image_url_https":"https:\/\/abs.twimg.com\/images\/themes\/theme1\/bg.png","profile_background_tile":false,"profile_image_url":"http:\/\/pbs.twimg.com\/profile_images\/693449419988078597\/oUnm4guM_normal.jpg","profile_image_url_https":"https:\/\/pbs.twimg.com\/profile_images\/693449419988078597\/oUnm4guM_normal.jpg","profile_banner_url":"https:\/\/pbs.twimg.com\/profile_banners\/1041453240\/1408189928","profile_link_color":"0084B4","profile_sidebar_border_color":"C0DEED","profile_sidebar_fill_color":"DDEEF6","profile_text_color":"333333","profile_use_background_image":true,"has_extended_profile":false,"default_profile":true,"default_profile_image":false,"following":false,"follow_request_sent":false,"notifications":false},"geo":null,"coordinates":null,"place":null,"contributors":null,"is_quote_status":false,"retweet_count":388,"favorite_count":823,"entities":{"hashtags":[{"text":"COAS","indices":[0,5]}],"symbols":[],"user_mentions":[],"urls":[]},"favorited":false,"retweeted":false,"lang":"en"},{"created_at":"Wed Feb 24 09:29:14 +0000 2016","id":702425038008487936,"id_str":"702425038008487936","text":"Shawal Visit:Troops ready for last phase of ops,determined to finish work asap,in a high state of morale-6 https:\/\/t.co\/l6v6jDuzu2","truncated":false,"source":"\u003ca href=\"http:\/\/twitter.com\/download\/iphone\" rel=\"nofollow\"\u003eTwitter for iPhone\u003c\/a\u003e","in_reply_to_status_id":null,"in_reply_to_status_id_str":null,"in_reply_to_user_id":null,"in_reply_to_user_id_str":null,"in_reply_to_screen_name":null,"user":{"id":1041453240,"id_str":"1041453240","name":"Gen Asim Bajwa","screen_name":"AsimBajwaISPR","location":"Pakistan","description":"Director General ISPR. Tweets do not necessarily reflect policy of the organization\nhttps:\/\/t.co\/XWcHnteSVs \/","url":"https:\/\/t.co\/y8vxQR87cs","entities":{"url":{"urls":[{"url":"https:\/\/t.co\/y8vxQR87cs","expanded_url":"http:\/\/www.ispr.gov.pk","display_url":"ispr.gov.pk","indices":[0,23]}]},"description":{"urls":[{"url":"https:\/\/t.co\/XWcHnteSVs","expanded_url":"https:\/\/www.facebook.com\/AsimBajwaISPR","display_url":"facebook.com\/AsimBajwaISPR","indices":[84,107]}]}},"protected":false,"followers_count":1809865,"friends_count":16,"listed_count":943,"created_at":"Fri Dec 28 06:07:27 +0000 2012","favourites_count":47,"utc_offset":18000,"time_zone":"Islamabad","geo_enabled":true,"verified":false,"statuses_count":1275,"lang":"en","contributors_enabled":false,"is_translator":false,"is_translation_enabled":false,"profile_background_color":"C0DEED","profile_background_image_url":"http:\/\/abs.twimg.com\/images\/themes\/theme1\/bg.png","profile_background_image_url_https":"https:\/\/abs.twimg.com\/images\/themes\/theme1\/bg.png","profile_background_tile":false,"profile_image_url":"http:\/\/pbs.twimg.com\/profile_images\/693449419988078597\/oUnm4guM_normal.jpg","profile_image_url_https":"https:\/\/pbs.twimg.com\/profile_images\/693449419988078597\/oUnm4guM_normal.jpg","profile_banner_url":"https:\/\/pbs.twimg.com\/profile_banners\/1041453240\/1408189928","profile_link_color":"0084B4","profile_sidebar_border_color":"C0DEED","profile_sidebar_fill_color":"DDEEF6","profile_text_color":"333333","profile_use_background_image":true,"has_extended_profile":false,"default_profile":true,"default_profile_image":false,"following":false,"follow_request_sent":false,"notifications":false},"geo":null,"coordinates":null,"place":null,"contributors":null,"is_quote_status":false,"retweet_count":580,"favorite_count":1408,"entities":{"hashtags":[],"symbols":[],"user_mentions":[],"urls":[],"media":[{"id":702425017255108608,"id_str":"702425017255108608","indices":[107,130],"media_url":"http:\/\/pbs.twimg.com\/media\/Cb-D1OLWoAApkoe.jpg","media_url_https":"https:\/\/pbs.twimg.com\/media\/Cb-D1OLWoAApkoe.jpg","url":"https:\/\/t.co\/l6v6jDuzu2","display_url":"pic.twitter.com\/l6v6jDuzu2","expanded_url":"http:\/\/twitter.com\/AsimBajwaISPR\/status\/702425038008487936\/photo\/1","type":"photo","sizes":{"medium":{"w":1024,"h":678,"resize":"fit"},"large":{"w":1024,"h":678,"resize":"fit"},"small":{"w":680,"h":450,"resize":"fit"},"thumb":{"w":150,"h":150,"resize":"crop"}}}]},"extended_entities":{"media":[{"id":702425017255108608,"id_str":"702425017255108608","indices":[107,130],"media_url":"http:\/\/pbs.twimg.com\/media\/Cb-D1OLWoAApkoe.jpg","media_url_https":"https:\/\/pbs.twimg.com\/media\/Cb-D1OLWoAApkoe.jpg","url":"https:\/\/t.co\/l6v6jDuzu2","display_url":"pic.twitter.com\/l6v6jDuzu2","expanded_url":"http:\/\/twitter.com\/AsimBajwaISPR\/status\/702425038008487936\/photo\/1","type":"photo","sizes":{"medium":{"w":1024,"h":678,"resize":"fit"},"large":{"w":1024,"h":678,"resize":"fit"},"small":{"w":680,"h":450,"resize":"fit"},"thumb":{"w":150,"h":150,"resize":"crop"}}},{"id":702425017255075840,"id_str":"702425017255075840","indices":[107,130],"media_url":"http:\/\/pbs.twimg.com\/media\/Cb-D1OLWIAA_gNV.jpg","media_url_https":"https:\/\/pbs.twimg.com\/media\/Cb-D1OLWIAA_gNV.jpg","url":"https:\/\/t.co\/l6v6jDuzu2","display_url":"pic.twitter.com\/l6v6jDuzu2","expanded_url":"http:\/\/twitter.com\/AsimBajwaISPR\/status\/702425038008487936\/photo\/1","type":"photo","sizes":{"large":{"w":1024,"h":678,"resize":"fit"},"medium":{"w":1024,"h":678,"resize":"fit"},"thumb":{"w":150,"h":150,"resize":"crop"},"small":{"w":680,"h":450,"resize":"fit"}}},{"id":702425017259335680,"id_str":"702425017259335680","indices":[107,130],"media_url":"http:\/\/pbs.twimg.com\/media\/Cb-D1OMXIAAoko7.jpg","media_url_https":"https:\/\/pbs.twimg.com\/media\/Cb-D1OMXIAAoko7.jpg","url":"https:\/\/t.co\/l6v6jDuzu2","display_url":"pic.twitter.com\/l6v6jDuzu2","expanded_url":"http:\/\/twitter.com\/AsimBajwaISPR\/status\/702425038008487936\/photo\/1","type":"photo","sizes":{"large":{"w":1024,"h":678,"resize":"fit"},"medium":{"w":1024,"h":678,"resize":"fit"},"thumb":{"w":150,"h":150,"resize":"crop"},"small":{"w":680,"h":450,"resize":"fit"}}}]},"favorited":false,"retweeted":false,"possibly_sensitive":false,"lang":"en"},{"created_at":"Wed Feb 24 09:28:56 +0000 2016","id":702424964918603778,"id_str":"702424964918603778","text":"Forces regrouped,reinforced,moved in ops area.Local support 4 terrorists even in Shawal Valley totally diminished,people want to rid  them-5","truncated":false,"source":"\u003ca href=\"http:\/\/twitter.com\/download\/iphone\" rel=\"nofollow\"\u003eTwitter for iPhone\u003c\/a\u003e","in_reply_to_status_id":null,"in_reply_to_status_id_str":null,"in_reply_to_user_id":null,"in_reply_to_user_id_str":null,"in_reply_to_screen_name":null,"user":{"id":1041453240,"id_str":"1041453240","name":"Gen Asim Bajwa","screen_name":"AsimBajwaISPR","location":"Pakistan","description":"Director General ISPR. Tweets do not necessarily reflect policy of the organization\nhttps:\/\/t.co\/XWcHnteSVs \/","url":"https:\/\/t.co\/y8vxQR87cs","entities":{"url":{"urls":[{"url":"https:\/\/t.co\/y8vxQR87cs","expanded_url":"http:\/\/www.ispr.gov.pk","display_url":"ispr.gov.pk","indices":[0,23]}]},"description":{"urls":[{"url":"https:\/\/t.co\/XWcHnteSVs","expanded_url":"https:\/\/www.facebook.com\/AsimBajwaISPR","display_url":"facebook.com\/AsimBajwaISPR","indices":[84,107]}]}},"protected":false,"followers_count":1809865,"friends_count":16,"listed_count":943,"created_at":"Fri Dec 28 06:07:27 +0000 2012","favourites_count":47,"utc_offset":18000,"time_zone":"Islamabad","geo_enabled":true,"verified":false,"statuses_count":1275,"lang":"en","contributors_enabled":false,"is_translator":false,"is_translation_enabled":false,"profile_background_color":"C0DEED","profile_background_image_url":"http:\/\/abs.twimg.com\/images\/themes\/theme1\/bg.png","profile_background_image_url_https":"https:\/\/abs.twimg.com\/images\/themes\/theme1\/bg.png","profile_background_tile":false,"profile_image_url":"http:\/\/pbs.twimg.com\/profile_images\/693449419988078597\/oUnm4guM_normal.jpg","profile_image_url_https":"https:\/\/pbs.twimg.com\/profile_images\/693449419988078597\/oUnm4guM_normal.jpg","profile_banner_url":"https:\/\/pbs.twimg.com\/profile_banners\/1041453240\/1408189928","profile_link_color":"0084B4","profile_sidebar_border_color":"C0DEED","profile_sidebar_fill_color":"DDEEF6","profile_text_color":"333333","profile_use_background_image":true,"has_extended_profile":false,"default_profile":true,"default_profile_image":false,"following":false,"follow_request_sent":false,"notifications":false},"geo":null,"coordinates":null,"place":null,"contributors":null,"is_quote_status":false,"retweet_count":338,"favorite_count":631,"entities":{"hashtags":[],"symbols":[],"user_mentions":[],"urls":[]},"favorited":false,"retweeted":false,"lang":"en"},{"created_at":"Wed Feb 24 09:28:47 +0000 2016","id":702424928239357952,"id_str":"702424928239357952","text":"isolate them and sever their links indiscriminately with abettors and facilitators anywhere across the country-4","truncated":false,"source":"\u003ca href=\"http:\/\/twitter.com\/download\/iphone\" rel=\"nofollow\"\u003eTwitter for iPhone\u003c\/a\u003e","in_reply_to_status_id":null,"in_reply_to_status_id_str":null,"in_reply_to_user_id":null,"in_reply_to_user_id_str":null,"in_reply_to_screen_name":null,"user":{"id":1041453240,"id_str":"1041453240","name":"Gen Asim Bajwa","screen_name":"AsimBajwaISPR","location":"Pakistan","description":"Director General ISPR. Tweets do not necessarily reflect policy of the organization\nhttps:\/\/t.co\/XWcHnteSVs \/","url":"https:\/\/t.co\/y8vxQR87cs","entities":{"url":{"urls":[{"url":"https:\/\/t.co\/y8vxQR87cs","expanded_url":"http:\/\/www.ispr.gov.pk","display_url":"ispr.gov.pk","indices":[0,23]}]},"description":{"urls":[{"url":"https:\/\/t.co\/XWcHnteSVs","expanded_url":"https:\/\/www.facebook.com\/AsimBajwaISPR","display_url":"facebook.com\/AsimBajwaISPR","indices":[84,107]}]}},"protected":false,"followers_count":1809865,"friends_count":16,"listed_count":943,"created_at":"Fri Dec 28 06:07:27 +0000 2012","favourites_count":47,"utc_offset":18000,"time_zone":"Islamabad","geo_enabled":true,"verified":false,"statuses_count":1275,"lang":"en","contributors_enabled":false,"is_translator":false,"is_translation_enabled":false,"profile_background_color":"C0DEED","profile_background_image_url":"http:\/\/abs.twimg.com\/images\/themes\/theme1\/bg.png","profile_background_image_url_https":"https:\/\/abs.twimg.com\/images\/themes\/theme1\/bg.png","profile_background_tile":false,"profile_image_url":"http:\/\/pbs.twimg.com\/profile_images\/693449419988078597\/oUnm4guM_normal.jpg","profile_image_url_https":"https:\/\/pbs.twimg.com\/profile_images\/693449419988078597\/oUnm4guM_normal.jpg","profile_banner_url":"https:\/\/pbs.twimg.com\/profile_banners\/1041453240\/1408189928","profile_link_color":"0084B4","profile_sidebar_border_color":"C0DEED","profile_sidebar_fill_color":"DDEEF6","profile_text_color":"333333","profile_use_background_image":true,"has_extended_profile":false,"default_profile":true,"default_profile_image":false,"following":false,"follow_request_sent":false,"notifications":false},"geo":null,"coordinates":null,"place":null,"contributors":null,"is_quote_status":false,"retweet_count":319,"favorite_count":581,"entities":{"hashtags":[],"symbols":[],"user_mentions":[],"urls":[]},"favorited":false,"retweeted":false,"lang":"en"},{"created_at":"Wed Feb 24 09:28:07 +0000 2016","id":702424757938102272,"id_str":"702424757938102272","text":"#COAS directed to commence last phase Ops in N.Waziristan to cleanse remnant terrorists from hide outs in deeply forested ravines&amp;jungles-3","truncated":false,"source":"\u003ca href=\"http:\/\/twitter.com\/download\/iphone\" rel=\"nofollow\"\u003eTwitter for iPhone\u003c\/a\u003e","in_reply_to_status_id":null,"in_reply_to_status_id_str":null,"in_reply_to_user_id":null,"in_reply_to_user_id_str":null,"in_reply_to_screen_name":null,"user":{"id":1041453240,"id_str":"1041453240","name":"Gen Asim Bajwa","screen_name":"AsimBajwaISPR","location":"Pakistan","description":"Director General ISPR. Tweets do not necessarily reflect policy of the organization\nhttps:\/\/t.co\/XWcHnteSVs \/","url":"https:\/\/t.co\/y8vxQR87cs","entities":{"url":{"urls":[{"url":"https:\/\/t.co\/y8vxQR87cs","expanded_url":"http:\/\/www.ispr.gov.pk","display_url":"ispr.gov.pk","indices":[0,23]}]},"description":{"urls":[{"url":"https:\/\/t.co\/XWcHnteSVs","expanded_url":"https:\/\/www.facebook.com\/AsimBajwaISPR","display_url":"facebook.com\/AsimBajwaISPR","indices":[84,107]}]}},"protected":false,"followers_count":1809865,"friends_count":16,"listed_count":943,"created_at":"Fri Dec 28 06:07:27 +0000 2012","favourites_count":47,"utc_offset":18000,"time_zone":"Islamabad","geo_enabled":true,"verified":false,"statuses_count":1275,"lang":"en","contributors_enabled":false,"is_translator":false,"is_translation_enabled":false,"profile_background_color":"C0DEED","profile_background_image_url":"http:\/\/abs.twimg.com\/images\/themes\/theme1\/bg.png","profile_background_image_url_https":"https:\/\/abs.twimg.com\/images\/themes\/theme1\/bg.png","profile_background_tile":false,"profile_image_url":"http:\/\/pbs.twimg.com\/profile_images\/693449419988078597\/oUnm4guM_normal.jpg","profile_image_url_https":"https:\/\/pbs.twimg.com\/profile_images\/693449419988078597\/oUnm4guM_normal.jpg","profile_banner_url":"https:\/\/pbs.twimg.com\/profile_banners\/1041453240\/1408189928","profile_link_color":"0084B4","profile_sidebar_border_color":"C0DEED","profile_sidebar_fill_color":"DDEEF6","profile_text_color":"333333","profile_use_background_image":true,"has_extended_profile":false,"default_profile":true,"default_profile_image":false,"following":false,"follow_request_sent":false,"notifications":false},"geo":null,"coordinates":null,"place":null,"contributors":null,"is_quote_status":false,"retweet_count":366,"favorite_count":634,"entities":{"hashtags":[{"text":"COAS","indices":[0,5]}],"symbols":[],"user_mentions":[],"urls":[]},"favorited":false,"retweeted":false,"lang":"en"},{"created_at":"Wed Feb 24 09:27:55 +0000 2016","id":702424706205556740,"id_str":"702424706205556740","text":"#COAS briefed,deeply forested ravines of Shawal,Data Khel,been popular infiltration routes b\/w Pak&amp;Afgn,now last terrorist bastion in NWA-2","truncated":false,"source":"\u003ca href=\"http:\/\/twitter.com\/download\/iphone\" rel=\"nofollow\"\u003eTwitter for iPhone\u003c\/a\u003e","in_reply_to_status_id":null,"in_reply_to_status_id_str":null,"in_reply_to_user_id":null,"in_reply_to_user_id_str":null,"in_reply_to_screen_name":null,"user":{"id":1041453240,"id_str":"1041453240","name":"Gen Asim Bajwa","screen_name":"AsimBajwaISPR","location":"Pakistan","description":"Director General ISPR. Tweets do not necessarily reflect policy of the organization\nhttps:\/\/t.co\/XWcHnteSVs \/","url":"https:\/\/t.co\/y8vxQR87cs","entities":{"url":{"urls":[{"url":"https:\/\/t.co\/y8vxQR87cs","expanded_url":"http:\/\/www.ispr.gov.pk","display_url":"ispr.gov.pk","indices":[0,23]}]},"description":{"urls":[{"url":"https:\/\/t.co\/XWcHnteSVs","expanded_url":"https:\/\/www.facebook.com\/AsimBajwaISPR","display_url":"facebook.com\/AsimBajwaISPR","indices":[84,107]}]}},"protected":false,"followers_count":1809865,"friends_count":16,"listed_count":943,"created_at":"Fri Dec 28 06:07:27 +0000 2012","favourites_count":47,"utc_offset":18000,"time_zone":"Islamabad","geo_enabled":true,"verified":false,"statuses_count":1275,"lang":"en","contributors_enabled":false,"is_translator":false,"is_translation_enabled":false,"profile_background_color":"C0DEED","profile_background_image_url":"http:\/\/abs.twimg.com\/images\/themes\/theme1\/bg.png","profile_background_image_url_https":"https:\/\/abs.twimg.com\/images\/themes\/theme1\/bg.png","profile_background_tile":false,"profile_image_url":"http:\/\/pbs.twimg.com\/profile_images\/693449419988078597\/oUnm4guM_normal.jpg","profile_image_url_https":"https:\/\/pbs.twimg.com\/profile_images\/693449419988078597\/oUnm4guM_normal.jpg","profile_banner_url":"https:\/\/pbs.twimg.com\/profile_banners\/1041453240\/1408189928","profile_link_color":"0084B4","profile_sidebar_border_color":"C0DEED","profile_sidebar_fill_color":"DDEEF6","profile_text_color":"333333","profile_use_background_image":true,"has_extended_profile":false,"default_profile":true,"default_profile_image":false,"following":false,"follow_request_sent":false,"notifications":false},"geo":null,"coordinates":null,"place":null,"contributors":null,"is_quote_status":false,"retweet_count":303,"favorite_count":566,"entities":{"hashtags":[{"text":"COAS","indices":[0,5]}],"symbols":[],"user_mentions":[],"urls":[]},"favorited":false,"retweeted":false,"lang":"en"},{"created_at":"Wed Feb 24 09:27:40 +0000 2016","id":702424643538395136,"id_str":"702424643538395136","text":"#COAS visited Shawal Valley,N. Waziristan today,reviewed progress of ongoing ops.Briefed by Ops comd about op gains so far&amp;impending ops-1","truncated":false,"source":"\u003ca href=\"http:\/\/twitter.com\/download\/iphone\" rel=\"nofollow\"\u003eTwitter for iPhone\u003c\/a\u003e","in_reply_to_status_id":null,"in_reply_to_status_id_str":null,"in_reply_to_user_id":null,"in_reply_to_user_id_str":null,"in_reply_to_screen_name":null,"user":{"id":1041453240,"id_str":"1041453240","name":"Gen Asim Bajwa","screen_name":"AsimBajwaISPR","location":"Pakistan","description":"Director General ISPR. Tweets do not necessarily reflect policy of the organization\nhttps:\/\/t.co\/XWcHnteSVs \/","url":"https:\/\/t.co\/y8vxQR87cs","entities":{"url":{"urls":[{"url":"https:\/\/t.co\/y8vxQR87cs","expanded_url":"http:\/\/www.ispr.gov.pk","display_url":"ispr.gov.pk","indices":[0,23]}]},"description":{"urls":[{"url":"https:\/\/t.co\/XWcHnteSVs","expanded_url":"https:\/\/www.facebook.com\/AsimBajwaISPR","display_url":"facebook.com\/AsimBajwaISPR","indices":[84,107]}]}},"protected":false,"followers_count":1809865,"friends_count":16,"listed_count":943,"created_at":"Fri Dec 28 06:07:27 +0000 2012","favourites_count":47,"utc_offset":18000,"time_zone":"Islamabad","geo_enabled":true,"verified":false,"statuses_count":1275,"lang":"en","contributors_enabled":false,"is_translator":false,"is_translation_enabled":false,"profile_background_color":"C0DEED","profile_background_image_url":"http:\/\/abs.twimg.com\/images\/themes\/theme1\/bg.png","profile_background_image_url_https":"https:\/\/abs.twimg.com\/images\/themes\/theme1\/bg.png","profile_background_tile":false,"profile_image_url":"http:\/\/pbs.twimg.com\/profile_images\/693449419988078597\/oUnm4guM_normal.jpg","profile_image_url_https":"https:\/\/pbs.twimg.com\/profile_images\/693449419988078597\/oUnm4guM_normal.jpg","profile_banner_url":"https:\/\/pbs.twimg.com\/profile_banners\/1041453240\/1408189928","profile_link_color":"0084B4","profile_sidebar_border_color":"C0DEED","profile_sidebar_fill_color":"DDEEF6","profile_text_color":"333333","profile_use_background_image":true,"has_extended_profile":false,"default_profile":true,"default_profile_image":false,"following":false,"follow_request_sent":false,"notifications":false},"geo":null,"coordinates":null,"place":null,"contributors":null,"is_quote_status":false,"retweet_count":330,"favorite_count":626,"entities":{"hashtags":[{"text":"COAS","indices":[0,5]}],"symbols":[],"user_mentions":[],"urls":[]},"favorited":false,"retweeted":false,"lang":"en"},{"created_at":"Wed Feb 24 02:56:34 +0000 2016","id":702326221468782592,"id_str":"702326221468782592","text":"#COAS leaves for Shawal Area in North Wasiristan.Will visit front lines and meet with troops participating in Op Zarb-e-Azb","truncated":false,"source":"\u003ca href=\"http:\/\/twitter.com\/download\/iphone\" rel=\"nofollow\"\u003eTwitter for iPhone\u003c\/a\u003e","in_reply_to_status_id":null,"in_reply_to_status_id_str":null,"in_reply_to_user_id":null,"in_reply_to_user_id_str":null,"in_reply_to_screen_name":null,"user":{"id":1041453240,"id_str":"1041453240","name":"Gen Asim Bajwa","screen_name":"AsimBajwaISPR","location":"Pakistan","description":"Director General ISPR. Tweets do not necessarily reflect policy of the organization\nhttps:\/\/t.co\/XWcHnteSVs \/","url":"https:\/\/t.co\/y8vxQR87cs","entities":{"url":{"urls":[{"url":"https:\/\/t.co\/y8vxQR87cs","expanded_url":"http:\/\/www.ispr.gov.pk","display_url":"ispr.gov.pk","indices":[0,23]}]},"description":{"urls":[{"url":"https:\/\/t.co\/XWcHnteSVs","expanded_url":"https:\/\/www.facebook.com\/AsimBajwaISPR","display_url":"facebook.com\/AsimBajwaISPR","indices":[84,107]}]}},"protected":false,"followers_count":1809865,"friends_count":16,"listed_count":943,"created_at":"Fri Dec 28 06:07:27 +0000 2012","favourites_count":47,"utc_offset":18000,"time_zone":"Islamabad","geo_enabled":true,"verified":false,"statuses_count":1275,"lang":"en","contributors_enabled":false,"is_translator":false,"is_translation_enabled":false,"profile_background_color":"C0DEED","profile_background_image_url":"http:\/\/abs.twimg.com\/images\/themes\/theme1\/bg.png","profile_background_image_url_https":"https:\/\/abs.twimg.com\/images\/themes\/theme1\/bg.png","profile_background_tile":false,"profile_image_url":"http:\/\/pbs.twimg.com\/profile_images\/693449419988078597\/oUnm4guM_normal.jpg","profile_image_url_https":"https:\/\/pbs.twimg.com\/profile_images\/693449419988078597\/oUnm4guM_normal.jpg","profile_banner_url":"https:\/\/pbs.twimg.com\/profile_banners\/1041453240\/1408189928","profile_link_color":"0084B4","profile_sidebar_border_color":"C0DEED","profile_sidebar_fill_color":"DDEEF6","profile_text_color":"333333","profile_use_background_image":true,"has_extended_profile":false,"default_profile":true,"default_profile_image":false,"following":false,"follow_request_sent":false,"notifications":false},"geo":null,"coordinates":null,"place":null,"contributors":null,"is_quote_status":false,"retweet_count":404,"favorite_count":1026,"entities":{"hashtags":[{"text":"COAS","indices":[0,5]}],"symbols":[],"user_mentions":[],"urls":[]},"favorited":false,"retweeted":false,"lang":"en"}]