[{"created_at":"Thu Jun 09 07:20:09 +0000 2016","id":740805668731539456,"id_str":"740805668731539456","text":"Don't undersell your ideas. Here are 15 great #PowerPoint templates that'll pump up your presentation. https:\/\/t.co\/8NEm27PBzh","truncated":false,"entities":{"hashtags":[{"text":"PowerPoint","indices":[46,57]}],"symbols":[],"user_mentions":[],"urls":[{"url":"https:\/\/t.co\/8NEm27PBzh","expanded_url":"http:\/\/enva.to\/sqadS","display_url":"enva.to\/sqadS","indices":[103,126]}]},"source":"\u003ca href=\"http:\/\/www.hootsuite.com\" rel=\"nofollow\"\u003eHootsuite\u003c\/a\u003e","in_reply_to_status_id":null,"in_reply_to_status_id_str":null,"in_reply_to_user_id":null,"in_reply_to_user_id_str":null,"in_reply_to_screen_name":null,"user":{"id":16582191,"id_str":"16582191","name":"Envato","screen_name":"envato","location":"Melbourne","description":"A global community of designers & developers. #Australian made #startup @envatomarket @tutsplus. Customer support @envato_help","url":"http:\/\/t.co\/5OvUThFPYI","entities":{"url":{"urls":[{"url":"http:\/\/t.co\/5OvUThFPYI","expanded_url":"http:\/\/envato.com","display_url":"envato.com","indices":[0,22]}]},"description":{"urls":[]}},"protected":false,"followers_count":59455,"friends_count":1483,"listed_count":1983,"created_at":"Fri Oct 03 19:11:51 +0000 2008","favourites_count":670,"utc_offset":36000,"time_zone":"Melbourne","geo_enabled":false,"verified":true,"statuses_count":7652,"lang":"en","contributors_enabled":false,"is_translator":false,"is_translation_enabled":false,"profile_background_color":"323435","profile_background_image_url":"http:\/\/pbs.twimg.com\/profile_background_images\/378800000036129044\/4aaf87e960f30537daa1a0a0c3c4fc31.jpeg","profile_background_image_url_https":"https:\/\/pbs.twimg.com\/profile_background_images\/378800000036129044\/4aaf87e960f30537daa1a0a0c3c4fc31.jpeg","profile_background_tile":false,"profile_image_url":"http:\/\/pbs.twimg.com\/profile_images\/655904741617086464\/nwevoHSQ_normal.png","profile_image_url_https":"https:\/\/pbs.twimg.com\/profile_images\/655904741617086464\/nwevoHSQ_normal.png","profile_banner_url":"https:\/\/pbs.twimg.com\/profile_banners\/16582191\/1448924865","profile_link_color":"83B449","profile_sidebar_border_color":"FFFFFF","profile_sidebar_fill_color":"6C9450","profile_text_color":"242424","profile_use_background_image":true,"has_extended_profile":false,"default_profile":false,"default_profile_image":false,"following":false,"follow_request_sent":false,"notifications":false},"geo":null,"coordinates":null,"place":null,"contributors":null,"is_quote_status":false,"retweet_count":2,"favorite_count":4,"favorited":false,"retweeted":false,"possibly_sensitive":false,"lang":"en"},{"created_at":"Thu Jun 09 04:06:51 +0000 2016","id":740757020853325824,"id_str":"740757020853325824","text":"Simple grunge to complex star-laden nebulas; 10 backgrounds every graphic designer needs. https:\/\/t.co\/3dpeU8mC2G https:\/\/t.co\/E2OPwMuq9n","truncated":false,"entities":{"hashtags":[],"symbols":[],"user_mentions":[],"urls":[{"url":"https:\/\/t.co\/3dpeU8mC2G","expanded_url":"http:\/\/enva.to\/WHfCa","display_url":"enva.to\/WHfCa","indices":[90,113]}],"media":[{"id":740757018588418048,"id_str":"740757018588418048","indices":[114,137],"media_url":"http:\/\/pbs.twimg.com\/media\/CkeylW3XEAAFDcq.jpg","media_url_https":"https:\/\/pbs.twimg.com\/media\/CkeylW3XEAAFDcq.jpg","url":"https:\/\/t.co\/E2OPwMuq9n","display_url":"pic.twitter.com\/E2OPwMuq9n","expanded_url":"http:\/\/twitter.com\/envato\/status\/740757020853325824\/photo\/1","type":"photo","sizes":{"medium":{"w":506,"h":253,"resize":"fit"},"thumb":{"w":150,"h":150,"resize":"crop"},"large":{"w":506,"h":253,"resize":"fit"},"small":{"w":506,"h":253,"resize":"fit"}}}]},"extended_entities":{"media":[{"id":740757018588418048,"id_str":"740757018588418048","indices":[114,137],"media_url":"http:\/\/pbs.twimg.com\/media\/CkeylW3XEAAFDcq.jpg","media_url_https":"https:\/\/pbs.twimg.com\/media\/CkeylW3XEAAFDcq.jpg","url":"https:\/\/t.co\/E2OPwMuq9n","display_url":"pic.twitter.com\/E2OPwMuq9n","expanded_url":"http:\/\/twitter.com\/envato\/status\/740757020853325824\/photo\/1","type":"photo","sizes":{"medium":{"w":506,"h":253,"resize":"fit"},"thumb":{"w":150,"h":150,"resize":"crop"},"large":{"w":506,"h":253,"resize":"fit"},"small":{"w":506,"h":253,"resize":"fit"}}}]},"source":"\u003ca href=\"http:\/\/www.hootsuite.com\" rel=\"nofollow\"\u003eHootsuite\u003c\/a\u003e","in_reply_to_status_id":null,"in_reply_to_status_id_str":null,"in_reply_to_user_id":null,"in_reply_to_user_id_str":null,"in_reply_to_screen_name":null,"user":{"id":16582191,"id_str":"16582191","name":"Envato","screen_name":"envato","location":"Melbourne","description":"A global community of designers & developers. #Australian made #startup @envatomarket @tutsplus. Customer support @envato_help","url":"http:\/\/t.co\/5OvUThFPYI","entities":{"url":{"urls":[{"url":"http:\/\/t.co\/5OvUThFPYI","expanded_url":"http:\/\/envato.com","display_url":"envato.com","indices":[0,22]}]},"description":{"urls":[]}},"protected":false,"followers_count":59455,"friends_count":1483,"listed_count":1983,"created_at":"Fri Oct 03 19:11:51 +0000 2008","favourites_count":670,"utc_offset":36000,"time_zone":"Melbourne","geo_enabled":false,"verified":true,"statuses_count":7652,"lang":"en","contributors_enabled":false,"is_translator":false,"is_translation_enabled":false,"profile_background_color":"323435","profile_background_image_url":"http:\/\/pbs.twimg.com\/profile_background_images\/378800000036129044\/4aaf87e960f30537daa1a0a0c3c4fc31.jpeg","profile_background_image_url_https":"https:\/\/pbs.twimg.com\/profile_background_images\/378800000036129044\/4aaf87e960f30537daa1a0a0c3c4fc31.jpeg","profile_background_tile":false,"profile_image_url":"http:\/\/pbs.twimg.com\/profile_images\/655904741617086464\/nwevoHSQ_normal.png","profile_image_url_https":"https:\/\/pbs.twimg.com\/profile_images\/655904741617086464\/nwevoHSQ_normal.png","profile_banner_url":"https:\/\/pbs.twimg.com\/profile_banners\/16582191\/1448924865","profile_link_color":"83B449","profile_sidebar_border_color":"FFFFFF","profile_sidebar_fill_color":"6C9450","profile_text_color":"242424","profile_use_background_image":true,"has_extended_profile":false,"default_profile":false,"default_profile_image":false,"following":false,"follow_request_sent":false,"notifications":false},"geo":null,"coordinates":null,"place":null,"contributors":null,"is_quote_status":false,"retweet_count":0,"favorite_count":1,"favorited":false,"retweeted":false,"possibly_sensitive":false,"lang":"en"},{"created_at":"Wed Jun 08 23:46:23 +0000 2016","id":740691475101536256,"id_str":"740691475101536256","text":"Still time to enter. Get Photoshopping! https:\/\/t.co\/ZtqoVm9eWb https:\/\/t.co\/Bplo8mNiDe","truncated":false,"entities":{"hashtags":[],"symbols":[],"user_mentions":[],"urls":[{"url":"https:\/\/t.co\/ZtqoVm9eWb","expanded_url":"http:\/\/enva.to\/vSY7A","display_url":"enva.to\/vSY7A","indices":[40,63]}],"media":[{"id":740691473155403776,"id_str":"740691473155403776","indices":[64,87],"media_url":"http:\/\/pbs.twimg.com\/media\/Ckd2-HGWsAADgmU.jpg","media_url_https":"https:\/\/pbs.twimg.com\/media\/Ckd2-HGWsAADgmU.jpg","url":"https:\/\/t.co\/Bplo8mNiDe","display_url":"pic.twitter.com\/Bplo8mNiDe","expanded_url":"http:\/\/twitter.com\/envato\/status\/740691475101536256\/photo\/1","type":"photo","sizes":{"medium":{"w":506,"h":253,"resize":"fit"},"thumb":{"w":150,"h":150,"resize":"crop"},"large":{"w":506,"h":253,"resize":"fit"},"small":{"w":506,"h":253,"resize":"fit"}}}]},"extended_entities":{"media":[{"id":740691473155403776,"id_str":"740691473155403776","indices":[64,87],"media_url":"http:\/\/pbs.twimg.com\/media\/Ckd2-HGWsAADgmU.jpg","media_url_https":"https:\/\/pbs.twimg.com\/media\/Ckd2-HGWsAADgmU.jpg","url":"https:\/\/t.co\/Bplo8mNiDe","display_url":"pic.twitter.com\/Bplo8mNiDe","expanded_url":"http:\/\/twitter.com\/envato\/status\/740691475101536256\/photo\/1","type":"photo","sizes":{"medium":{"w":506,"h":253,"resize":"fit"},"thumb":{"w":150,"h":150,"resize":"crop"},"large":{"w":506,"h":253,"resize":"fit"},"small":{"w":506,"h":253,"resize":"fit"}}}]},"source":"\u003ca href=\"http:\/\/www.hootsuite.com\" rel=\"nofollow\"\u003eHootsuite\u003c\/a\u003e","in_reply_to_status_id":null,"in_reply_to_status_id_str":null,"in_reply_to_user_id":null,"in_reply_to_user_id_str":null,"in_reply_to_screen_name":null,"user":{"id":16582191,"id_str":"16582191","name":"Envato","screen_name":"envato","location":"Melbourne","description":"A global community of designers & developers. #Australian made #startup @envatomarket @tutsplus. Customer support @envato_help","url":"http:\/\/t.co\/5OvUThFPYI","entities":{"url":{"urls":[{"url":"http:\/\/t.co\/5OvUThFPYI","expanded_url":"http:\/\/envato.com","display_url":"envato.com","indices":[0,22]}]},"description":{"urls":[]}},"protected":false,"followers_count":59455,"friends_count":1483,"listed_count":1983,"created_at":"Fri Oct 03 19:11:51 +0000 2008","favourites_count":670,"utc_offset":36000,"time_zone":"Melbourne","geo_enabled":false,"verified":true,"statuses_count":7652,"lang":"en","contributors_enabled":false,"is_translator":false,"is_translation_enabled":false,"profile_background_color":"323435","profile_background_image_url":"http:\/\/pbs.twimg.com\/profile_background_images\/378800000036129044\/4aaf87e960f30537daa1a0a0c3c4fc31.jpeg","profile_background_image_url_https":"https:\/\/pbs.twimg.com\/profile_background_images\/378800000036129044\/4aaf87e960f30537daa1a0a0c3c4fc31.jpeg","profile_background_tile":false,"profile_image_url":"http:\/\/pbs.twimg.com\/profile_images\/655904741617086464\/nwevoHSQ_normal.png","profile_image_url_https":"https:\/\/pbs.twimg.com\/profile_images\/655904741617086464\/nwevoHSQ_normal.png","profile_banner_url":"https:\/\/pbs.twimg.com\/profile_banners\/16582191\/1448924865","profile_link_color":"83B449","profile_sidebar_border_color":"FFFFFF","profile_sidebar_fill_color":"6C9450","profile_text_color":"242424","profile_use_background_image":true,"has_extended_profile":false,"default_profile":false,"default_profile_image":false,"following":false,"follow_request_sent":false,"notifications":false},"geo":null,"coordinates":null,"place":null,"contributors":null,"is_quote_status":false,"retweet_count":3,"favorite_count":5,"favorited":false,"retweeted":false,"possibly_sensitive":false,"lang":"en"},{"created_at":"Tue Jun 07 10:50:13 +0000 2016","id":740133758951690240,"id_str":"740133758951690240","text":"Free files &amp; a chance to get an early look at something cool we're working on. \ud83d\udcaf https:\/\/t.co\/Rf9kbWTZ4W https:\/\/t.co\/hkNWw5Rr04","truncated":false,"entities":{"hashtags":[],"symbols":[],"user_mentions":[],"urls":[{"url":"https:\/\/t.co\/Rf9kbWTZ4W","expanded_url":"http:\/\/enva.to\/elements","display_url":"enva.to\/elements","indices":[85,108]}],"media":[{"id":740133755478773760,"id_str":"740133755478773760","indices":[109,132],"media_url":"http:\/\/pbs.twimg.com\/tweet_video_thumb\/CkV7uq2WkAA4pu5.jpg","media_url_https":"https:\/\/pbs.twimg.com\/tweet_video_thumb\/CkV7uq2WkAA4pu5.jpg","url":"https:\/\/t.co\/hkNWw5Rr04","display_url":"pic.twitter.com\/hkNWw5Rr04","expanded_url":"http:\/\/twitter.com\/envato\/status\/740133758951690240\/photo\/1","type":"photo","sizes":{"small":{"w":340,"h":340,"resize":"fit"},"thumb":{"w":150,"h":150,"resize":"crop"},"medium":{"w":600,"h":600,"resize":"fit"},"large":{"w":1024,"h":1024,"resize":"fit"}}}]},"extended_entities":{"media":[{"id":740133755478773760,"id_str":"740133755478773760","indices":[109,132],"media_url":"http:\/\/pbs.twimg.com\/tweet_video_thumb\/CkV7uq2WkAA4pu5.jpg","media_url_https":"https:\/\/pbs.twimg.com\/tweet_video_thumb\/CkV7uq2WkAA4pu5.jpg","url":"https:\/\/t.co\/hkNWw5Rr04","display_url":"pic.twitter.com\/hkNWw5Rr04","expanded_url":"http:\/\/twitter.com\/envato\/status\/740133758951690240\/photo\/1","type":"animated_gif","sizes":{"small":{"w":340,"h":340,"resize":"fit"},"thumb":{"w":150,"h":150,"resize":"crop"},"medium":{"w":600,"h":600,"resize":"fit"},"large":{"w":1024,"h":1024,"resize":"fit"}},"video_info":{"aspect_ratio":[1,1],"variants":[{"bitrate":0,"content_type":"video\/mp4","url":"https:\/\/pbs.twimg.com\/tweet_video\/CkV7uq2WkAA4pu5.mp4"}]}}]},"source":"\u003ca href=\"http:\/\/www.hootsuite.com\" rel=\"nofollow\"\u003eHootsuite\u003c\/a\u003e","in_reply_to_status_id":null,"in_reply_to_status_id_str":null,"in_reply_to_user_id":null,"in_reply_to_user_id_str":null,"in_reply_to_screen_name":null,"user":{"id":16582191,"id_str":"16582191","name":"Envato","screen_name":"envato","location":"Melbourne","description":"A global community of designers & developers. #Australian made #startup @envatomarket @tutsplus. Customer support @envato_help","url":"http:\/\/t.co\/5OvUThFPYI","entities":{"url":{"urls":[{"url":"http:\/\/t.co\/5OvUThFPYI","expanded_url":"http:\/\/envato.com","display_url":"envato.com","indices":[0,22]}]},"description":{"urls":[]}},"protected":false,"followers_count":59455,"friends_count":1483,"listed_count":1983,"created_at":"Fri Oct 03 19:11:51 +0000 2008","favourites_count":670,"utc_offset":36000,"time_zone":"Melbourne","geo_enabled":false,"verified":true,"statuses_count":7652,"lang":"en","contributors_enabled":false,"is_translator":false,"is_translation_enabled":false,"profile_background_color":"323435","profile_background_image_url":"http:\/\/pbs.twimg.com\/profile_background_images\/378800000036129044\/4aaf87e960f30537daa1a0a0c3c4fc31.jpeg","profile_background_image_url_https":"https:\/\/pbs.twimg.com\/profile_background_images\/378800000036129044\/4aaf87e960f30537daa1a0a0c3c4fc31.jpeg","profile_background_tile":false,"profile_image_url":"http:\/\/pbs.twimg.com\/profile_images\/655904741617086464\/nwevoHSQ_normal.png","profile_image_url_https":"https:\/\/pbs.twimg.com\/profile_images\/655904741617086464\/nwevoHSQ_normal.png","profile_banner_url":"https:\/\/pbs.twimg.com\/profile_banners\/16582191\/1448924865","profile_link_color":"83B449","profile_sidebar_border_color":"FFFFFF","profile_sidebar_fill_color":"6C9450","profile_text_color":"242424","profile_use_background_image":true,"has_extended_profile":false,"default_profile":false,"default_profile_image":false,"following":false,"follow_request_sent":false,"notifications":false},"geo":null,"coordinates":null,"place":null,"contributors":null,"is_quote_status":false,"retweet_count":4,"favorite_count":4,"favorited":false,"retweeted":false,"possibly_sensitive":false,"lang":"en"},{"created_at":"Tue Jun 07 04:57:37 +0000 2016","id":740045025015418880,"id_str":"740045025015418880","text":"RT @Carly_Burg: Join the @Envato crew as a #Marketing Director, great benefits! Apply: https:\/\/t.co\/f9pxx3za9q #jobs #digital https:\/\/t.co\/\u2026","truncated":false,"entities":{"hashtags":[{"text":"Marketing","indices":[43,53]},{"text":"jobs","indices":[111,116]},{"text":"digital","indices":[117,125]}],"symbols":[],"user_mentions":[{"screen_name":"Carly_Burg","name":"Carly Burgess","id":3219950390,"id_str":"3219950390","indices":[3,14]},{"screen_name":"envato","name":"Envato","id":16582191,"id_str":"16582191","indices":[25,32]}],"urls":[{"url":"https:\/\/t.co\/f9pxx3za9q","expanded_url":"http:\/\/grnh.se\/3lytqk","display_url":"grnh.se\/3lytqk","indices":[87,110]},{"url":"https:\/\/t.co\/SP1Er1oZ2h","expanded_url":"https:\/\/youtu.be\/nrJtHemSPW4","display_url":"youtu.be\/nrJtHemSPW4","indices":[126,140]}]},"source":"\u003ca href=\"http:\/\/www.hootsuite.com\" rel=\"nofollow\"\u003eHootsuite\u003c\/a\u003e","in_reply_to_status_id":null,"in_reply_to_status_id_str":null,"in_reply_to_user_id":null,"in_reply_to_user_id_str":null,"in_reply_to_screen_name":null,"user":{"id":16582191,"id_str":"16582191","name":"Envato","screen_name":"envato","location":"Melbourne","description":"A global community of designers & developers. #Australian made #startup @envatomarket @tutsplus. Customer support @envato_help","url":"http:\/\/t.co\/5OvUThFPYI","entities":{"url":{"urls":[{"url":"http:\/\/t.co\/5OvUThFPYI","expanded_url":"http:\/\/envato.com","display_url":"envato.com","indices":[0,22]}]},"description":{"urls":[]}},"protected":false,"followers_count":59455,"friends_count":1483,"listed_count":1983,"created_at":"Fri Oct 03 19:11:51 +0000 2008","favourites_count":670,"utc_offset":36000,"time_zone":"Melbourne","geo_enabled":false,"verified":true,"statuses_count":7652,"lang":"en","contributors_enabled":false,"is_translator":false,"is_translation_enabled":false,"profile_background_color":"323435","profile_background_image_url":"http:\/\/pbs.twimg.com\/profile_background_images\/378800000036129044\/4aaf87e960f30537daa1a0a0c3c4fc31.jpeg","profile_background_image_url_https":"https:\/\/pbs.twimg.com\/profile_background_images\/378800000036129044\/4aaf87e960f30537daa1a0a0c3c4fc31.jpeg","profile_background_tile":false,"profile_image_url":"http:\/\/pbs.twimg.com\/profile_images\/655904741617086464\/nwevoHSQ_normal.png","profile_image_url_https":"https:\/\/pbs.twimg.com\/profile_images\/655904741617086464\/nwevoHSQ_normal.png","profile_banner_url":"https:\/\/pbs.twimg.com\/profile_banners\/16582191\/1448924865","profile_link_color":"83B449","profile_sidebar_border_color":"FFFFFF","profile_sidebar_fill_color":"6C9450","profile_text_color":"242424","profile_use_background_image":true,"has_extended_profile":false,"default_profile":false,"default_profile_image":false,"following":false,"follow_request_sent":false,"notifications":false},"geo":null,"coordinates":null,"place":null,"contributors":null,"retweeted_status":{"created_at":"Tue Jun 07 04:19:41 +0000 2016","id":740035476564914176,"id_str":"740035476564914176","text":"Join the @Envato crew as a #Marketing Director, great benefits! Apply: https:\/\/t.co\/f9pxx3za9q #jobs #digital https:\/\/t.co\/SP1Er1oZ2h","truncated":false,"entities":{"hashtags":[{"text":"Marketing","indices":[27,37]},{"text":"jobs","indices":[95,100]},{"text":"digital","indices":[101,109]}],"symbols":[],"user_mentions":[{"screen_name":"envato","name":"Envato","id":16582191,"id_str":"16582191","indices":[9,16]}],"urls":[{"url":"https:\/\/t.co\/f9pxx3za9q","expanded_url":"http:\/\/grnh.se\/3lytqk","display_url":"grnh.se\/3lytqk","indices":[71,94]},{"url":"https:\/\/t.co\/SP1Er1oZ2h","expanded_url":"https:\/\/youtu.be\/nrJtHemSPW4","display_url":"youtu.be\/nrJtHemSPW4","indices":[110,133]}]},"source":"\u003ca href=\"http:\/\/www.greenhouse.io\" rel=\"nofollow\"\u003eGreenhouse.io\u003c\/a\u003e","in_reply_to_status_id":null,"in_reply_to_status_id_str":null,"in_reply_to_user_id":null,"in_reply_to_user_id_str":null,"in_reply_to_screen_name":null,"user":{"id":3219950390,"id_str":"3219950390","name":"Carly Burgess","screen_name":"Carly_Burg","location":"","description":"HR \/ Recruitment Team at Envato","url":"https:\/\/t.co\/jl2xCCfx19","entities":{"url":{"urls":[{"url":"https:\/\/t.co\/jl2xCCfx19","expanded_url":"http:\/\/careers.envato.com\/","display_url":"careers.envato.com","indices":[0,23]}]},"description":{"urls":[]}},"protected":false,"followers_count":154,"friends_count":124,"listed_count":7,"created_at":"Tue May 19 03:49:21 +0000 2015","favourites_count":67,"utc_offset":-25200,"time_zone":"Pacific Time (US & Canada)","geo_enabled":true,"verified":false,"statuses_count":118,"lang":"en","contributors_enabled":false,"is_translator":false,"is_translation_enabled":false,"profile_background_color":"C0DEED","profile_background_image_url":"http:\/\/abs.twimg.com\/images\/themes\/theme1\/bg.png","profile_background_image_url_https":"https:\/\/abs.twimg.com\/images\/themes\/theme1\/bg.png","profile_background_tile":false,"profile_image_url":"http:\/\/pbs.twimg.com\/profile_images\/663877385914183680\/57HXTJnf_normal.jpg","profile_image_url_https":"https:\/\/pbs.twimg.com\/profile_images\/663877385914183680\/57HXTJnf_normal.jpg","profile_banner_url":"https:\/\/pbs.twimg.com\/profile_banners\/3219950390\/1447972786","profile_link_color":"0084B4","profile_sidebar_border_color":"C0DEED","profile_sidebar_fill_color":"DDEEF6","profile_text_color":"333333","profile_use_background_image":true,"has_extended_profile":false,"default_profile":true,"default_profile_image":false,"following":false,"follow_request_sent":false,"notifications":false},"geo":null,"coordinates":null,"place":null,"contributors":null,"is_quote_status":false,"retweet_count":5,"favorite_count":15,"favorited":false,"retweeted":false,"possibly_sensitive":false,"lang":"en"},"is_quote_status":false,"retweet_count":5,"favorite_count":0,"favorited":false,"retweeted":false,"possibly_sensitive":false,"lang":"en"},{"created_at":"Mon Jun 06 22:37:02 +0000 2016","id":739949248091979776,"id_str":"739949248091979776","text":"Want to win a share of $2000? Show us your best Apple iTunes interface redesign. https:\/\/t.co\/kZ0OtOqyqL https:\/\/t.co\/STKz6bQ6VR","truncated":false,"entities":{"hashtags":[],"symbols":[],"user_mentions":[],"urls":[{"url":"https:\/\/t.co\/kZ0OtOqyqL","expanded_url":"http:\/\/enva.to\/HULFN","display_url":"enva.to\/HULFN","indices":[81,104]}],"media":[{"id":739949247664099329,"id_str":"739949247664099329","indices":[105,128],"media_url":"http:\/\/pbs.twimg.com\/media\/CkTT65rWEAEP2Bm.jpg","media_url_https":"https:\/\/pbs.twimg.com\/media\/CkTT65rWEAEP2Bm.jpg","url":"https:\/\/t.co\/STKz6bQ6VR","display_url":"pic.twitter.com\/STKz6bQ6VR","expanded_url":"http:\/\/twitter.com\/envato\/status\/739949248091979776\/photo\/1","type":"photo","sizes":{"small":{"w":506,"h":253,"resize":"fit"},"large":{"w":506,"h":253,"resize":"fit"},"thumb":{"w":150,"h":150,"resize":"crop"},"medium":{"w":506,"h":253,"resize":"fit"}}}]},"extended_entities":{"media":[{"id":739949247664099329,"id_str":"739949247664099329","indices":[105,128],"media_url":"http:\/\/pbs.twimg.com\/media\/CkTT65rWEAEP2Bm.jpg","media_url_https":"https:\/\/pbs.twimg.com\/media\/CkTT65rWEAEP2Bm.jpg","url":"https:\/\/t.co\/STKz6bQ6VR","display_url":"pic.twitter.com\/STKz6bQ6VR","expanded_url":"http:\/\/twitter.com\/envato\/status\/739949248091979776\/photo\/1","type":"photo","sizes":{"small":{"w":506,"h":253,"resize":"fit"},"large":{"w":506,"h":253,"resize":"fit"},"thumb":{"w":150,"h":150,"resize":"crop"},"medium":{"w":506,"h":253,"resize":"fit"}}}]},"source":"\u003ca href=\"http:\/\/www.hootsuite.com\" rel=\"nofollow\"\u003eHootsuite\u003c\/a\u003e","in_reply_to_status_id":null,"in_reply_to_status_id_str":null,"in_reply_to_user_id":null,"in_reply_to_user_id_str":null,"in_reply_to_screen_name":null,"user":{"id":16582191,"id_str":"16582191","name":"Envato","screen_name":"envato","location":"Melbourne","description":"A global community of designers & developers. #Australian made #startup @envatomarket @tutsplus. Customer support @envato_help","url":"http:\/\/t.co\/5OvUThFPYI","entities":{"url":{"urls":[{"url":"http:\/\/t.co\/5OvUThFPYI","expanded_url":"http:\/\/envato.com","display_url":"envato.com","indices":[0,22]}]},"description":{"urls":[]}},"protected":false,"followers_count":59455,"friends_count":1483,"listed_count":1983,"created_at":"Fri Oct 03 19:11:51 +0000 2008","favourites_count":670,"utc_offset":36000,"time_zone":"Melbourne","geo_enabled":false,"verified":true,"statuses_count":7652,"lang":"en","contributors_enabled":false,"is_translator":false,"is_translation_enabled":false,"profile_background_color":"323435","profile_background_image_url":"http:\/\/pbs.twimg.com\/profile_background_images\/378800000036129044\/4aaf87e960f30537daa1a0a0c3c4fc31.jpeg","profile_background_image_url_https":"https:\/\/pbs.twimg.com\/profile_background_images\/378800000036129044\/4aaf87e960f30537daa1a0a0c3c4fc31.jpeg","profile_background_tile":false,"profile_image_url":"http:\/\/pbs.twimg.com\/profile_images\/655904741617086464\/nwevoHSQ_normal.png","profile_image_url_https":"https:\/\/pbs.twimg.com\/profile_images\/655904741617086464\/nwevoHSQ_normal.png","profile_banner_url":"https:\/\/pbs.twimg.com\/profile_banners\/16582191\/1448924865","profile_link_color":"83B449","profile_sidebar_border_color":"FFFFFF","profile_sidebar_fill_color":"6C9450","profile_text_color":"242424","profile_use_background_image":true,"has_extended_profile":false,"default_profile":false,"default_profile_image":false,"following":false,"follow_request_sent":false,"notifications":false},"geo":null,"coordinates":null,"place":null,"contributors":null,"is_quote_status":false,"retweet_count":1,"favorite_count":2,"favorited":false,"retweeted":false,"possibly_sensitive":false,"lang":"en"},{"created_at":"Mon Jun 06 12:40:13 +0000 2016","id":739799051613405188,"id_str":"739799051613405188","text":"Grab a few free files to help you with your projects. https:\/\/t.co\/lcrcwB5Pdc https:\/\/t.co\/gx7Sf3WHYX","truncated":false,"entities":{"hashtags":[],"symbols":[],"user_mentions":[],"urls":[{"url":"https:\/\/t.co\/lcrcwB5Pdc","expanded_url":"http:\/\/enva.to\/9SB7D","display_url":"enva.to\/9SB7D","indices":[54,77]}],"media":[{"id":739799049554014208,"id_str":"739799049554014208","indices":[78,101],"media_url":"http:\/\/pbs.twimg.com\/media\/CkRLUOHWsAAK8VV.jpg","media_url_https":"https:\/\/pbs.twimg.com\/media\/CkRLUOHWsAAK8VV.jpg","url":"https:\/\/t.co\/gx7Sf3WHYX","display_url":"pic.twitter.com\/gx7Sf3WHYX","expanded_url":"http:\/\/twitter.com\/envato\/status\/739799051613405188\/photo\/1","type":"photo","sizes":{"thumb":{"w":150,"h":150,"resize":"crop"},"large":{"w":850,"h":388,"resize":"fit"},"small":{"w":680,"h":310,"resize":"fit"},"medium":{"w":850,"h":388,"resize":"fit"}}}]},"extended_entities":{"media":[{"id":739799049554014208,"id_str":"739799049554014208","indices":[78,101],"media_url":"http:\/\/pbs.twimg.com\/media\/CkRLUOHWsAAK8VV.jpg","media_url_https":"https:\/\/pbs.twimg.com\/media\/CkRLUOHWsAAK8VV.jpg","url":"https:\/\/t.co\/gx7Sf3WHYX","display_url":"pic.twitter.com\/gx7Sf3WHYX","expanded_url":"http:\/\/twitter.com\/envato\/status\/739799051613405188\/photo\/1","type":"photo","sizes":{"thumb":{"w":150,"h":150,"resize":"crop"},"large":{"w":850,"h":388,"resize":"fit"},"small":{"w":680,"h":310,"resize":"fit"},"medium":{"w":850,"h":388,"resize":"fit"}}}]},"source":"\u003ca href=\"http:\/\/www.hootsuite.com\" rel=\"nofollow\"\u003eHootsuite\u003c\/a\u003e","in_reply_to_status_id":null,"in_reply_to_status_id_str":null,"in_reply_to_user_id":null,"in_reply_to_user_id_str":null,"in_reply_to_screen_name":null,"user":{"id":16582191,"id_str":"16582191","name":"Envato","screen_name":"envato","location":"Melbourne","description":"A global community of designers & developers. #Australian made #startup @envatomarket @tutsplus. Customer support @envato_help","url":"http:\/\/t.co\/5OvUThFPYI","entities":{"url":{"urls":[{"url":"http:\/\/t.co\/5OvUThFPYI","expanded_url":"http:\/\/envato.com","display_url":"envato.com","indices":[0,22]}]},"description":{"urls":[]}},"protected":false,"followers_count":59455,"friends_count":1483,"listed_count":1983,"created_at":"Fri Oct 03 19:11:51 +0000 2008","favourites_count":670,"utc_offset":36000,"time_zone":"Melbourne","geo_enabled":false,"verified":true,"statuses_count":7652,"lang":"en","contributors_enabled":false,"is_translator":false,"is_translation_enabled":false,"profile_background_color":"323435","profile_background_image_url":"http:\/\/pbs.twimg.com\/profile_background_images\/378800000036129044\/4aaf87e960f30537daa1a0a0c3c4fc31.jpeg","profile_background_image_url_https":"https:\/\/pbs.twimg.com\/profile_background_images\/378800000036129044\/4aaf87e960f30537daa1a0a0c3c4fc31.jpeg","profile_background_tile":false,"profile_image_url":"http:\/\/pbs.twimg.com\/profile_images\/655904741617086464\/nwevoHSQ_normal.png","profile_image_url_https":"https:\/\/pbs.twimg.com\/profile_images\/655904741617086464\/nwevoHSQ_normal.png","profile_banner_url":"https:\/\/pbs.twimg.com\/profile_banners\/16582191\/1448924865","profile_link_color":"83B449","profile_sidebar_border_color":"FFFFFF","profile_sidebar_fill_color":"6C9450","profile_text_color":"242424","profile_use_background_image":true,"has_extended_profile":false,"default_profile":false,"default_profile_image":false,"following":false,"follow_request_sent":false,"notifications":false},"geo":null,"coordinates":null,"place":null,"contributors":null,"is_quote_status":false,"retweet_count":3,"favorite_count":9,"favorited":false,"retweeted":false,"possibly_sensitive":false,"lang":"en"},{"created_at":"Mon Jun 06 08:31:13 +0000 2016","id":739736389231771648,"id_str":"739736389231771648","text":"A cool new course from @tutsplus for #webdesign beginners; learn CSS typography. https:\/\/t.co\/pMPrgB6PQu https:\/\/t.co\/l924muJKAF","truncated":false,"entities":{"hashtags":[{"text":"webdesign","indices":[37,47]}],"symbols":[],"user_mentions":[{"screen_name":"tutsplus","name":"Envato Tuts+","id":17163743,"id_str":"17163743","indices":[23,32]}],"urls":[{"url":"https:\/\/t.co\/pMPrgB6PQu","expanded_url":"http:\/\/enva.to\/azD7O","display_url":"enva.to\/azD7O","indices":[81,104]}],"media":[{"id":739736387075887104,"id_str":"739736387075887104","indices":[105,128],"media_url":"http:\/\/pbs.twimg.com\/media\/CkQSUyMW0AAqDCY.jpg","media_url_https":"https:\/\/pbs.twimg.com\/media\/CkQSUyMW0AAqDCY.jpg","url":"https:\/\/t.co\/l924muJKAF","display_url":"pic.twitter.com\/l924muJKAF","expanded_url":"http:\/\/twitter.com\/envato\/status\/739736389231771648\/photo\/1","type":"photo","sizes":{"large":{"w":506,"h":253,"resize":"fit"},"thumb":{"w":150,"h":150,"resize":"crop"},"small":{"w":506,"h":253,"resize":"fit"},"medium":{"w":506,"h":253,"resize":"fit"}}}]},"extended_entities":{"media":[{"id":739736387075887104,"id_str":"739736387075887104","indices":[105,128],"media_url":"http:\/\/pbs.twimg.com\/media\/CkQSUyMW0AAqDCY.jpg","media_url_https":"https:\/\/pbs.twimg.com\/media\/CkQSUyMW0AAqDCY.jpg","url":"https:\/\/t.co\/l924muJKAF","display_url":"pic.twitter.com\/l924muJKAF","expanded_url":"http:\/\/twitter.com\/envato\/status\/739736389231771648\/photo\/1","type":"photo","sizes":{"large":{"w":506,"h":253,"resize":"fit"},"thumb":{"w":150,"h":150,"resize":"crop"},"small":{"w":506,"h":253,"resize":"fit"},"medium":{"w":506,"h":253,"resize":"fit"}}}]},"source":"\u003ca href=\"http:\/\/www.hootsuite.com\" rel=\"nofollow\"\u003eHootsuite\u003c\/a\u003e","in_reply_to_status_id":null,"in_reply_to_status_id_str":null,"in_reply_to_user_id":null,"in_reply_to_user_id_str":null,"in_reply_to_screen_name":null,"user":{"id":16582191,"id_str":"16582191","name":"Envato","screen_name":"envato","location":"Melbourne","description":"A global community of designers & developers. #Australian made #startup @envatomarket @tutsplus. Customer support @envato_help","url":"http:\/\/t.co\/5OvUThFPYI","entities":{"url":{"urls":[{"url":"http:\/\/t.co\/5OvUThFPYI","expanded_url":"http:\/\/envato.com","display_url":"envato.com","indices":[0,22]}]},"description":{"urls":[]}},"protected":false,"followers_count":59455,"friends_count":1483,"listed_count":1983,"created_at":"Fri Oct 03 19:11:51 +0000 2008","favourites_count":670,"utc_offset":36000,"time_zone":"Melbourne","geo_enabled":false,"verified":true,"statuses_count":7652,"lang":"en","contributors_enabled":false,"is_translator":false,"is_translation_enabled":false,"profile_background_color":"323435","profile_background_image_url":"http:\/\/pbs.twimg.com\/profile_background_images\/378800000036129044\/4aaf87e960f30537daa1a0a0c3c4fc31.jpeg","profile_background_image_url_https":"https:\/\/pbs.twimg.com\/profile_background_images\/378800000036129044\/4aaf87e960f30537daa1a0a0c3c4fc31.jpeg","profile_background_tile":false,"profile_image_url":"http:\/\/pbs.twimg.com\/profile_images\/655904741617086464\/nwevoHSQ_normal.png","profile_image_url_https":"https:\/\/pbs.twimg.com\/profile_images\/655904741617086464\/nwevoHSQ_normal.png","profile_banner_url":"https:\/\/pbs.twimg.com\/profile_banners\/16582191\/1448924865","profile_link_color":"83B449","profile_sidebar_border_color":"FFFFFF","profile_sidebar_fill_color":"6C9450","profile_text_color":"242424","profile_use_background_image":true,"has_extended_profile":false,"default_profile":false,"default_profile_image":false,"following":false,"follow_request_sent":false,"notifications":false},"geo":null,"coordinates":null,"place":null,"contributors":null,"is_quote_status":false,"retweet_count":12,"favorite_count":15,"favorited":false,"retweeted":false,"possibly_sensitive":false,"lang":"en"},{"created_at":"Sat Jun 04 01:18:35 +0000 2016","id":738902737262370817,"id_str":"738902737262370817","text":"Some impressive appearances in this week's Envato Famous Five. https:\/\/t.co\/n5FumvzfKN #madewithenvato https:\/\/t.co\/gxdLiagqcC","truncated":false,"entities":{"hashtags":[{"text":"madewithenvato","indices":[87,102]}],"symbols":[],"user_mentions":[],"urls":[{"url":"https:\/\/t.co\/n5FumvzfKN","expanded_url":"http:\/\/enva.to\/1gLxd","display_url":"enva.to\/1gLxd","indices":[63,86]}],"media":[{"id":738902734129225728,"id_str":"738902734129225728","indices":[103,126],"media_url":"http:\/\/pbs.twimg.com\/media\/CkEcHy9WYAAjBvS.jpg","media_url_https":"https:\/\/pbs.twimg.com\/media\/CkEcHy9WYAAjBvS.jpg","url":"https:\/\/t.co\/gxdLiagqcC","display_url":"pic.twitter.com\/gxdLiagqcC","expanded_url":"http:\/\/twitter.com\/envato\/status\/738902737262370817\/photo\/1","type":"photo","sizes":{"medium":{"w":506,"h":253,"resize":"fit"},"thumb":{"w":150,"h":150,"resize":"crop"},"large":{"w":506,"h":253,"resize":"fit"},"small":{"w":506,"h":253,"resize":"fit"}}}]},"extended_entities":{"media":[{"id":738902734129225728,"id_str":"738902734129225728","indices":[103,126],"media_url":"http:\/\/pbs.twimg.com\/media\/CkEcHy9WYAAjBvS.jpg","media_url_https":"https:\/\/pbs.twimg.com\/media\/CkEcHy9WYAAjBvS.jpg","url":"https:\/\/t.co\/gxdLiagqcC","display_url":"pic.twitter.com\/gxdLiagqcC","expanded_url":"http:\/\/twitter.com\/envato\/status\/738902737262370817\/photo\/1","type":"photo","sizes":{"medium":{"w":506,"h":253,"resize":"fit"},"thumb":{"w":150,"h":150,"resize":"crop"},"large":{"w":506,"h":253,"resize":"fit"},"small":{"w":506,"h":253,"resize":"fit"}}}]},"source":"\u003ca href=\"http:\/\/www.hootsuite.com\" rel=\"nofollow\"\u003eHootsuite\u003c\/a\u003e","in_reply_to_status_id":null,"in_reply_to_status_id_str":null,"in_reply_to_user_id":null,"in_reply_to_user_id_str":null,"in_reply_to_screen_name":null,"user":{"id":16582191,"id_str":"16582191","name":"Envato","screen_name":"envato","location":"Melbourne","description":"A global community of designers & developers. #Australian made #startup @envatomarket @tutsplus. Customer support @envato_help","url":"http:\/\/t.co\/5OvUThFPYI","entities":{"url":{"urls":[{"url":"http:\/\/t.co\/5OvUThFPYI","expanded_url":"http:\/\/envato.com","display_url":"envato.com","indices":[0,22]}]},"description":{"urls":[]}},"protected":false,"followers_count":59455,"friends_count":1483,"listed_count":1983,"created_at":"Fri Oct 03 19:11:51 +0000 2008","favourites_count":670,"utc_offset":36000,"time_zone":"Melbourne","geo_enabled":false,"verified":true,"statuses_count":7652,"lang":"en","contributors_enabled":false,"is_translator":false,"is_translation_enabled":false,"profile_background_color":"323435","profile_background_image_url":"http:\/\/pbs.twimg.com\/profile_background_images\/378800000036129044\/4aaf87e960f30537daa1a0a0c3c4fc31.jpeg","profile_background_image_url_https":"https:\/\/pbs.twimg.com\/profile_background_images\/378800000036129044\/4aaf87e960f30537daa1a0a0c3c4fc31.jpeg","profile_background_tile":false,"profile_image_url":"http:\/\/pbs.twimg.com\/profile_images\/655904741617086464\/nwevoHSQ_normal.png","profile_image_url_https":"https:\/\/pbs.twimg.com\/profile_images\/655904741617086464\/nwevoHSQ_normal.png","profile_banner_url":"https:\/\/pbs.twimg.com\/profile_banners\/16582191\/1448924865","profile_link_color":"83B449","profile_sidebar_border_color":"FFFFFF","profile_sidebar_fill_color":"6C9450","profile_text_color":"242424","profile_use_background_image":true,"has_extended_profile":false,"default_profile":false,"default_profile_image":false,"following":false,"follow_request_sent":false,"notifications":false},"geo":null,"coordinates":null,"place":null,"contributors":null,"is_quote_status":false,"retweet_count":1,"favorite_count":4,"favorited":false,"retweeted":false,"possibly_sensitive":false,"lang":"en"}]