[{"created_at":"Thu Mar 10 01:00:06 +0000 2016","id":707732728087707649,"id_str":"707732728087707649","text":"8 common dysfunctions of design teams\u2014and what to do about them https:\/\/t.co\/rCMA3OOWIp by @jazer https:\/\/t.co\/6ZCJm5ntUy","truncated":false,"source":"\u003ca href=\"http:\/\/www.hubspot.com\/\" rel=\"nofollow\"\u003eHubSpot\u003c\/a\u003e","in_reply_to_status_id":null,"in_reply_to_status_id_str":null,"in_reply_to_user_id":null,"in_reply_to_user_id_str":null,"in_reply_to_screen_name":null,"user":{"id":256093789,"id_str":"256093789","name":"InVision","screen_name":"InVisionApp","location":"New York, NY","description":"A prototyping, collaboration, and workflow platform for designers. Sign up for free at http:\/\/t.co\/TVIUdSGcTa. Need help? Hit up @invisionsupport.","url":"http:\/\/t.co\/fRebRm4GXd","entities":{"url":{"urls":[{"url":"http:\/\/t.co\/fRebRm4GXd","expanded_url":"http:\/\/www.InVisionApp.com","display_url":"InVisionApp.com","indices":[0,22]}]},"description":{"urls":[{"url":"http:\/\/t.co\/TVIUdSGcTa","expanded_url":"http:\/\/invisionapp.com","display_url":"invisionapp.com","indices":[87,109]}]}},"protected":false,"followers_count":69429,"friends_count":4462,"listed_count":1757,"created_at":"Tue Feb 22 17:02:10 +0000 2011","favourites_count":58373,"utc_offset":-18000,"time_zone":"Eastern Time (US & Canada)","geo_enabled":true,"verified":false,"statuses_count":23434,"lang":"en","contributors_enabled":false,"is_translator":false,"is_translation_enabled":false,"profile_background_color":"C0DEED","profile_background_image_url":"http:\/\/abs.twimg.com\/images\/themes\/theme1\/bg.png","profile_background_image_url_https":"https:\/\/abs.twimg.com\/images\/themes\/theme1\/bg.png","profile_background_tile":false,"profile_image_url":"http:\/\/pbs.twimg.com\/profile_images\/593893225045200896\/r9uL4jWU_normal.png","profile_image_url_https":"https:\/\/pbs.twimg.com\/profile_images\/593893225045200896\/r9uL4jWU_normal.png","profile_banner_url":"https:\/\/pbs.twimg.com\/profile_banners\/256093789\/1423853426","profile_link_color":"0084B4","profile_sidebar_border_color":"C0DEED","profile_sidebar_fill_color":"DDEEF6","profile_text_color":"333333","profile_use_background_image":true,"has_extended_profile":false,"default_profile":true,"default_profile_image":false,"following":true,"follow_request_sent":false,"notifications":false},"geo":null,"coordinates":null,"place":null,"contributors":null,"is_quote_status":false,"retweet_count":7,"favorite_count":11,"entities":{"hashtags":[],"symbols":[],"user_mentions":[{"screen_name":"jazer","name":"John Zeratsky","id":2675,"id_str":"2675","indices":[91,97]}],"urls":[{"url":"https:\/\/t.co\/rCMA3OOWIp","expanded_url":"http:\/\/invs.io\/1QLWJLy","display_url":"invs.io\/1QLWJLy","indices":[64,87]}],"media":[{"id":707732727878049792,"id_str":"707732727878049792","indices":[98,121],"media_url":"http:\/\/pbs.twimg.com\/media\/CdJfKpEW4AAsRql.jpg","media_url_https":"https:\/\/pbs.twimg.com\/media\/CdJfKpEW4AAsRql.jpg","url":"https:\/\/t.co\/6ZCJm5ntUy","display_url":"pic.twitter.com\/6ZCJm5ntUy","expanded_url":"http:\/\/twitter.com\/InVisionApp\/status\/707732728087707649\/photo\/1","type":"photo","sizes":{"medium":{"w":600,"h":400,"resize":"fit"},"small":{"w":340,"h":227,"resize":"fit"},"thumb":{"w":150,"h":150,"resize":"crop"},"large":{"w":800,"h":533,"resize":"fit"}}}]},"extended_entities":{"media":[{"id":707732727878049792,"id_str":"707732727878049792","indices":[98,121],"media_url":"http:\/\/pbs.twimg.com\/media\/CdJfKpEW4AAsRql.jpg","media_url_https":"https:\/\/pbs.twimg.com\/media\/CdJfKpEW4AAsRql.jpg","url":"https:\/\/t.co\/6ZCJm5ntUy","display_url":"pic.twitter.com\/6ZCJm5ntUy","expanded_url":"http:\/\/twitter.com\/InVisionApp\/status\/707732728087707649\/photo\/1","type":"photo","sizes":{"medium":{"w":600,"h":400,"resize":"fit"},"small":{"w":340,"h":227,"resize":"fit"},"thumb":{"w":150,"h":150,"resize":"crop"},"large":{"w":800,"h":533,"resize":"fit"}}}]},"favorited":false,"retweeted":false,"possibly_sensitive":false,"lang":"en"},{"created_at":"Thu Mar 10 00:00:50 +0000 2016","id":707717816158437376,"id_str":"707717816158437376","text":"Bye, Lorem ipsum. Meet Craft, data-driven tools for Sketch and Photoshop https:\/\/t.co\/E0ZusmQFLg https:\/\/t.co\/InuRlf5min","truncated":false,"source":"\u003ca href=\"http:\/\/www.hubspot.com\/\" rel=\"nofollow\"\u003eHubSpot\u003c\/a\u003e","in_reply_to_status_id":null,"in_reply_to_status_id_str":null,"in_reply_to_user_id":null,"in_reply_to_user_id_str":null,"in_reply_to_screen_name":null,"user":{"id":256093789,"id_str":"256093789","name":"InVision","screen_name":"InVisionApp","location":"New York, NY","description":"A prototyping, collaboration, and workflow platform for designers. Sign up for free at http:\/\/t.co\/TVIUdSGcTa. Need help? Hit up @invisionsupport.","url":"http:\/\/t.co\/fRebRm4GXd","entities":{"url":{"urls":[{"url":"http:\/\/t.co\/fRebRm4GXd","expanded_url":"http:\/\/www.InVisionApp.com","display_url":"InVisionApp.com","indices":[0,22]}]},"description":{"urls":[{"url":"http:\/\/t.co\/TVIUdSGcTa","expanded_url":"http:\/\/invisionapp.com","display_url":"invisionapp.com","indices":[87,109]}]}},"protected":false,"followers_count":69429,"friends_count":4462,"listed_count":1757,"created_at":"Tue Feb 22 17:02:10 +0000 2011","favourites_count":58373,"utc_offset":-18000,"time_zone":"Eastern Time (US & Canada)","geo_enabled":true,"verified":false,"statuses_count":23434,"lang":"en","contributors_enabled":false,"is_translator":false,"is_translation_enabled":false,"profile_background_color":"C0DEED","profile_background_image_url":"http:\/\/abs.twimg.com\/images\/themes\/theme1\/bg.png","profile_background_image_url_https":"https:\/\/abs.twimg.com\/images\/themes\/theme1\/bg.png","profile_background_tile":false,"profile_image_url":"http:\/\/pbs.twimg.com\/profile_images\/593893225045200896\/r9uL4jWU_normal.png","profile_image_url_https":"https:\/\/pbs.twimg.com\/profile_images\/593893225045200896\/r9uL4jWU_normal.png","profile_banner_url":"https:\/\/pbs.twimg.com\/profile_banners\/256093789\/1423853426","profile_link_color":"0084B4","profile_sidebar_border_color":"C0DEED","profile_sidebar_fill_color":"DDEEF6","profile_text_color":"333333","profile_use_background_image":true,"has_extended_profile":false,"default_profile":true,"default_profile_image":false,"following":true,"follow_request_sent":false,"notifications":false},"geo":null,"coordinates":null,"place":null,"contributors":null,"is_quote_status":false,"retweet_count":6,"favorite_count":43,"entities":{"hashtags":[],"symbols":[],"user_mentions":[],"urls":[{"url":"https:\/\/t.co\/E0ZusmQFLg","expanded_url":"http:\/\/invs.io\/1QLWEYl","display_url":"invs.io\/1QLWEYl","indices":[73,96]}],"media":[{"id":707717816036761600,"id_str":"707717816036761600","indices":[97,120],"media_url":"http:\/\/pbs.twimg.com\/media\/CdJRmqIWIAAkYJ3.jpg","media_url_https":"https:\/\/pbs.twimg.com\/media\/CdJRmqIWIAAkYJ3.jpg","url":"https:\/\/t.co\/InuRlf5min","display_url":"pic.twitter.com\/InuRlf5min","expanded_url":"http:\/\/twitter.com\/InVisionApp\/status\/707717816158437376\/photo\/1","type":"photo","sizes":{"large":{"w":880,"h":440,"resize":"fit"},"thumb":{"w":150,"h":150,"resize":"crop"},"medium":{"w":600,"h":300,"resize":"fit"},"small":{"w":340,"h":170,"resize":"fit"}}}]},"extended_entities":{"media":[{"id":707717816036761600,"id_str":"707717816036761600","indices":[97,120],"media_url":"http:\/\/pbs.twimg.com\/media\/CdJRmqIWIAAkYJ3.jpg","media_url_https":"https:\/\/pbs.twimg.com\/media\/CdJRmqIWIAAkYJ3.jpg","url":"https:\/\/t.co\/InuRlf5min","display_url":"pic.twitter.com\/InuRlf5min","expanded_url":"http:\/\/twitter.com\/InVisionApp\/status\/707717816158437376\/photo\/1","type":"photo","sizes":{"large":{"w":880,"h":440,"resize":"fit"},"thumb":{"w":150,"h":150,"resize":"crop"},"medium":{"w":600,"h":300,"resize":"fit"},"small":{"w":340,"h":170,"resize":"fit"}}}]},"favorited":false,"retweeted":false,"possibly_sensitive":false,"lang":"en"},{"created_at":"Wed Mar 09 23:00:01 +0000 2016","id":707702509796720641,"id_str":"707702509796720641","text":"Check out our new free e-course 'Principles of UX Design' from @BestBuy's @t_embretson! https:\/\/t.co\/Mk4N4ZrgQU https:\/\/t.co\/zdAzu2i13O","truncated":false,"source":"\u003ca href=\"http:\/\/www.hubspot.com\/\" rel=\"nofollow\"\u003eHubSpot\u003c\/a\u003e","in_reply_to_status_id":null,"in_reply_to_status_id_str":null,"in_reply_to_user_id":null,"in_reply_to_user_id_str":null,"in_reply_to_screen_name":null,"user":{"id":256093789,"id_str":"256093789","name":"InVision","screen_name":"InVisionApp","location":"New York, NY","description":"A prototyping, collaboration, and workflow platform for designers. Sign up for free at http:\/\/t.co\/TVIUdSGcTa. Need help? Hit up @invisionsupport.","url":"http:\/\/t.co\/fRebRm4GXd","entities":{"url":{"urls":[{"url":"http:\/\/t.co\/fRebRm4GXd","expanded_url":"http:\/\/www.InVisionApp.com","display_url":"InVisionApp.com","indices":[0,22]}]},"description":{"urls":[{"url":"http:\/\/t.co\/TVIUdSGcTa","expanded_url":"http:\/\/invisionapp.com","display_url":"invisionapp.com","indices":[87,109]}]}},"protected":false,"followers_count":69429,"friends_count":4462,"listed_count":1757,"created_at":"Tue Feb 22 17:02:10 +0000 2011","favourites_count":58373,"utc_offset":-18000,"time_zone":"Eastern Time (US & Canada)","geo_enabled":true,"verified":false,"statuses_count":23434,"lang":"en","contributors_enabled":false,"is_translator":false,"is_translation_enabled":false,"profile_background_color":"C0DEED","profile_background_image_url":"http:\/\/abs.twimg.com\/images\/themes\/theme1\/bg.png","profile_background_image_url_https":"https:\/\/abs.twimg.com\/images\/themes\/theme1\/bg.png","profile_background_tile":false,"profile_image_url":"http:\/\/pbs.twimg.com\/profile_images\/593893225045200896\/r9uL4jWU_normal.png","profile_image_url_https":"https:\/\/pbs.twimg.com\/profile_images\/593893225045200896\/r9uL4jWU_normal.png","profile_banner_url":"https:\/\/pbs.twimg.com\/profile_banners\/256093789\/1423853426","profile_link_color":"0084B4","profile_sidebar_border_color":"C0DEED","profile_sidebar_fill_color":"DDEEF6","profile_text_color":"333333","profile_use_background_image":true,"has_extended_profile":false,"default_profile":true,"default_profile_image":false,"following":true,"follow_request_sent":false,"notifications":false},"geo":null,"coordinates":null,"place":null,"contributors":null,"is_quote_status":false,"retweet_count":5,"favorite_count":20,"entities":{"hashtags":[],"symbols":[],"user_mentions":[{"screen_name":"BestBuy","name":"Best Buy","id":17475575,"id_str":"17475575","indices":[63,71]},{"screen_name":"t_embretson","name":"Timothy Embretson","id":30506100,"id_str":"30506100","indices":[74,86]}],"urls":[{"url":"https:\/\/t.co\/Mk4N4ZrgQU","expanded_url":"http:\/\/invs.io\/1QLVjRn","display_url":"invs.io\/1QLVjRn","indices":[88,111]}],"media":[{"id":707702509645733888,"id_str":"707702509645733888","indices":[112,135],"media_url":"http:\/\/pbs.twimg.com\/media\/CdJDrtYWIAAPVxX.jpg","media_url_https":"https:\/\/pbs.twimg.com\/media\/CdJDrtYWIAAPVxX.jpg","url":"https:\/\/t.co\/zdAzu2i13O","display_url":"pic.twitter.com\/zdAzu2i13O","expanded_url":"http:\/\/twitter.com\/InVisionApp\/status\/707702509796720641\/photo\/1","type":"photo","sizes":{"small":{"w":340,"h":136,"resize":"fit"},"large":{"w":1024,"h":410,"resize":"fit"},"thumb":{"w":150,"h":150,"resize":"crop"},"medium":{"w":600,"h":240,"resize":"fit"}}}]},"extended_entities":{"media":[{"id":707702509645733888,"id_str":"707702509645733888","indices":[112,135],"media_url":"http:\/\/pbs.twimg.com\/media\/CdJDrtYWIAAPVxX.jpg","media_url_https":"https:\/\/pbs.twimg.com\/media\/CdJDrtYWIAAPVxX.jpg","url":"https:\/\/t.co\/zdAzu2i13O","display_url":"pic.twitter.com\/zdAzu2i13O","expanded_url":"http:\/\/twitter.com\/InVisionApp\/status\/707702509796720641\/photo\/1","type":"photo","sizes":{"small":{"w":340,"h":136,"resize":"fit"},"large":{"w":1024,"h":410,"resize":"fit"},"thumb":{"w":150,"h":150,"resize":"crop"},"medium":{"w":600,"h":240,"resize":"fit"}}}]},"favorited":false,"retweeted":false,"possibly_sensitive":false,"lang":"en"},{"created_at":"Wed Mar 09 22:02:39 +0000 2016","id":707688073275056130,"id_str":"707688073275056130","text":"The periodic table of design https:\/\/t.co\/iI3euxx8fg by @brentsummers https:\/\/t.co\/YxL0tK6wTZ","truncated":false,"source":"\u003ca href=\"http:\/\/www.hubspot.com\/\" rel=\"nofollow\"\u003eHubSpot\u003c\/a\u003e","in_reply_to_status_id":null,"in_reply_to_status_id_str":null,"in_reply_to_user_id":null,"in_reply_to_user_id_str":null,"in_reply_to_screen_name":null,"user":{"id":256093789,"id_str":"256093789","name":"InVision","screen_name":"InVisionApp","location":"New York, NY","description":"A prototyping, collaboration, and workflow platform for designers. Sign up for free at http:\/\/t.co\/TVIUdSGcTa. Need help? Hit up @invisionsupport.","url":"http:\/\/t.co\/fRebRm4GXd","entities":{"url":{"urls":[{"url":"http:\/\/t.co\/fRebRm4GXd","expanded_url":"http:\/\/www.InVisionApp.com","display_url":"InVisionApp.com","indices":[0,22]}]},"description":{"urls":[{"url":"http:\/\/t.co\/TVIUdSGcTa","expanded_url":"http:\/\/invisionapp.com","display_url":"invisionapp.com","indices":[87,109]}]}},"protected":false,"followers_count":69429,"friends_count":4462,"listed_count":1757,"created_at":"Tue Feb 22 17:02:10 +0000 2011","favourites_count":58373,"utc_offset":-18000,"time_zone":"Eastern Time (US & Canada)","geo_enabled":true,"verified":false,"statuses_count":23434,"lang":"en","contributors_enabled":false,"is_translator":false,"is_translation_enabled":false,"profile_background_color":"C0DEED","profile_background_image_url":"http:\/\/abs.twimg.com\/images\/themes\/theme1\/bg.png","profile_background_image_url_https":"https:\/\/abs.twimg.com\/images\/themes\/theme1\/bg.png","profile_background_tile":false,"profile_image_url":"http:\/\/pbs.twimg.com\/profile_images\/593893225045200896\/r9uL4jWU_normal.png","profile_image_url_https":"https:\/\/pbs.twimg.com\/profile_images\/593893225045200896\/r9uL4jWU_normal.png","profile_banner_url":"https:\/\/pbs.twimg.com\/profile_banners\/256093789\/1423853426","profile_link_color":"0084B4","profile_sidebar_border_color":"C0DEED","profile_sidebar_fill_color":"DDEEF6","profile_text_color":"333333","profile_use_background_image":true,"has_extended_profile":false,"default_profile":true,"default_profile_image":false,"following":true,"follow_request_sent":false,"notifications":false},"geo":null,"coordinates":null,"place":null,"contributors":null,"is_quote_status":false,"retweet_count":13,"favorite_count":29,"entities":{"hashtags":[],"symbols":[],"user_mentions":[{"screen_name":"brentsummers","name":"Brent Summers","id":34022237,"id_str":"34022237","indices":[56,69]}],"urls":[{"url":"https:\/\/t.co\/iI3euxx8fg","expanded_url":"http:\/\/invs.io\/1QLWBMi","display_url":"invs.io\/1QLWBMi","indices":[29,52]}],"media":[{"id":707688072914345985,"id_str":"707688072914345985","indices":[70,93],"media_url":"http:\/\/pbs.twimg.com\/media\/CdI2jYXXIAE_oIB.jpg","media_url_https":"https:\/\/pbs.twimg.com\/media\/CdI2jYXXIAE_oIB.jpg","url":"https:\/\/t.co\/YxL0tK6wTZ","display_url":"pic.twitter.com\/YxL0tK6wTZ","expanded_url":"http:\/\/twitter.com\/InVisionApp\/status\/707688073275056130\/photo\/1","type":"photo","sizes":{"large":{"w":1024,"h":640,"resize":"fit"},"small":{"w":340,"h":213,"resize":"fit"},"thumb":{"w":150,"h":150,"resize":"crop"},"medium":{"w":600,"h":375,"resize":"fit"}}}]},"extended_entities":{"media":[{"id":707688072914345985,"id_str":"707688072914345985","indices":[70,93],"media_url":"http:\/\/pbs.twimg.com\/media\/CdI2jYXXIAE_oIB.jpg","media_url_https":"https:\/\/pbs.twimg.com\/media\/CdI2jYXXIAE_oIB.jpg","url":"https:\/\/t.co\/YxL0tK6wTZ","display_url":"pic.twitter.com\/YxL0tK6wTZ","expanded_url":"http:\/\/twitter.com\/InVisionApp\/status\/707688073275056130\/photo\/1","type":"photo","sizes":{"large":{"w":1024,"h":640,"resize":"fit"},"small":{"w":340,"h":213,"resize":"fit"},"thumb":{"w":150,"h":150,"resize":"crop"},"medium":{"w":600,"h":375,"resize":"fit"}}}]},"favorited":false,"retweeted":false,"possibly_sensitive":false,"lang":"en"},{"created_at":"Wed Mar 09 21:42:11 +0000 2016","id":707682921193279488,"id_str":"707682921193279488","text":"RT @IATV: \"The core principles of UI design\" https:\/\/t.co\/Au1bXJrxn2 (https:\/\/t.co\/Wzv57R6GnI)","truncated":false,"source":"\u003ca href=\"https:\/\/mention.net\/\" rel=\"nofollow\"\u003emention\u00a0\u003c\/a\u003e","in_reply_to_status_id":null,"in_reply_to_status_id_str":null,"in_reply_to_user_id":null,"in_reply_to_user_id_str":null,"in_reply_to_screen_name":null,"user":{"id":256093789,"id_str":"256093789","name":"InVision","screen_name":"InVisionApp","location":"New York, NY","description":"A prototyping, collaboration, and workflow platform for designers. Sign up for free at http:\/\/t.co\/TVIUdSGcTa. Need help? Hit up @invisionsupport.","url":"http:\/\/t.co\/fRebRm4GXd","entities":{"url":{"urls":[{"url":"http:\/\/t.co\/fRebRm4GXd","expanded_url":"http:\/\/www.InVisionApp.com","display_url":"InVisionApp.com","indices":[0,22]}]},"description":{"urls":[{"url":"http:\/\/t.co\/TVIUdSGcTa","expanded_url":"http:\/\/invisionapp.com","display_url":"invisionapp.com","indices":[87,109]}]}},"protected":false,"followers_count":69429,"friends_count":4462,"listed_count":1757,"created_at":"Tue Feb 22 17:02:10 +0000 2011","favourites_count":58373,"utc_offset":-18000,"time_zone":"Eastern Time (US & Canada)","geo_enabled":true,"verified":false,"statuses_count":23434,"lang":"en","contributors_enabled":false,"is_translator":false,"is_translation_enabled":false,"profile_background_color":"C0DEED","profile_background_image_url":"http:\/\/abs.twimg.com\/images\/themes\/theme1\/bg.png","profile_background_image_url_https":"https:\/\/abs.twimg.com\/images\/themes\/theme1\/bg.png","profile_background_tile":false,"profile_image_url":"http:\/\/pbs.twimg.com\/profile_images\/593893225045200896\/r9uL4jWU_normal.png","profile_image_url_https":"https:\/\/pbs.twimg.com\/profile_images\/593893225045200896\/r9uL4jWU_normal.png","profile_banner_url":"https:\/\/pbs.twimg.com\/profile_banners\/256093789\/1423853426","profile_link_color":"0084B4","profile_sidebar_border_color":"C0DEED","profile_sidebar_fill_color":"DDEEF6","profile_text_color":"333333","profile_use_background_image":true,"has_extended_profile":false,"default_profile":true,"default_profile_image":false,"following":true,"follow_request_sent":false,"notifications":false},"geo":null,"coordinates":null,"place":null,"contributors":null,"retweeted_status":{"created_at":"Wed Mar 09 10:05:29 +0000 2016","id":707507590465503233,"id_str":"707507590465503233","text":"\"The core principles of UI design\" https:\/\/t.co\/Au1bXJrxn2 (https:\/\/t.co\/Wzv57R6GnI)","truncated":false,"source":"\u003ca href=\"http:\/\/www.hootsuite.com\" rel=\"nofollow\"\u003eHootsuite\u003c\/a\u003e","in_reply_to_status_id":null,"in_reply_to_status_id_str":null,"in_reply_to_user_id":null,"in_reply_to_user_id_str":null,"in_reply_to_screen_name":null,"user":{"id":17151314,"id_str":"17151314","name":"Jan Jursa","screen_name":"IATV","location":"Berlin","description":"MOBX Conference \/ Europe\u2019s Premier Mobile UX Summit http:\/\/t.co\/ALKO6zHW1W","url":"http:\/\/t.co\/HyFwOVjWsr","entities":{"url":{"urls":[{"url":"http:\/\/t.co\/HyFwOVjWsr","expanded_url":"http:\/\/about.me\/jan.jursa","display_url":"about.me\/jan.jursa","indices":[0,22]}]},"description":{"urls":[{"url":"http:\/\/t.co\/ALKO6zHW1W","expanded_url":"http:\/\/mobxcon.com","display_url":"mobxcon.com","indices":[52,74]}]}},"protected":false,"followers_count":66131,"friends_count":49408,"listed_count":3063,"created_at":"Tue Nov 04 07:56:50 +0000 2008","favourites_count":1396,"utc_offset":3600,"time_zone":"Berlin","geo_enabled":false,"verified":false,"statuses_count":27750,"lang":"en","contributors_enabled":false,"is_translator":false,"is_translation_enabled":false,"profile_background_color":"131516","profile_background_image_url":"http:\/\/abs.twimg.com\/images\/themes\/theme14\/bg.gif","profile_background_image_url_https":"https:\/\/abs.twimg.com\/images\/themes\/theme14\/bg.gif","profile_background_tile":true,"profile_image_url":"http:\/\/pbs.twimg.com\/profile_images\/466681693235982336\/4v-lZ2o2_normal.jpeg","profile_image_url_https":"https:\/\/pbs.twimg.com\/profile_images\/466681693235982336\/4v-lZ2o2_normal.jpeg","profile_banner_url":"https:\/\/pbs.twimg.com\/profile_banners\/17151314\/1400100499","profile_link_color":"003E75","profile_sidebar_border_color":"FFFFFF","profile_sidebar_fill_color":"EFEFEF","profile_text_color":"333333","profile_use_background_image":true,"has_extended_profile":false,"default_profile":false,"default_profile_image":false,"following":false,"follow_request_sent":false,"notifications":false},"geo":null,"coordinates":null,"place":null,"contributors":null,"is_quote_status":false,"retweet_count":7,"favorite_count":21,"entities":{"hashtags":[],"symbols":[],"user_mentions":[],"urls":[{"url":"https:\/\/t.co\/Au1bXJrxn2","expanded_url":"http:\/\/blog.invisionapp.com\/core-principles-of-ui-design\/","display_url":"blog.invisionapp.com\/core-principle\u2026","indices":[35,58]},{"url":"https:\/\/t.co\/Wzv57R6GnI","expanded_url":"http:\/\/invisionapp.com","display_url":"invisionapp.com","indices":[60,83]}]},"favorited":false,"retweeted":false,"possibly_sensitive":false,"lang":"en"},"is_quote_status":false,"retweet_count":7,"favorite_count":0,"entities":{"hashtags":[],"symbols":[],"user_mentions":[{"screen_name":"IATV","name":"Jan Jursa","id":17151314,"id_str":"17151314","indices":[3,8]}],"urls":[{"url":"https:\/\/t.co\/Au1bXJrxn2","expanded_url":"http:\/\/blog.invisionapp.com\/core-principles-of-ui-design\/","display_url":"blog.invisionapp.com\/core-principle\u2026","indices":[45,68]},{"url":"https:\/\/t.co\/Wzv57R6GnI","expanded_url":"http:\/\/invisionapp.com","display_url":"invisionapp.com","indices":[70,93]}]},"favorited":false,"retweeted":false,"possibly_sensitive":false,"lang":"en"},{"created_at":"Wed Mar 09 21:40:29 +0000 2016","id":707682495274287104,"id_str":"707682495274287104","text":"RT @AIGAdesign: \"Women bring perspectives that enriches our work\"\u2013@mbloomstein https:\/\/t.co\/hT9hGXjDm4 #AIGAwomenlead @InVisionApp https:\/\/\u2026","truncated":false,"source":"\u003ca href=\"https:\/\/mention.net\/\" rel=\"nofollow\"\u003emention\u00a0\u003c\/a\u003e","in_reply_to_status_id":null,"in_reply_to_status_id_str":null,"in_reply_to_user_id":null,"in_reply_to_user_id_str":null,"in_reply_to_screen_name":null,"user":{"id":256093789,"id_str":"256093789","name":"InVision","screen_name":"InVisionApp","location":"New York, NY","description":"A prototyping, collaboration, and workflow platform for designers. Sign up for free at http:\/\/t.co\/TVIUdSGcTa. Need help? Hit up @invisionsupport.","url":"http:\/\/t.co\/fRebRm4GXd","entities":{"url":{"urls":[{"url":"http:\/\/t.co\/fRebRm4GXd","expanded_url":"http:\/\/www.InVisionApp.com","display_url":"InVisionApp.com","indices":[0,22]}]},"description":{"urls":[{"url":"http:\/\/t.co\/TVIUdSGcTa","expanded_url":"http:\/\/invisionapp.com","display_url":"invisionapp.com","indices":[87,109]}]}},"protected":false,"followers_count":69429,"friends_count":4462,"listed_count":1757,"created_at":"Tue Feb 22 17:02:10 +0000 2011","favourites_count":58373,"utc_offset":-18000,"time_zone":"Eastern Time (US & Canada)","geo_enabled":true,"verified":false,"statuses_count":23434,"lang":"en","contributors_enabled":false,"is_translator":false,"is_translation_enabled":false,"profile_background_color":"C0DEED","profile_background_image_url":"http:\/\/abs.twimg.com\/images\/themes\/theme1\/bg.png","profile_background_image_url_https":"https:\/\/abs.twimg.com\/images\/themes\/theme1\/bg.png","profile_background_tile":false,"profile_image_url":"http:\/\/pbs.twimg.com\/profile_images\/593893225045200896\/r9uL4jWU_normal.png","profile_image_url_https":"https:\/\/pbs.twimg.com\/profile_images\/593893225045200896\/r9uL4jWU_normal.png","profile_banner_url":"https:\/\/pbs.twimg.com\/profile_banners\/256093789\/1423853426","profile_link_color":"0084B4","profile_sidebar_border_color":"C0DEED","profile_sidebar_fill_color":"DDEEF6","profile_text_color":"333333","profile_use_background_image":true,"has_extended_profile":false,"default_profile":true,"default_profile_image":false,"following":true,"follow_request_sent":false,"notifications":false},"geo":null,"coordinates":null,"place":null,"contributors":null,"retweeted_status":{"created_at":"Wed Mar 09 16:37:01 +0000 2016","id":707606124833280001,"id_str":"707606124833280001","text":"\"Women bring perspectives that enriches our work\"\u2013@mbloomstein https:\/\/t.co\/hT9hGXjDm4 #AIGAwomenlead @InVisionApp https:\/\/t.co\/z9lqrGoKXn","truncated":false,"source":"\u003ca href=\"http:\/\/sproutsocial.com\" rel=\"nofollow\"\u003eSprout Social\u003c\/a\u003e","in_reply_to_status_id":null,"in_reply_to_status_id_str":null,"in_reply_to_user_id":null,"in_reply_to_user_id_str":null,"in_reply_to_screen_name":null,"user":{"id":19619047,"id_str":"19619047","name":"AIGA","screen_name":"AIGAdesign","location":"United States","description":"The professional association for design. No matter who you are, you're one of us. And together, we can do amazing things.","url":"http:\/\/t.co\/bmwagH7tvA","entities":{"url":{"urls":[{"url":"http:\/\/t.co\/bmwagH7tvA","expanded_url":"http:\/\/www.aiga.org","display_url":"aiga.org","indices":[0,22]}]},"description":{"urls":[]}},"protected":false,"followers_count":497437,"friends_count":578,"listed_count":8681,"created_at":"Tue Jan 27 21:49:35 +0000 2009","favourites_count":5292,"utc_offset":-18000,"time_zone":"Eastern Time (US & Canada)","geo_enabled":true,"verified":true,"statuses_count":19910,"lang":"en","contributors_enabled":false,"is_translator":false,"is_translation_enabled":false,"profile_background_color":"7A7A7A","profile_background_image_url":"http:\/\/pbs.twimg.com\/profile_background_images\/590906500723249152\/h5pP6PBE.jpg","profile_background_image_url_https":"https:\/\/pbs.twimg.com\/profile_background_images\/590906500723249152\/h5pP6PBE.jpg","profile_background_tile":true,"profile_image_url":"http:\/\/pbs.twimg.com\/profile_images\/694907771133771776\/iE1PvJW0_normal.png","profile_image_url_https":"https:\/\/pbs.twimg.com\/profile_images\/694907771133771776\/iE1PvJW0_normal.png","profile_banner_url":"https:\/\/pbs.twimg.com\/profile_banners\/19619047\/1454513889","profile_link_color":"0372B9","profile_sidebar_border_color":"000000","profile_sidebar_fill_color":"525252","profile_text_color":"BDBDBF","profile_use_background_image":false,"has_extended_profile":false,"default_profile":false,"default_profile_image":false,"following":false,"follow_request_sent":false,"notifications":false},"geo":null,"coordinates":null,"place":null,"contributors":null,"is_quote_status":false,"retweet_count":24,"favorite_count":28,"entities":{"hashtags":[{"text":"AIGAwomenlead","indices":[87,101]}],"symbols":[],"user_mentions":[{"screen_name":"mbloomstein","name":"Margot Bloomstein","id":16800091,"id_str":"16800091","indices":[50,62]},{"screen_name":"InVisionApp","name":"InVision","id":256093789,"id_str":"256093789","indices":[102,114]}],"urls":[{"url":"https:\/\/t.co\/hT9hGXjDm4","expanded_url":"http:\/\/bit.ly\/1LbIQuc","display_url":"bit.ly\/1LbIQuc","indices":[63,86]}],"media":[{"id":707606124657188864,"id_str":"707606124657188864","indices":[115,138],"media_url":"http:\/\/pbs.twimg.com\/media\/CdHsBXUVIAAmjVj.jpg","media_url_https":"https:\/\/pbs.twimg.com\/media\/CdHsBXUVIAAmjVj.jpg","url":"https:\/\/t.co\/z9lqrGoKXn","display_url":"pic.twitter.com\/z9lqrGoKXn","expanded_url":"http:\/\/twitter.com\/AIGAdesign\/status\/707606124833280001\/photo\/1","type":"photo","sizes":{"medium":{"w":600,"h":263,"resize":"fit"},"small":{"w":340,"h":149,"resize":"fit"},"large":{"w":800,"h":350,"resize":"fit"},"thumb":{"w":150,"h":150,"resize":"crop"}}}]},"extended_entities":{"media":[{"id":707606124657188864,"id_str":"707606124657188864","indices":[115,138],"media_url":"http:\/\/pbs.twimg.com\/media\/CdHsBXUVIAAmjVj.jpg","media_url_https":"https:\/\/pbs.twimg.com\/media\/CdHsBXUVIAAmjVj.jpg","url":"https:\/\/t.co\/z9lqrGoKXn","display_url":"pic.twitter.com\/z9lqrGoKXn","expanded_url":"http:\/\/twitter.com\/AIGAdesign\/status\/707606124833280001\/photo\/1","type":"photo","sizes":{"medium":{"w":600,"h":263,"resize":"fit"},"small":{"w":340,"h":149,"resize":"fit"},"large":{"w":800,"h":350,"resize":"fit"},"thumb":{"w":150,"h":150,"resize":"crop"}}}]},"favorited":false,"retweeted":false,"possibly_sensitive":false,"lang":"en"},"is_quote_status":false,"retweet_count":24,"favorite_count":0,"entities":{"hashtags":[{"text":"AIGAwomenlead","indices":[103,117]}],"symbols":[],"user_mentions":[{"screen_name":"AIGAdesign","name":"AIGA","id":19619047,"id_str":"19619047","indices":[3,14]},{"screen_name":"mbloomstein","name":"Margot Bloomstein","id":16800091,"id_str":"16800091","indices":[66,78]},{"screen_name":"InVisionApp","name":"InVision","id":256093789,"id_str":"256093789","indices":[118,130]}],"urls":[{"url":"https:\/\/t.co\/hT9hGXjDm4","expanded_url":"http:\/\/bit.ly\/1LbIQuc","display_url":"bit.ly\/1LbIQuc","indices":[79,102]}],"media":[{"id":707606124657188864,"id_str":"707606124657188864","indices":[139,140],"media_url":"http:\/\/pbs.twimg.com\/media\/CdHsBXUVIAAmjVj.jpg","media_url_https":"https:\/\/pbs.twimg.com\/media\/CdHsBXUVIAAmjVj.jpg","url":"https:\/\/t.co\/z9lqrGoKXn","display_url":"pic.twitter.com\/z9lqrGoKXn","expanded_url":"http:\/\/twitter.com\/AIGAdesign\/status\/707606124833280001\/photo\/1","type":"photo","sizes":{"medium":{"w":600,"h":263,"resize":"fit"},"small":{"w":340,"h":149,"resize":"fit"},"large":{"w":800,"h":350,"resize":"fit"},"thumb":{"w":150,"h":150,"resize":"crop"}},"source_status_id":707606124833280001,"source_status_id_str":"707606124833280001","source_user_id":19619047,"source_user_id_str":"19619047"}]},"extended_entities":{"media":[{"id":707606124657188864,"id_str":"707606124657188864","indices":[139,140],"media_url":"http:\/\/pbs.twimg.com\/media\/CdHsBXUVIAAmjVj.jpg","media_url_https":"https:\/\/pbs.twimg.com\/media\/CdHsBXUVIAAmjVj.jpg","url":"https:\/\/t.co\/z9lqrGoKXn","display_url":"pic.twitter.com\/z9lqrGoKXn","expanded_url":"http:\/\/twitter.com\/AIGAdesign\/status\/707606124833280001\/photo\/1","type":"photo","sizes":{"medium":{"w":600,"h":263,"resize":"fit"},"small":{"w":340,"h":149,"resize":"fit"},"large":{"w":800,"h":350,"resize":"fit"},"thumb":{"w":150,"h":150,"resize":"crop"}},"source_status_id":707606124833280001,"source_status_id_str":"707606124833280001","source_user_id":19619047,"source_user_id_str":"19619047"}]},"favorited":false,"retweeted":false,"possibly_sensitive":false,"lang":"en"},{"created_at":"Wed Mar 09 21:00:05 +0000 2016","id":707672326486302720,"id_str":"707672326486302720","text":"Meet the Chat UI Kit: 60 templates, 80 UI components and more\u2014yours free from InVision! https:\/\/t.co\/MJ8JfzC1Wk https:\/\/t.co\/8wc3kBMEQN","truncated":false,"source":"\u003ca href=\"http:\/\/www.hubspot.com\/\" rel=\"nofollow\"\u003eHubSpot\u003c\/a\u003e","in_reply_to_status_id":null,"in_reply_to_status_id_str":null,"in_reply_to_user_id":null,"in_reply_to_user_id_str":null,"in_reply_to_screen_name":null,"user":{"id":256093789,"id_str":"256093789","name":"InVision","screen_name":"InVisionApp","location":"New York, NY","description":"A prototyping, collaboration, and workflow platform for designers. Sign up for free at http:\/\/t.co\/TVIUdSGcTa. Need help? Hit up @invisionsupport.","url":"http:\/\/t.co\/fRebRm4GXd","entities":{"url":{"urls":[{"url":"http:\/\/t.co\/fRebRm4GXd","expanded_url":"http:\/\/www.InVisionApp.com","display_url":"InVisionApp.com","indices":[0,22]}]},"description":{"urls":[{"url":"http:\/\/t.co\/TVIUdSGcTa","expanded_url":"http:\/\/invisionapp.com","display_url":"invisionapp.com","indices":[87,109]}]}},"protected":false,"followers_count":69429,"friends_count":4462,"listed_count":1757,"created_at":"Tue Feb 22 17:02:10 +0000 2011","favourites_count":58373,"utc_offset":-18000,"time_zone":"Eastern Time (US & Canada)","geo_enabled":true,"verified":false,"statuses_count":23434,"lang":"en","contributors_enabled":false,"is_translator":false,"is_translation_enabled":false,"profile_background_color":"C0DEED","profile_background_image_url":"http:\/\/abs.twimg.com\/images\/themes\/theme1\/bg.png","profile_background_image_url_https":"https:\/\/abs.twimg.com\/images\/themes\/theme1\/bg.png","profile_background_tile":false,"profile_image_url":"http:\/\/pbs.twimg.com\/profile_images\/593893225045200896\/r9uL4jWU_normal.png","profile_image_url_https":"https:\/\/pbs.twimg.com\/profile_images\/593893225045200896\/r9uL4jWU_normal.png","profile_banner_url":"https:\/\/pbs.twimg.com\/profile_banners\/256093789\/1423853426","profile_link_color":"0084B4","profile_sidebar_border_color":"C0DEED","profile_sidebar_fill_color":"DDEEF6","profile_text_color":"333333","profile_use_background_image":true,"has_extended_profile":false,"default_profile":true,"default_profile_image":false,"following":true,"follow_request_sent":false,"notifications":false},"geo":null,"coordinates":null,"place":null,"contributors":null,"is_quote_status":false,"retweet_count":4,"favorite_count":22,"entities":{"hashtags":[],"symbols":[],"user_mentions":[],"urls":[{"url":"https:\/\/t.co\/MJ8JfzC1Wk","expanded_url":"http:\/\/invs.io\/1QLVlbM","display_url":"invs.io\/1QLVlbM","indices":[88,111]}],"media":[{"id":707672326322724864,"id_str":"707672326322724864","indices":[112,135],"media_url":"http:\/\/pbs.twimg.com\/media\/CdIoOzvXIAA3ox1.jpg","media_url_https":"https:\/\/pbs.twimg.com\/media\/CdIoOzvXIAA3ox1.jpg","url":"https:\/\/t.co\/8wc3kBMEQN","display_url":"pic.twitter.com\/8wc3kBMEQN","expanded_url":"http:\/\/twitter.com\/InVisionApp\/status\/707672326486302720\/photo\/1","type":"photo","sizes":{"medium":{"w":600,"h":300,"resize":"fit"},"thumb":{"w":150,"h":150,"resize":"crop"},"large":{"w":880,"h":440,"resize":"fit"},"small":{"w":340,"h":170,"resize":"fit"}}}]},"extended_entities":{"media":[{"id":707672326322724864,"id_str":"707672326322724864","indices":[112,135],"media_url":"http:\/\/pbs.twimg.com\/media\/CdIoOzvXIAA3ox1.jpg","media_url_https":"https:\/\/pbs.twimg.com\/media\/CdIoOzvXIAA3ox1.jpg","url":"https:\/\/t.co\/8wc3kBMEQN","display_url":"pic.twitter.com\/8wc3kBMEQN","expanded_url":"http:\/\/twitter.com\/InVisionApp\/status\/707672326486302720\/photo\/1","type":"photo","sizes":{"medium":{"w":600,"h":300,"resize":"fit"},"thumb":{"w":150,"h":150,"resize":"crop"},"large":{"w":880,"h":440,"resize":"fit"},"small":{"w":340,"h":170,"resize":"fit"}}}]},"favorited":false,"retweeted":false,"possibly_sensitive":false,"lang":"en"},{"created_at":"Wed Mar 09 20:21:56 +0000 2016","id":707662725569245184,"id_str":"707662725569245184","text":"Tune in for the live stream of our Design+ Engineering SXSW event March 14 @ 11:30AM CST! https:\/\/t.co\/dOlL6pN3qG https:\/\/t.co\/3OLPn4GbBY","truncated":false,"source":"\u003ca href=\"http:\/\/www.hubspot.com\/\" rel=\"nofollow\"\u003eHubSpot\u003c\/a\u003e","in_reply_to_status_id":null,"in_reply_to_status_id_str":null,"in_reply_to_user_id":null,"in_reply_to_user_id_str":null,"in_reply_to_screen_name":null,"user":{"id":256093789,"id_str":"256093789","name":"InVision","screen_name":"InVisionApp","location":"New York, NY","description":"A prototyping, collaboration, and workflow platform for designers. Sign up for free at http:\/\/t.co\/TVIUdSGcTa. Need help? Hit up @invisionsupport.","url":"http:\/\/t.co\/fRebRm4GXd","entities":{"url":{"urls":[{"url":"http:\/\/t.co\/fRebRm4GXd","expanded_url":"http:\/\/www.InVisionApp.com","display_url":"InVisionApp.com","indices":[0,22]}]},"description":{"urls":[{"url":"http:\/\/t.co\/TVIUdSGcTa","expanded_url":"http:\/\/invisionapp.com","display_url":"invisionapp.com","indices":[87,109]}]}},"protected":false,"followers_count":69429,"friends_count":4462,"listed_count":1757,"created_at":"Tue Feb 22 17:02:10 +0000 2011","favourites_count":58373,"utc_offset":-18000,"time_zone":"Eastern Time (US & Canada)","geo_enabled":true,"verified":false,"statuses_count":23434,"lang":"en","contributors_enabled":false,"is_translator":false,"is_translation_enabled":false,"profile_background_color":"C0DEED","profile_background_image_url":"http:\/\/abs.twimg.com\/images\/themes\/theme1\/bg.png","profile_background_image_url_https":"https:\/\/abs.twimg.com\/images\/themes\/theme1\/bg.png","profile_background_tile":false,"profile_image_url":"http:\/\/pbs.twimg.com\/profile_images\/593893225045200896\/r9uL4jWU_normal.png","profile_image_url_https":"https:\/\/pbs.twimg.com\/profile_images\/593893225045200896\/r9uL4jWU_normal.png","profile_banner_url":"https:\/\/pbs.twimg.com\/profile_banners\/256093789\/1423853426","profile_link_color":"0084B4","profile_sidebar_border_color":"C0DEED","profile_sidebar_fill_color":"DDEEF6","profile_text_color":"333333","profile_use_background_image":true,"has_extended_profile":false,"default_profile":true,"default_profile_image":false,"following":true,"follow_request_sent":false,"notifications":false},"geo":null,"coordinates":null,"place":null,"contributors":null,"is_quote_status":false,"retweet_count":5,"favorite_count":23,"entities":{"hashtags":[],"symbols":[],"user_mentions":[],"urls":[{"url":"https:\/\/t.co\/dOlL6pN3qG","expanded_url":"http:\/\/invs.io\/1M7873I","display_url":"invs.io\/1M7873I","indices":[90,113]}],"media":[{"id":707662725460172800,"id_str":"707662725460172800","indices":[114,137],"media_url":"http:\/\/pbs.twimg.com\/media\/CdIff9vWoAAaqD5.jpg","media_url_https":"https:\/\/pbs.twimg.com\/media\/CdIff9vWoAAaqD5.jpg","url":"https:\/\/t.co\/3OLPn4GbBY","display_url":"pic.twitter.com\/3OLPn4GbBY","expanded_url":"http:\/\/twitter.com\/InVisionApp\/status\/707662725569245184\/photo\/1","type":"photo","sizes":{"large":{"w":880,"h":440,"resize":"fit"},"thumb":{"w":150,"h":150,"resize":"crop"},"medium":{"w":600,"h":300,"resize":"fit"},"small":{"w":340,"h":170,"resize":"fit"}}}]},"extended_entities":{"media":[{"id":707662725460172800,"id_str":"707662725460172800","indices":[114,137],"media_url":"http:\/\/pbs.twimg.com\/media\/CdIff9vWoAAaqD5.jpg","media_url_https":"https:\/\/pbs.twimg.com\/media\/CdIff9vWoAAaqD5.jpg","url":"https:\/\/t.co\/3OLPn4GbBY","display_url":"pic.twitter.com\/3OLPn4GbBY","expanded_url":"http:\/\/twitter.com\/InVisionApp\/status\/707662725569245184\/photo\/1","type":"photo","sizes":{"large":{"w":880,"h":440,"resize":"fit"},"thumb":{"w":150,"h":150,"resize":"crop"},"medium":{"w":600,"h":300,"resize":"fit"},"small":{"w":340,"h":170,"resize":"fit"}}}]},"favorited":false,"retweeted":false,"possibly_sensitive":false,"lang":"en"},{"created_at":"Wed Mar 09 20:00:31 +0000 2016","id":707657335536279553,"id_str":"707657335536279553","text":"A Comprehensive Reading List for and by Designers https:\/\/t.co\/YFuMcJfcpT by @margaretannk https:\/\/t.co\/M6YfOeQQDS","truncated":false,"source":"\u003ca href=\"http:\/\/www.hubspot.com\/\" rel=\"nofollow\"\u003eHubSpot\u003c\/a\u003e","in_reply_to_status_id":null,"in_reply_to_status_id_str":null,"in_reply_to_user_id":null,"in_reply_to_user_id_str":null,"in_reply_to_screen_name":null,"user":{"id":256093789,"id_str":"256093789","name":"InVision","screen_name":"InVisionApp","location":"New York, NY","description":"A prototyping, collaboration, and workflow platform for designers. Sign up for free at http:\/\/t.co\/TVIUdSGcTa. Need help? Hit up @invisionsupport.","url":"http:\/\/t.co\/fRebRm4GXd","entities":{"url":{"urls":[{"url":"http:\/\/t.co\/fRebRm4GXd","expanded_url":"http:\/\/www.InVisionApp.com","display_url":"InVisionApp.com","indices":[0,22]}]},"description":{"urls":[{"url":"http:\/\/t.co\/TVIUdSGcTa","expanded_url":"http:\/\/invisionapp.com","display_url":"invisionapp.com","indices":[87,109]}]}},"protected":false,"followers_count":69429,"friends_count":4462,"listed_count":1757,"created_at":"Tue Feb 22 17:02:10 +0000 2011","favourites_count":58373,"utc_offset":-18000,"time_zone":"Eastern Time (US & Canada)","geo_enabled":true,"verified":false,"statuses_count":23434,"lang":"en","contributors_enabled":false,"is_translator":false,"is_translation_enabled":false,"profile_background_color":"C0DEED","profile_background_image_url":"http:\/\/abs.twimg.com\/images\/themes\/theme1\/bg.png","profile_background_image_url_https":"https:\/\/abs.twimg.com\/images\/themes\/theme1\/bg.png","profile_background_tile":false,"profile_image_url":"http:\/\/pbs.twimg.com\/profile_images\/593893225045200896\/r9uL4jWU_normal.png","profile_image_url_https":"https:\/\/pbs.twimg.com\/profile_images\/593893225045200896\/r9uL4jWU_normal.png","profile_banner_url":"https:\/\/pbs.twimg.com\/profile_banners\/256093789\/1423853426","profile_link_color":"0084B4","profile_sidebar_border_color":"C0DEED","profile_sidebar_fill_color":"DDEEF6","profile_text_color":"333333","profile_use_background_image":true,"has_extended_profile":false,"default_profile":true,"default_profile_image":false,"following":true,"follow_request_sent":false,"notifications":false},"geo":null,"coordinates":null,"place":null,"contributors":null,"is_quote_status":false,"retweet_count":9,"favorite_count":20,"entities":{"hashtags":[],"symbols":[],"user_mentions":[{"screen_name":"margaretannk","name":"Margaret Kelsey","id":17584215,"id_str":"17584215","indices":[77,90]}],"urls":[{"url":"https:\/\/t.co\/YFuMcJfcpT","expanded_url":"http:\/\/invs.io\/1QLWAbb","display_url":"invs.io\/1QLWAbb","indices":[50,73]}],"media":[{"id":707657335368450048,"id_str":"707657335368450048","indices":[91,114],"media_url":"http:\/\/pbs.twimg.com\/media\/CdIamOFWAAAPLsL.jpg","media_url_https":"https:\/\/pbs.twimg.com\/media\/CdIamOFWAAAPLsL.jpg","url":"https:\/\/t.co\/M6YfOeQQDS","display_url":"pic.twitter.com\/M6YfOeQQDS","expanded_url":"http:\/\/twitter.com\/InVisionApp\/status\/707657335536279553\/photo\/1","type":"photo","sizes":{"small":{"w":324,"h":500,"resize":"fit"},"thumb":{"w":150,"h":150,"resize":"crop"},"large":{"w":324,"h":500,"resize":"fit"},"medium":{"w":324,"h":500,"resize":"fit"}}}]},"extended_entities":{"media":[{"id":707657335368450048,"id_str":"707657335368450048","indices":[91,114],"media_url":"http:\/\/pbs.twimg.com\/media\/CdIamOFWAAAPLsL.jpg","media_url_https":"https:\/\/pbs.twimg.com\/media\/CdIamOFWAAAPLsL.jpg","url":"https:\/\/t.co\/M6YfOeQQDS","display_url":"pic.twitter.com\/M6YfOeQQDS","expanded_url":"http:\/\/twitter.com\/InVisionApp\/status\/707657335536279553\/photo\/1","type":"photo","sizes":{"small":{"w":324,"h":500,"resize":"fit"},"thumb":{"w":150,"h":150,"resize":"crop"},"large":{"w":324,"h":500,"resize":"fit"},"medium":{"w":324,"h":500,"resize":"fit"}}}]},"favorited":false,"retweeted":false,"possibly_sensitive":false,"lang":"en"},{"created_at":"Wed Mar 09 19:00:21 +0000 2016","id":707642197538119680,"id_str":"707642197538119680","text":"Design Snack #13: Designing Like It's Actually 2016 https:\/\/t.co\/C9q9bS55jA by @andyorsow https:\/\/t.co\/MmgqNtoqKq","truncated":false,"source":"\u003ca href=\"http:\/\/www.hubspot.com\/\" rel=\"nofollow\"\u003eHubSpot\u003c\/a\u003e","in_reply_to_status_id":null,"in_reply_to_status_id_str":null,"in_reply_to_user_id":null,"in_reply_to_user_id_str":null,"in_reply_to_screen_name":null,"user":{"id":256093789,"id_str":"256093789","name":"InVision","screen_name":"InVisionApp","location":"New York, NY","description":"A prototyping, collaboration, and workflow platform for designers. Sign up for free at http:\/\/t.co\/TVIUdSGcTa. Need help? Hit up @invisionsupport.","url":"http:\/\/t.co\/fRebRm4GXd","entities":{"url":{"urls":[{"url":"http:\/\/t.co\/fRebRm4GXd","expanded_url":"http:\/\/www.InVisionApp.com","display_url":"InVisionApp.com","indices":[0,22]}]},"description":{"urls":[{"url":"http:\/\/t.co\/TVIUdSGcTa","expanded_url":"http:\/\/invisionapp.com","display_url":"invisionapp.com","indices":[87,109]}]}},"protected":false,"followers_count":69429,"friends_count":4462,"listed_count":1757,"created_at":"Tue Feb 22 17:02:10 +0000 2011","favourites_count":58373,"utc_offset":-18000,"time_zone":"Eastern Time (US & Canada)","geo_enabled":true,"verified":false,"statuses_count":23434,"lang":"en","contributors_enabled":false,"is_translator":false,"is_translation_enabled":false,"profile_background_color":"C0DEED","profile_background_image_url":"http:\/\/abs.twimg.com\/images\/themes\/theme1\/bg.png","profile_background_image_url_https":"https:\/\/abs.twimg.com\/images\/themes\/theme1\/bg.png","profile_background_tile":false,"profile_image_url":"http:\/\/pbs.twimg.com\/profile_images\/593893225045200896\/r9uL4jWU_normal.png","profile_image_url_https":"https:\/\/pbs.twimg.com\/profile_images\/593893225045200896\/r9uL4jWU_normal.png","profile_banner_url":"https:\/\/pbs.twimg.com\/profile_banners\/256093789\/1423853426","profile_link_color":"0084B4","profile_sidebar_border_color":"C0DEED","profile_sidebar_fill_color":"DDEEF6","profile_text_color":"333333","profile_use_background_image":true,"has_extended_profile":false,"default_profile":true,"default_profile_image":false,"following":true,"follow_request_sent":false,"notifications":false},"geo":null,"coordinates":null,"place":null,"contributors":null,"is_quote_status":false,"retweet_count":2,"favorite_count":14,"entities":{"hashtags":[],"symbols":[],"user_mentions":[{"screen_name":"andyorsow","name":"Andy Orsow","id":368467626,"id_str":"368467626","indices":[79,89]}],"urls":[{"url":"https:\/\/t.co\/C9q9bS55jA","expanded_url":"http:\/\/invs.io\/1QLW2lu","display_url":"invs.io\/1QLW2lu","indices":[52,75]}],"media":[{"id":707642197005496320,"id_str":"707642197005496320","indices":[90,113],"media_url":"http:\/\/pbs.twimg.com\/media\/CdIM1DSW8AAXZ7v.jpg","media_url_https":"https:\/\/pbs.twimg.com\/media\/CdIM1DSW8AAXZ7v.jpg","url":"https:\/\/t.co\/MmgqNtoqKq","display_url":"pic.twitter.com\/MmgqNtoqKq","expanded_url":"http:\/\/twitter.com\/InVisionApp\/status\/707642197538119680\/photo\/1","type":"photo","sizes":{"small":{"w":340,"h":170,"resize":"fit"},"medium":{"w":600,"h":300,"resize":"fit"},"thumb":{"w":150,"h":150,"resize":"crop"},"large":{"w":1024,"h":512,"resize":"fit"}}}]},"extended_entities":{"media":[{"id":707642197005496320,"id_str":"707642197005496320","indices":[90,113],"media_url":"http:\/\/pbs.twimg.com\/media\/CdIM1DSW8AAXZ7v.jpg","media_url_https":"https:\/\/pbs.twimg.com\/media\/CdIM1DSW8AAXZ7v.jpg","url":"https:\/\/t.co\/MmgqNtoqKq","display_url":"pic.twitter.com\/MmgqNtoqKq","expanded_url":"http:\/\/twitter.com\/InVisionApp\/status\/707642197538119680\/photo\/1","type":"photo","sizes":{"small":{"w":340,"h":170,"resize":"fit"},"medium":{"w":600,"h":300,"resize":"fit"},"thumb":{"w":150,"h":150,"resize":"crop"},"large":{"w":1024,"h":512,"resize":"fit"}}}]},"favorited":false,"retweeted":false,"possibly_sensitive":false,"lang":"en"}]