[{"created_at":"Wed Feb 24 14:01:03 +0000 2016","id":702493446011924480,"id_str":"702493446011924480","text":"On the blog of @leica_camera, Andrew Reed Weller captures the homes of Syrian refugees: https:\/\/t.co\/bsIL50k0nf https:\/\/t.co\/Xz0dLlwBt6","source":"\u003ca href=\"http:\/\/publicize.wp.com\/\" rel=\"nofollow\"\u003eWordPress.com\u003c\/a\u003e","truncated":false,"in_reply_to_status_id":null,"in_reply_to_status_id_str":null,"in_reply_to_user_id":null,"in_reply_to_user_id_str":null,"in_reply_to_screen_name":null,"user":{"id":176553048,"id_str":"176553048","name":"WordPress Discover","screen_name":"WPDiscover","location":"Worldwide","description":"Sharing the best content published with WordPress, including editors' picks, recommended sites, and more. An @Automattic product.","url":"http:\/\/t.co\/NLZKuO3i61","entities":{"url":{"urls":[{"url":"http:\/\/t.co\/NLZKuO3i61","expanded_url":"http:\/\/discover.wordpress.com","display_url":"discover.wordpress.com","indices":[0,22]}]},"description":{"urls":[]}},"protected":false,"followers_count":7002,"friends_count":103,"listed_count":221,"created_at":"Mon Aug 09 21:09:39 +0000 2010","favourites_count":130,"utc_offset":-18000,"time_zone":"Eastern Time (US & Canada)","geo_enabled":false,"verified":false,"statuses_count":9623,"lang":"en","contributors_enabled":false,"is_translator":false,"is_translation_enabled":false,"profile_background_color":"F3F6F8","profile_background_image_url":"http:\/\/pbs.twimg.com\/profile_background_images\/677449673\/89eaca8b8c21bae0c4f4c2ceeca22a05.gif","profile_background_image_url_https":"https:\/\/pbs.twimg.com\/profile_background_images\/677449673\/89eaca8b8c21bae0c4f4c2ceeca22a05.gif","profile_background_tile":false,"profile_image_url":"http:\/\/pbs.twimg.com\/profile_images\/668826469699743744\/klZvtXY-_normal.png","profile_image_url_https":"https:\/\/pbs.twimg.com\/profile_images\/668826469699743744\/klZvtXY-_normal.png","profile_banner_url":"https:\/\/pbs.twimg.com\/profile_banners\/176553048\/1448295773","profile_link_color":"0087BE","profile_sidebar_border_color":"FFFFFF","profile_sidebar_fill_color":"C9C9C9","profile_text_color":"1C1F23","profile_use_background_image":false,"has_extended_profile":false,"default_profile":false,"default_profile_image":false,"following":false,"follow_request_sent":false,"notifications":false},"geo":null,"coordinates":null,"place":null,"contributors":null,"is_quote_status":false,"retweet_count":0,"favorite_count":0,"entities":{"hashtags":[],"symbols":[],"user_mentions":[{"screen_name":"leica_camera","name":"Leica Camera AG","id":24884768,"id_str":"24884768","indices":[15,28]}],"urls":[{"url":"https:\/\/t.co\/bsIL50k0nf","expanded_url":"https:\/\/discover.wordpress.com\/2016\/02\/24\/a-look-inside-syrian-refugee-homes","display_url":"discover.wordpress.com\/2016\/02\/24\/a-l\u2026","indices":[88,111]}],"media":[{"id":702493444430647296,"id_str":"702493444430647296","indices":[112,135],"media_url":"http:\/\/pbs.twimg.com\/media\/Cb_CENRUUAAxMHZ.jpg","media_url_https":"https:\/\/pbs.twimg.com\/media\/Cb_CENRUUAAxMHZ.jpg","url":"https:\/\/t.co\/Xz0dLlwBt6","display_url":"pic.twitter.com\/Xz0dLlwBt6","expanded_url":"http:\/\/twitter.com\/WPDiscover\/status\/702493446011924480\/photo\/1","type":"photo","sizes":{"medium":{"w":1024,"h":542,"resize":"fit"},"small":{"w":680,"h":360,"resize":"fit"},"thumb":{"w":150,"h":150,"resize":"crop"},"large":{"w":1024,"h":542,"resize":"fit"}}}]},"extended_entities":{"media":[{"id":702493444430647296,"id_str":"702493444430647296","indices":[112,135],"media_url":"http:\/\/pbs.twimg.com\/media\/Cb_CENRUUAAxMHZ.jpg","media_url_https":"https:\/\/pbs.twimg.com\/media\/Cb_CENRUUAAxMHZ.jpg","url":"https:\/\/t.co\/Xz0dLlwBt6","display_url":"pic.twitter.com\/Xz0dLlwBt6","expanded_url":"http:\/\/twitter.com\/WPDiscover\/status\/702493446011924480\/photo\/1","type":"photo","sizes":{"medium":{"w":1024,"h":542,"resize":"fit"},"small":{"w":680,"h":360,"resize":"fit"},"thumb":{"w":150,"h":150,"resize":"crop"},"large":{"w":1024,"h":542,"resize":"fit"}}}]},"favorited":false,"retweeted":false,"possibly_sensitive":false,"lang":"en"},{"created_at":"Wed Feb 24 09:00:44 +0000 2016","id":702417868147793921,"id_str":"702417868147793921","text":"Chennai-based writer @verseherder publishes thoughtful musings on birding, life, and more: https:\/\/t.co\/0Cdafnsgsm https:\/\/t.co\/A3uYZ8XNmh","source":"\u003ca href=\"http:\/\/publicize.wp.com\/\" rel=\"nofollow\"\u003eWordPress.com\u003c\/a\u003e","truncated":false,"in_reply_to_status_id":null,"in_reply_to_status_id_str":null,"in_reply_to_user_id":null,"in_reply_to_user_id_str":null,"in_reply_to_screen_name":null,"user":{"id":176553048,"id_str":"176553048","name":"WordPress Discover","screen_name":"WPDiscover","location":"Worldwide","description":"Sharing the best content published with WordPress, including editors' picks, recommended sites, and more. An @Automattic product.","url":"http:\/\/t.co\/NLZKuO3i61","entities":{"url":{"urls":[{"url":"http:\/\/t.co\/NLZKuO3i61","expanded_url":"http:\/\/discover.wordpress.com","display_url":"discover.wordpress.com","indices":[0,22]}]},"description":{"urls":[]}},"protected":false,"followers_count":7002,"friends_count":103,"listed_count":221,"created_at":"Mon Aug 09 21:09:39 +0000 2010","favourites_count":130,"utc_offset":-18000,"time_zone":"Eastern Time (US & Canada)","geo_enabled":false,"verified":false,"statuses_count":9623,"lang":"en","contributors_enabled":false,"is_translator":false,"is_translation_enabled":false,"profile_background_color":"F3F6F8","profile_background_image_url":"http:\/\/pbs.twimg.com\/profile_background_images\/677449673\/89eaca8b8c21bae0c4f4c2ceeca22a05.gif","profile_background_image_url_https":"https:\/\/pbs.twimg.com\/profile_background_images\/677449673\/89eaca8b8c21bae0c4f4c2ceeca22a05.gif","profile_background_tile":false,"profile_image_url":"http:\/\/pbs.twimg.com\/profile_images\/668826469699743744\/klZvtXY-_normal.png","profile_image_url_https":"https:\/\/pbs.twimg.com\/profile_images\/668826469699743744\/klZvtXY-_normal.png","profile_banner_url":"https:\/\/pbs.twimg.com\/profile_banners\/176553048\/1448295773","profile_link_color":"0087BE","profile_sidebar_border_color":"FFFFFF","profile_sidebar_fill_color":"C9C9C9","profile_text_color":"1C1F23","profile_use_background_image":false,"has_extended_profile":false,"default_profile":false,"default_profile_image":false,"following":false,"follow_request_sent":false,"notifications":false},"geo":null,"coordinates":null,"place":null,"contributors":null,"is_quote_status":false,"retweet_count":2,"favorite_count":2,"entities":{"hashtags":[],"symbols":[],"user_mentions":[{"screen_name":"verseherder","name":"christy bharath","id":604498301,"id_str":"604498301","indices":[21,33]}],"urls":[{"url":"https:\/\/t.co\/0Cdafnsgsm","expanded_url":"https:\/\/discover.wordpress.com\/2016\/02\/24\/verseherder","display_url":"discover.wordpress.com\/2016\/02\/24\/ver\u2026","indices":[91,114]}],"media":[{"id":702417866633703424,"id_str":"702417866633703424","indices":[115,138],"media_url":"http:\/\/pbs.twimg.com\/media\/Cb99VACW8AAMHbV.jpg","media_url_https":"https:\/\/pbs.twimg.com\/media\/Cb99VACW8AAMHbV.jpg","url":"https:\/\/t.co\/A3uYZ8XNmh","display_url":"pic.twitter.com\/A3uYZ8XNmh","expanded_url":"http:\/\/twitter.com\/WPDiscover\/status\/702417868147793921\/photo\/1","type":"photo","sizes":{"medium":{"w":1024,"h":664,"resize":"fit"},"small":{"w":680,"h":441,"resize":"fit"},"thumb":{"w":150,"h":150,"resize":"crop"},"large":{"w":1024,"h":664,"resize":"fit"}}}]},"extended_entities":{"media":[{"id":702417866633703424,"id_str":"702417866633703424","indices":[115,138],"media_url":"http:\/\/pbs.twimg.com\/media\/Cb99VACW8AAMHbV.jpg","media_url_https":"https:\/\/pbs.twimg.com\/media\/Cb99VACW8AAMHbV.jpg","url":"https:\/\/t.co\/A3uYZ8XNmh","display_url":"pic.twitter.com\/A3uYZ8XNmh","expanded_url":"http:\/\/twitter.com\/WPDiscover\/status\/702417868147793921\/photo\/1","type":"photo","sizes":{"medium":{"w":1024,"h":664,"resize":"fit"},"small":{"w":680,"h":441,"resize":"fit"},"thumb":{"w":150,"h":150,"resize":"crop"},"large":{"w":1024,"h":664,"resize":"fit"}}}]},"favorited":false,"retweeted":false,"possibly_sensitive":false,"lang":"en"},{"created_at":"Tue Feb 23 20:03:00 +0000 2016","id":702222143245803520,"id_str":"702222143245803520","text":"\u201cWith Photography There Is No Stigma\u201d:  Turning a Lens on the Challenges of Mental\u00a0Illness https:\/\/t.co\/O76STtJp3E https:\/\/t.co\/gyVqVKBnzg","source":"\u003ca href=\"http:\/\/publicize.wp.com\/\" rel=\"nofollow\"\u003eWordPress.com\u003c\/a\u003e","truncated":false,"in_reply_to_status_id":null,"in_reply_to_status_id_str":null,"in_reply_to_user_id":null,"in_reply_to_user_id_str":null,"in_reply_to_screen_name":null,"user":{"id":176553048,"id_str":"176553048","name":"WordPress Discover","screen_name":"WPDiscover","location":"Worldwide","description":"Sharing the best content published with WordPress, including editors' picks, recommended sites, and more. An @Automattic product.","url":"http:\/\/t.co\/NLZKuO3i61","entities":{"url":{"urls":[{"url":"http:\/\/t.co\/NLZKuO3i61","expanded_url":"http:\/\/discover.wordpress.com","display_url":"discover.wordpress.com","indices":[0,22]}]},"description":{"urls":[]}},"protected":false,"followers_count":7002,"friends_count":103,"listed_count":221,"created_at":"Mon Aug 09 21:09:39 +0000 2010","favourites_count":130,"utc_offset":-18000,"time_zone":"Eastern Time (US & Canada)","geo_enabled":false,"verified":false,"statuses_count":9623,"lang":"en","contributors_enabled":false,"is_translator":false,"is_translation_enabled":false,"profile_background_color":"F3F6F8","profile_background_image_url":"http:\/\/pbs.twimg.com\/profile_background_images\/677449673\/89eaca8b8c21bae0c4f4c2ceeca22a05.gif","profile_background_image_url_https":"https:\/\/pbs.twimg.com\/profile_background_images\/677449673\/89eaca8b8c21bae0c4f4c2ceeca22a05.gif","profile_background_tile":false,"profile_image_url":"http:\/\/pbs.twimg.com\/profile_images\/668826469699743744\/klZvtXY-_normal.png","profile_image_url_https":"https:\/\/pbs.twimg.com\/profile_images\/668826469699743744\/klZvtXY-_normal.png","profile_banner_url":"https:\/\/pbs.twimg.com\/profile_banners\/176553048\/1448295773","profile_link_color":"0087BE","profile_sidebar_border_color":"FFFFFF","profile_sidebar_fill_color":"C9C9C9","profile_text_color":"1C1F23","profile_use_background_image":false,"has_extended_profile":false,"default_profile":false,"default_profile_image":false,"following":false,"follow_request_sent":false,"notifications":false},"geo":null,"coordinates":null,"place":null,"contributors":null,"is_quote_status":false,"retweet_count":0,"favorite_count":4,"entities":{"hashtags":[],"symbols":[],"user_mentions":[],"urls":[{"url":"https:\/\/t.co\/O76STtJp3E","expanded_url":"https:\/\/discover.wordpress.com\/2016\/02\/23\/with-photography-there-is-no-stigma-turning-a-lens-on-the-challenges-of-mental-illness","display_url":"discover.wordpress.com\/2016\/02\/23\/wit\u2026","indices":[91,114]}],"media":[{"id":702222141643567104,"id_str":"702222141643567104","indices":[115,138],"media_url":"http:\/\/pbs.twimg.com\/media\/Cb7LUToUMAAp3EQ.jpg","media_url_https":"https:\/\/pbs.twimg.com\/media\/Cb7LUToUMAAp3EQ.jpg","url":"https:\/\/t.co\/gyVqVKBnzg","display_url":"pic.twitter.com\/gyVqVKBnzg","expanded_url":"http:\/\/twitter.com\/WPDiscover\/status\/702222143245803520\/photo\/1","type":"photo","sizes":{"small":{"w":680,"h":454,"resize":"fit"},"medium":{"w":1024,"h":684,"resize":"fit"},"thumb":{"w":150,"h":150,"resize":"crop"},"large":{"w":1024,"h":684,"resize":"fit"}}}]},"extended_entities":{"media":[{"id":702222141643567104,"id_str":"702222141643567104","indices":[115,138],"media_url":"http:\/\/pbs.twimg.com\/media\/Cb7LUToUMAAp3EQ.jpg","media_url_https":"https:\/\/pbs.twimg.com\/media\/Cb7LUToUMAAp3EQ.jpg","url":"https:\/\/t.co\/gyVqVKBnzg","display_url":"pic.twitter.com\/gyVqVKBnzg","expanded_url":"http:\/\/twitter.com\/WPDiscover\/status\/702222143245803520\/photo\/1","type":"photo","sizes":{"small":{"w":680,"h":454,"resize":"fit"},"medium":{"w":1024,"h":684,"resize":"fit"},"thumb":{"w":150,"h":150,"resize":"crop"},"large":{"w":1024,"h":684,"resize":"fit"}}}]},"favorited":false,"retweeted":false,"possibly_sensitive":false,"lang":"en"},{"created_at":"Tue Feb 23 20:00:09 +0000 2016","id":702221428116971520,"id_str":"702221428116971520","text":"For his 34th birthday, author @NathanielTower lists 34 reasons why he should quit writing: https:\/\/t.co\/Dfn5TA12KU https:\/\/t.co\/Va7CWI7xQ3","source":"\u003ca href=\"http:\/\/publicize.wp.com\/\" rel=\"nofollow\"\u003eWordPress.com\u003c\/a\u003e","truncated":false,"in_reply_to_status_id":null,"in_reply_to_status_id_str":null,"in_reply_to_user_id":null,"in_reply_to_user_id_str":null,"in_reply_to_screen_name":null,"user":{"id":176553048,"id_str":"176553048","name":"WordPress Discover","screen_name":"WPDiscover","location":"Worldwide","description":"Sharing the best content published with WordPress, including editors' picks, recommended sites, and more. An @Automattic product.","url":"http:\/\/t.co\/NLZKuO3i61","entities":{"url":{"urls":[{"url":"http:\/\/t.co\/NLZKuO3i61","expanded_url":"http:\/\/discover.wordpress.com","display_url":"discover.wordpress.com","indices":[0,22]}]},"description":{"urls":[]}},"protected":false,"followers_count":7002,"friends_count":103,"listed_count":221,"created_at":"Mon Aug 09 21:09:39 +0000 2010","favourites_count":130,"utc_offset":-18000,"time_zone":"Eastern Time (US & Canada)","geo_enabled":false,"verified":false,"statuses_count":9623,"lang":"en","contributors_enabled":false,"is_translator":false,"is_translation_enabled":false,"profile_background_color":"F3F6F8","profile_background_image_url":"http:\/\/pbs.twimg.com\/profile_background_images\/677449673\/89eaca8b8c21bae0c4f4c2ceeca22a05.gif","profile_background_image_url_https":"https:\/\/pbs.twimg.com\/profile_background_images\/677449673\/89eaca8b8c21bae0c4f4c2ceeca22a05.gif","profile_background_tile":false,"profile_image_url":"http:\/\/pbs.twimg.com\/profile_images\/668826469699743744\/klZvtXY-_normal.png","profile_image_url_https":"https:\/\/pbs.twimg.com\/profile_images\/668826469699743744\/klZvtXY-_normal.png","profile_banner_url":"https:\/\/pbs.twimg.com\/profile_banners\/176553048\/1448295773","profile_link_color":"0087BE","profile_sidebar_border_color":"FFFFFF","profile_sidebar_fill_color":"C9C9C9","profile_text_color":"1C1F23","profile_use_background_image":false,"has_extended_profile":false,"default_profile":false,"default_profile_image":false,"following":false,"follow_request_sent":false,"notifications":false},"geo":null,"coordinates":null,"place":null,"contributors":null,"is_quote_status":false,"retweet_count":0,"favorite_count":0,"entities":{"hashtags":[],"symbols":[],"user_mentions":[{"screen_name":"NathanielTower","name":"Nathaniel Tower","id":2207424704,"id_str":"2207424704","indices":[30,45]}],"urls":[{"url":"https:\/\/t.co\/Dfn5TA12KU","expanded_url":"https:\/\/discover.wordpress.com\/2016\/02\/23\/34-reasons-to-stop-writing-forever","display_url":"discover.wordpress.com\/2016\/02\/23\/34-\u2026","indices":[91,114]}],"media":[{"id":702221426103681024,"id_str":"702221426103681024","indices":[115,138],"media_url":"http:\/\/pbs.twimg.com\/media\/Cb7KqqCUAAAInx7.jpg","media_url_https":"https:\/\/pbs.twimg.com\/media\/Cb7KqqCUAAAInx7.jpg","url":"https:\/\/t.co\/Va7CWI7xQ3","display_url":"pic.twitter.com\/Va7CWI7xQ3","expanded_url":"http:\/\/twitter.com\/WPDiscover\/status\/702221428116971520\/photo\/1","type":"photo","sizes":{"small":{"w":680,"h":455,"resize":"fit"},"large":{"w":1024,"h":685,"resize":"fit"},"thumb":{"w":150,"h":150,"resize":"crop"},"medium":{"w":1024,"h":685,"resize":"fit"}}}]},"extended_entities":{"media":[{"id":702221426103681024,"id_str":"702221426103681024","indices":[115,138],"media_url":"http:\/\/pbs.twimg.com\/media\/Cb7KqqCUAAAInx7.jpg","media_url_https":"https:\/\/pbs.twimg.com\/media\/Cb7KqqCUAAAInx7.jpg","url":"https:\/\/t.co\/Va7CWI7xQ3","display_url":"pic.twitter.com\/Va7CWI7xQ3","expanded_url":"http:\/\/twitter.com\/WPDiscover\/status\/702221428116971520\/photo\/1","type":"photo","sizes":{"small":{"w":680,"h":455,"resize":"fit"},"large":{"w":1024,"h":685,"resize":"fit"},"thumb":{"w":150,"h":150,"resize":"crop"},"medium":{"w":1024,"h":685,"resize":"fit"}}}]},"favorited":false,"retweeted":false,"possibly_sensitive":false,"lang":"en"},{"created_at":"Tue Feb 23 18:08:39 +0000 2016","id":702193365442408448,"id_str":"702193365442408448","text":"Moving images from #WPPh16 winners @MaticZorman, @SebastianListe, @CorentinFohlen and more: https:\/\/t.co\/7qfCH0yXdh https:\/\/t.co\/sk1uHyiPG9","source":"\u003ca href=\"http:\/\/twitter.com\" rel=\"nofollow\"\u003eTwitter Web Client\u003c\/a\u003e","truncated":false,"in_reply_to_status_id":null,"in_reply_to_status_id_str":null,"in_reply_to_user_id":null,"in_reply_to_user_id_str":null,"in_reply_to_screen_name":null,"user":{"id":176553048,"id_str":"176553048","name":"WordPress Discover","screen_name":"WPDiscover","location":"Worldwide","description":"Sharing the best content published with WordPress, including editors' picks, recommended sites, and more. An @Automattic product.","url":"http:\/\/t.co\/NLZKuO3i61","entities":{"url":{"urls":[{"url":"http:\/\/t.co\/NLZKuO3i61","expanded_url":"http:\/\/discover.wordpress.com","display_url":"discover.wordpress.com","indices":[0,22]}]},"description":{"urls":[]}},"protected":false,"followers_count":7002,"friends_count":103,"listed_count":221,"created_at":"Mon Aug 09 21:09:39 +0000 2010","favourites_count":130,"utc_offset":-18000,"time_zone":"Eastern Time (US & Canada)","geo_enabled":false,"verified":false,"statuses_count":9623,"lang":"en","contributors_enabled":false,"is_translator":false,"is_translation_enabled":false,"profile_background_color":"F3F6F8","profile_background_image_url":"http:\/\/pbs.twimg.com\/profile_background_images\/677449673\/89eaca8b8c21bae0c4f4c2ceeca22a05.gif","profile_background_image_url_https":"https:\/\/pbs.twimg.com\/profile_background_images\/677449673\/89eaca8b8c21bae0c4f4c2ceeca22a05.gif","profile_background_tile":false,"profile_image_url":"http:\/\/pbs.twimg.com\/profile_images\/668826469699743744\/klZvtXY-_normal.png","profile_image_url_https":"https:\/\/pbs.twimg.com\/profile_images\/668826469699743744\/klZvtXY-_normal.png","profile_banner_url":"https:\/\/pbs.twimg.com\/profile_banners\/176553048\/1448295773","profile_link_color":"0087BE","profile_sidebar_border_color":"FFFFFF","profile_sidebar_fill_color":"C9C9C9","profile_text_color":"1C1F23","profile_use_background_image":false,"has_extended_profile":false,"default_profile":false,"default_profile_image":false,"following":false,"follow_request_sent":false,"notifications":false},"geo":null,"coordinates":null,"place":null,"contributors":null,"is_quote_status":false,"retweet_count":0,"favorite_count":1,"entities":{"hashtags":[{"text":"WPPh16","indices":[19,26]}],"symbols":[],"user_mentions":[{"screen_name":"MaticZorman","name":"Matic Zorman","id":394345186,"id_str":"394345186","indices":[35,47]},{"screen_name":"SebastianListe","name":"Sebastian Liste","id":182268055,"id_str":"182268055","indices":[49,64]},{"screen_name":"CorentinFohlen","name":"Corentin Fohlen","id":2803852488,"id_str":"2803852488","indices":[66,81]}],"urls":[{"url":"https:\/\/t.co\/7qfCH0yXdh","expanded_url":"http:\/\/wp.me\/p3Ca1O-2IN","display_url":"wp.me\/p3Ca1O-2IN","indices":[92,115]}],"media":[{"id":702193364511256578,"id_str":"702193364511256578","indices":[116,139],"media_url":"http:\/\/pbs.twimg.com\/media\/Cb6xJQdUcAIE4C1.jpg","media_url_https":"https:\/\/pbs.twimg.com\/media\/Cb6xJQdUcAIE4C1.jpg","url":"https:\/\/t.co\/sk1uHyiPG9","display_url":"pic.twitter.com\/sk1uHyiPG9","expanded_url":"http:\/\/twitter.com\/WPDiscover\/status\/702193365442408448\/photo\/1","type":"photo","sizes":{"large":{"w":506,"h":337,"resize":"fit"},"thumb":{"w":150,"h":150,"resize":"crop"},"medium":{"w":506,"h":337,"resize":"fit"},"small":{"w":506,"h":337,"resize":"fit"}}}]},"extended_entities":{"media":[{"id":702193364511256578,"id_str":"702193364511256578","indices":[116,139],"media_url":"http:\/\/pbs.twimg.com\/media\/Cb6xJQdUcAIE4C1.jpg","media_url_https":"https:\/\/pbs.twimg.com\/media\/Cb6xJQdUcAIE4C1.jpg","url":"https:\/\/t.co\/sk1uHyiPG9","display_url":"pic.twitter.com\/sk1uHyiPG9","expanded_url":"http:\/\/twitter.com\/WPDiscover\/status\/702193365442408448\/photo\/1","type":"photo","sizes":{"large":{"w":506,"h":337,"resize":"fit"},"thumb":{"w":150,"h":150,"resize":"crop"},"medium":{"w":506,"h":337,"resize":"fit"},"small":{"w":506,"h":337,"resize":"fit"}}}]},"favorited":false,"retweeted":false,"possibly_sensitive":false,"lang":"en"},{"created_at":"Tue Feb 23 18:00:24 +0000 2016","id":702191291124178944,"id_str":"702191291124178944","text":"Writing the SparkNotes for \"Go Set a Watchman,\" by @AdrienneRaphel (@parisreview): https:\/\/t.co\/PbY2KAFpPb https:\/\/t.co\/wYfRcuIofP","source":"\u003ca href=\"http:\/\/publicize.wp.com\/\" rel=\"nofollow\"\u003eWordPress.com\u003c\/a\u003e","truncated":false,"in_reply_to_status_id":null,"in_reply_to_status_id_str":null,"in_reply_to_user_id":null,"in_reply_to_user_id_str":null,"in_reply_to_screen_name":null,"user":{"id":176553048,"id_str":"176553048","name":"WordPress Discover","screen_name":"WPDiscover","location":"Worldwide","description":"Sharing the best content published with WordPress, including editors' picks, recommended sites, and more. An @Automattic product.","url":"http:\/\/t.co\/NLZKuO3i61","entities":{"url":{"urls":[{"url":"http:\/\/t.co\/NLZKuO3i61","expanded_url":"http:\/\/discover.wordpress.com","display_url":"discover.wordpress.com","indices":[0,22]}]},"description":{"urls":[]}},"protected":false,"followers_count":7002,"friends_count":103,"listed_count":221,"created_at":"Mon Aug 09 21:09:39 +0000 2010","favourites_count":130,"utc_offset":-18000,"time_zone":"Eastern Time (US & Canada)","geo_enabled":false,"verified":false,"statuses_count":9623,"lang":"en","contributors_enabled":false,"is_translator":false,"is_translation_enabled":false,"profile_background_color":"F3F6F8","profile_background_image_url":"http:\/\/pbs.twimg.com\/profile_background_images\/677449673\/89eaca8b8c21bae0c4f4c2ceeca22a05.gif","profile_background_image_url_https":"https:\/\/pbs.twimg.com\/profile_background_images\/677449673\/89eaca8b8c21bae0c4f4c2ceeca22a05.gif","profile_background_tile":false,"profile_image_url":"http:\/\/pbs.twimg.com\/profile_images\/668826469699743744\/klZvtXY-_normal.png","profile_image_url_https":"https:\/\/pbs.twimg.com\/profile_images\/668826469699743744\/klZvtXY-_normal.png","profile_banner_url":"https:\/\/pbs.twimg.com\/profile_banners\/176553048\/1448295773","profile_link_color":"0087BE","profile_sidebar_border_color":"FFFFFF","profile_sidebar_fill_color":"C9C9C9","profile_text_color":"1C1F23","profile_use_background_image":false,"has_extended_profile":false,"default_profile":false,"default_profile_image":false,"following":false,"follow_request_sent":false,"notifications":false},"geo":null,"coordinates":null,"place":null,"contributors":null,"is_quote_status":false,"retweet_count":5,"favorite_count":13,"entities":{"hashtags":[],"symbols":[],"user_mentions":[{"screen_name":"AdrienneRaphel","name":"Adrienne Raphel","id":1365318390,"id_str":"1365318390","indices":[51,66]},{"screen_name":"parisreview","name":"The Paris Review","id":71256932,"id_str":"71256932","indices":[68,80]}],"urls":[{"url":"https:\/\/t.co\/PbY2KAFpPb","expanded_url":"https:\/\/discover.wordpress.com\/2016\/02\/23\/my-harper-lee-sparknotes","display_url":"discover.wordpress.com\/2016\/02\/23\/my-\u2026","indices":[83,106]}],"media":[{"id":702191289949794304,"id_str":"702191289949794304","indices":[107,130],"media_url":"http:\/\/pbs.twimg.com\/media\/Cb6vQgHUsAANLnj.jpg","media_url_https":"https:\/\/pbs.twimg.com\/media\/Cb6vQgHUsAANLnj.jpg","url":"https:\/\/t.co\/wYfRcuIofP","display_url":"pic.twitter.com\/wYfRcuIofP","expanded_url":"http:\/\/twitter.com\/WPDiscover\/status\/702191291124178944\/photo\/1","type":"photo","sizes":{"small":{"w":680,"h":454,"resize":"fit"},"large":{"w":1024,"h":683,"resize":"fit"},"thumb":{"w":150,"h":150,"resize":"crop"},"medium":{"w":1024,"h":683,"resize":"fit"}}}]},"extended_entities":{"media":[{"id":702191289949794304,"id_str":"702191289949794304","indices":[107,130],"media_url":"http:\/\/pbs.twimg.com\/media\/Cb6vQgHUsAANLnj.jpg","media_url_https":"https:\/\/pbs.twimg.com\/media\/Cb6vQgHUsAANLnj.jpg","url":"https:\/\/t.co\/wYfRcuIofP","display_url":"pic.twitter.com\/wYfRcuIofP","expanded_url":"http:\/\/twitter.com\/WPDiscover\/status\/702191291124178944\/photo\/1","type":"photo","sizes":{"small":{"w":680,"h":454,"resize":"fit"},"large":{"w":1024,"h":683,"resize":"fit"},"thumb":{"w":150,"h":150,"resize":"crop"},"medium":{"w":1024,"h":683,"resize":"fit"}}}]},"favorited":false,"retweeted":false,"possibly_sensitive":false,"lang":"en"},{"created_at":"Tue Feb 23 14:00:43 +0000 2016","id":702130972733501440,"id_str":"702130972733501440","text":"Cornwall Photographic\u2014a site of scenic travel and landscape photography in England: https:\/\/t.co\/9ugMAsXAxE https:\/\/t.co\/8dhQKyy7Ws","source":"\u003ca href=\"http:\/\/publicize.wp.com\/\" rel=\"nofollow\"\u003eWordPress.com\u003c\/a\u003e","truncated":false,"in_reply_to_status_id":null,"in_reply_to_status_id_str":null,"in_reply_to_user_id":null,"in_reply_to_user_id_str":null,"in_reply_to_screen_name":null,"user":{"id":176553048,"id_str":"176553048","name":"WordPress Discover","screen_name":"WPDiscover","location":"Worldwide","description":"Sharing the best content published with WordPress, including editors' picks, recommended sites, and more. An @Automattic product.","url":"http:\/\/t.co\/NLZKuO3i61","entities":{"url":{"urls":[{"url":"http:\/\/t.co\/NLZKuO3i61","expanded_url":"http:\/\/discover.wordpress.com","display_url":"discover.wordpress.com","indices":[0,22]}]},"description":{"urls":[]}},"protected":false,"followers_count":7002,"friends_count":103,"listed_count":221,"created_at":"Mon Aug 09 21:09:39 +0000 2010","favourites_count":130,"utc_offset":-18000,"time_zone":"Eastern Time (US & Canada)","geo_enabled":false,"verified":false,"statuses_count":9623,"lang":"en","contributors_enabled":false,"is_translator":false,"is_translation_enabled":false,"profile_background_color":"F3F6F8","profile_background_image_url":"http:\/\/pbs.twimg.com\/profile_background_images\/677449673\/89eaca8b8c21bae0c4f4c2ceeca22a05.gif","profile_background_image_url_https":"https:\/\/pbs.twimg.com\/profile_background_images\/677449673\/89eaca8b8c21bae0c4f4c2ceeca22a05.gif","profile_background_tile":false,"profile_image_url":"http:\/\/pbs.twimg.com\/profile_images\/668826469699743744\/klZvtXY-_normal.png","profile_image_url_https":"https:\/\/pbs.twimg.com\/profile_images\/668826469699743744\/klZvtXY-_normal.png","profile_banner_url":"https:\/\/pbs.twimg.com\/profile_banners\/176553048\/1448295773","profile_link_color":"0087BE","profile_sidebar_border_color":"FFFFFF","profile_sidebar_fill_color":"C9C9C9","profile_text_color":"1C1F23","profile_use_background_image":false,"has_extended_profile":false,"default_profile":false,"default_profile_image":false,"following":false,"follow_request_sent":false,"notifications":false},"geo":null,"coordinates":null,"place":null,"contributors":null,"is_quote_status":false,"retweet_count":2,"favorite_count":4,"entities":{"hashtags":[],"symbols":[],"user_mentions":[],"urls":[{"url":"https:\/\/t.co\/9ugMAsXAxE","expanded_url":"https:\/\/discover.wordpress.com\/2016\/02\/23\/cornwall-photographic","display_url":"discover.wordpress.com\/2016\/02\/23\/cor\u2026","indices":[84,107]}],"media":[{"id":702130971483570177,"id_str":"702130971483570177","indices":[108,131],"media_url":"http:\/\/pbs.twimg.com\/media\/Cb54ZgUUAAE-kxV.jpg","media_url_https":"https:\/\/pbs.twimg.com\/media\/Cb54ZgUUAAE-kxV.jpg","url":"https:\/\/t.co\/8dhQKyy7Ws","display_url":"pic.twitter.com\/8dhQKyy7Ws","expanded_url":"http:\/\/twitter.com\/WPDiscover\/status\/702130972733501440\/photo\/1","type":"photo","sizes":{"large":{"w":1024,"h":257,"resize":"fit"},"small":{"w":680,"h":171,"resize":"fit"},"medium":{"w":1024,"h":257,"resize":"fit"},"thumb":{"w":150,"h":150,"resize":"crop"}}}]},"extended_entities":{"media":[{"id":702130971483570177,"id_str":"702130971483570177","indices":[108,131],"media_url":"http:\/\/pbs.twimg.com\/media\/Cb54ZgUUAAE-kxV.jpg","media_url_https":"https:\/\/pbs.twimg.com\/media\/Cb54ZgUUAAE-kxV.jpg","url":"https:\/\/t.co\/8dhQKyy7Ws","display_url":"pic.twitter.com\/8dhQKyy7Ws","expanded_url":"http:\/\/twitter.com\/WPDiscover\/status\/702130972733501440\/photo\/1","type":"photo","sizes":{"large":{"w":1024,"h":257,"resize":"fit"},"small":{"w":680,"h":171,"resize":"fit"},"medium":{"w":1024,"h":257,"resize":"fit"},"thumb":{"w":150,"h":150,"resize":"crop"}}}]},"favorited":false,"retweeted":false,"possibly_sensitive":false,"lang":"en"},{"created_at":"Tue Feb 23 09:01:04 +0000 2016","id":702055563333468160,"id_str":"702055563333468160","text":"\"If Eco is a dead end, it\u2019s one that\u2019s still worth taking...\" \u2014 @nevalalee on Umberto Eco: https:\/\/t.co\/xFuSi5rone https:\/\/t.co\/PXTR1bh52O","source":"\u003ca href=\"http:\/\/publicize.wp.com\/\" rel=\"nofollow\"\u003eWordPress.com\u003c\/a\u003e","truncated":false,"in_reply_to_status_id":null,"in_reply_to_status_id_str":null,"in_reply_to_user_id":null,"in_reply_to_user_id_str":null,"in_reply_to_screen_name":null,"user":{"id":176553048,"id_str":"176553048","name":"WordPress Discover","screen_name":"WPDiscover","location":"Worldwide","description":"Sharing the best content published with WordPress, including editors' picks, recommended sites, and more. An @Automattic product.","url":"http:\/\/t.co\/NLZKuO3i61","entities":{"url":{"urls":[{"url":"http:\/\/t.co\/NLZKuO3i61","expanded_url":"http:\/\/discover.wordpress.com","display_url":"discover.wordpress.com","indices":[0,22]}]},"description":{"urls":[]}},"protected":false,"followers_count":7002,"friends_count":103,"listed_count":221,"created_at":"Mon Aug 09 21:09:39 +0000 2010","favourites_count":130,"utc_offset":-18000,"time_zone":"Eastern Time (US & Canada)","geo_enabled":false,"verified":false,"statuses_count":9623,"lang":"en","contributors_enabled":false,"is_translator":false,"is_translation_enabled":false,"profile_background_color":"F3F6F8","profile_background_image_url":"http:\/\/pbs.twimg.com\/profile_background_images\/677449673\/89eaca8b8c21bae0c4f4c2ceeca22a05.gif","profile_background_image_url_https":"https:\/\/pbs.twimg.com\/profile_background_images\/677449673\/89eaca8b8c21bae0c4f4c2ceeca22a05.gif","profile_background_tile":false,"profile_image_url":"http:\/\/pbs.twimg.com\/profile_images\/668826469699743744\/klZvtXY-_normal.png","profile_image_url_https":"https:\/\/pbs.twimg.com\/profile_images\/668826469699743744\/klZvtXY-_normal.png","profile_banner_url":"https:\/\/pbs.twimg.com\/profile_banners\/176553048\/1448295773","profile_link_color":"0087BE","profile_sidebar_border_color":"FFFFFF","profile_sidebar_fill_color":"C9C9C9","profile_text_color":"1C1F23","profile_use_background_image":false,"has_extended_profile":false,"default_profile":false,"default_profile_image":false,"following":false,"follow_request_sent":false,"notifications":false},"geo":null,"coordinates":null,"place":null,"contributors":null,"is_quote_status":false,"retweet_count":0,"favorite_count":1,"entities":{"hashtags":[],"symbols":[],"user_mentions":[{"screen_name":"nevalalee","name":"Alec Nevala-Lee","id":15321919,"id_str":"15321919","indices":[64,74]}],"urls":[{"url":"https:\/\/t.co\/xFuSi5rone","expanded_url":"https:\/\/discover.wordpress.com\/2016\/02\/23\/the-eco-maker","display_url":"discover.wordpress.com\/2016\/02\/23\/the\u2026","indices":[91,114]}],"media":[{"id":702055562238758916,"id_str":"702055562238758916","indices":[115,138],"media_url":"http:\/\/pbs.twimg.com\/media\/Cb4z0G_UEAQuB_7.jpg","media_url_https":"https:\/\/pbs.twimg.com\/media\/Cb4z0G_UEAQuB_7.jpg","url":"https:\/\/t.co\/PXTR1bh52O","display_url":"pic.twitter.com\/PXTR1bh52O","expanded_url":"http:\/\/twitter.com\/WPDiscover\/status\/702055563333468160\/photo\/1","type":"photo","sizes":{"medium":{"w":1024,"h":681,"resize":"fit"},"thumb":{"w":150,"h":150,"resize":"crop"},"small":{"w":680,"h":452,"resize":"fit"},"large":{"w":1024,"h":681,"resize":"fit"}}}]},"extended_entities":{"media":[{"id":702055562238758916,"id_str":"702055562238758916","indices":[115,138],"media_url":"http:\/\/pbs.twimg.com\/media\/Cb4z0G_UEAQuB_7.jpg","media_url_https":"https:\/\/pbs.twimg.com\/media\/Cb4z0G_UEAQuB_7.jpg","url":"https:\/\/t.co\/PXTR1bh52O","display_url":"pic.twitter.com\/PXTR1bh52O","expanded_url":"http:\/\/twitter.com\/WPDiscover\/status\/702055563333468160\/photo\/1","type":"photo","sizes":{"medium":{"w":1024,"h":681,"resize":"fit"},"thumb":{"w":150,"h":150,"resize":"crop"},"small":{"w":680,"h":452,"resize":"fit"},"large":{"w":1024,"h":681,"resize":"fit"}}}]},"favorited":false,"retweeted":false,"possibly_sensitive":false,"lang":"en"},{"created_at":"Mon Feb 22 20:00:50 +0000 2016","id":701859211366412288,"id_str":"701859211366412288","text":"Why is Apple fighting the FBI? From @PaulbernalUK: https:\/\/t.co\/IsH9TOAqAm https:\/\/t.co\/hSRAkpiEHT","source":"\u003ca href=\"http:\/\/publicize.wp.com\/\" rel=\"nofollow\"\u003eWordPress.com\u003c\/a\u003e","truncated":false,"in_reply_to_status_id":null,"in_reply_to_status_id_str":null,"in_reply_to_user_id":null,"in_reply_to_user_id_str":null,"in_reply_to_screen_name":null,"user":{"id":176553048,"id_str":"176553048","name":"WordPress Discover","screen_name":"WPDiscover","location":"Worldwide","description":"Sharing the best content published with WordPress, including editors' picks, recommended sites, and more. An @Automattic product.","url":"http:\/\/t.co\/NLZKuO3i61","entities":{"url":{"urls":[{"url":"http:\/\/t.co\/NLZKuO3i61","expanded_url":"http:\/\/discover.wordpress.com","display_url":"discover.wordpress.com","indices":[0,22]}]},"description":{"urls":[]}},"protected":false,"followers_count":7002,"friends_count":103,"listed_count":221,"created_at":"Mon Aug 09 21:09:39 +0000 2010","favourites_count":130,"utc_offset":-18000,"time_zone":"Eastern Time (US & Canada)","geo_enabled":false,"verified":false,"statuses_count":9623,"lang":"en","contributors_enabled":false,"is_translator":false,"is_translation_enabled":false,"profile_background_color":"F3F6F8","profile_background_image_url":"http:\/\/pbs.twimg.com\/profile_background_images\/677449673\/89eaca8b8c21bae0c4f4c2ceeca22a05.gif","profile_background_image_url_https":"https:\/\/pbs.twimg.com\/profile_background_images\/677449673\/89eaca8b8c21bae0c4f4c2ceeca22a05.gif","profile_background_tile":false,"profile_image_url":"http:\/\/pbs.twimg.com\/profile_images\/668826469699743744\/klZvtXY-_normal.png","profile_image_url_https":"https:\/\/pbs.twimg.com\/profile_images\/668826469699743744\/klZvtXY-_normal.png","profile_banner_url":"https:\/\/pbs.twimg.com\/profile_banners\/176553048\/1448295773","profile_link_color":"0087BE","profile_sidebar_border_color":"FFFFFF","profile_sidebar_fill_color":"C9C9C9","profile_text_color":"1C1F23","profile_use_background_image":false,"has_extended_profile":false,"default_profile":false,"default_profile_image":false,"following":false,"follow_request_sent":false,"notifications":false},"geo":null,"coordinates":null,"place":null,"contributors":null,"is_quote_status":false,"retweet_count":1,"favorite_count":0,"entities":{"hashtags":[],"symbols":[],"user_mentions":[{"screen_name":"PaulbernalUK","name":"Paul Bernal","id":15082486,"id_str":"15082486","indices":[36,49]}],"urls":[{"url":"https:\/\/t.co\/IsH9TOAqAm","expanded_url":"https:\/\/discover.wordpress.com\/2016\/02\/22\/why-is-apple-fighting-the-fbi","display_url":"discover.wordpress.com\/2016\/02\/22\/why\u2026","indices":[51,74]}],"media":[{"id":701859210145824768,"id_str":"701859210145824768","indices":[75,98],"media_url":"http:\/\/pbs.twimg.com\/media\/Cb2BO6cUAAA0M8K.jpg","media_url_https":"https:\/\/pbs.twimg.com\/media\/Cb2BO6cUAAA0M8K.jpg","url":"https:\/\/t.co\/hSRAkpiEHT","display_url":"pic.twitter.com\/hSRAkpiEHT","expanded_url":"http:\/\/twitter.com\/WPDiscover\/status\/701859211366412288\/photo\/1","type":"photo","sizes":{"small":{"w":680,"h":453,"resize":"fit"},"medium":{"w":1024,"h":682,"resize":"fit"},"thumb":{"w":150,"h":150,"resize":"crop"},"large":{"w":1024,"h":682,"resize":"fit"}}}]},"extended_entities":{"media":[{"id":701859210145824768,"id_str":"701859210145824768","indices":[75,98],"media_url":"http:\/\/pbs.twimg.com\/media\/Cb2BO6cUAAA0M8K.jpg","media_url_https":"https:\/\/pbs.twimg.com\/media\/Cb2BO6cUAAA0M8K.jpg","url":"https:\/\/t.co\/hSRAkpiEHT","display_url":"pic.twitter.com\/hSRAkpiEHT","expanded_url":"http:\/\/twitter.com\/WPDiscover\/status\/701859211366412288\/photo\/1","type":"photo","sizes":{"small":{"w":680,"h":453,"resize":"fit"},"medium":{"w":1024,"h":682,"resize":"fit"},"thumb":{"w":150,"h":150,"resize":"crop"},"large":{"w":1024,"h":682,"resize":"fit"}}}]},"favorited":false,"retweeted":false,"possibly_sensitive":false,"lang":"en"},{"created_at":"Mon Feb 22 18:04:59 +0000 2016","id":701830058122457088,"id_str":"701830058122457088","text":"A place to find our words \u2014 five bloggers describe their writing spaces: https:\/\/t.co\/CNKX5tT1ZW https:\/\/t.co\/z9YwnjRPBx","source":"\u003ca href=\"http:\/\/twitter.com\" rel=\"nofollow\"\u003eTwitter Web Client\u003c\/a\u003e","truncated":false,"in_reply_to_status_id":null,"in_reply_to_status_id_str":null,"in_reply_to_user_id":null,"in_reply_to_user_id_str":null,"in_reply_to_screen_name":null,"user":{"id":176553048,"id_str":"176553048","name":"WordPress Discover","screen_name":"WPDiscover","location":"Worldwide","description":"Sharing the best content published with WordPress, including editors' picks, recommended sites, and more. An @Automattic product.","url":"http:\/\/t.co\/NLZKuO3i61","entities":{"url":{"urls":[{"url":"http:\/\/t.co\/NLZKuO3i61","expanded_url":"http:\/\/discover.wordpress.com","display_url":"discover.wordpress.com","indices":[0,22]}]},"description":{"urls":[]}},"protected":false,"followers_count":7002,"friends_count":103,"listed_count":221,"created_at":"Mon Aug 09 21:09:39 +0000 2010","favourites_count":130,"utc_offset":-18000,"time_zone":"Eastern Time (US & Canada)","geo_enabled":false,"verified":false,"statuses_count":9623,"lang":"en","contributors_enabled":false,"is_translator":false,"is_translation_enabled":false,"profile_background_color":"F3F6F8","profile_background_image_url":"http:\/\/pbs.twimg.com\/profile_background_images\/677449673\/89eaca8b8c21bae0c4f4c2ceeca22a05.gif","profile_background_image_url_https":"https:\/\/pbs.twimg.com\/profile_background_images\/677449673\/89eaca8b8c21bae0c4f4c2ceeca22a05.gif","profile_background_tile":false,"profile_image_url":"http:\/\/pbs.twimg.com\/profile_images\/668826469699743744\/klZvtXY-_normal.png","profile_image_url_https":"https:\/\/pbs.twimg.com\/profile_images\/668826469699743744\/klZvtXY-_normal.png","profile_banner_url":"https:\/\/pbs.twimg.com\/profile_banners\/176553048\/1448295773","profile_link_color":"0087BE","profile_sidebar_border_color":"FFFFFF","profile_sidebar_fill_color":"C9C9C9","profile_text_color":"1C1F23","profile_use_background_image":false,"has_extended_profile":false,"default_profile":false,"default_profile_image":false,"following":false,"follow_request_sent":false,"notifications":false},"geo":null,"coordinates":null,"place":null,"contributors":null,"is_quote_status":false,"retweet_count":16,"favorite_count":29,"entities":{"hashtags":[],"symbols":[],"user_mentions":[],"urls":[{"url":"https:\/\/t.co\/CNKX5tT1ZW","expanded_url":"http:\/\/wp.me\/p3Ca1O-2HO","display_url":"wp.me\/p3Ca1O-2HO","indices":[73,96]}],"media":[{"id":701830057237413888,"id_str":"701830057237413888","indices":[97,120],"media_url":"http:\/\/pbs.twimg.com\/media\/Cb1mt_ZUAAABfQH.jpg","media_url_https":"https:\/\/pbs.twimg.com\/media\/Cb1mt_ZUAAABfQH.jpg","url":"https:\/\/t.co\/z9YwnjRPBx","display_url":"pic.twitter.com\/z9YwnjRPBx","expanded_url":"http:\/\/twitter.com\/WPDiscover\/status\/701830058122457088\/photo\/1","type":"photo","sizes":{"small":{"w":680,"h":453,"resize":"fit"},"large":{"w":2048,"h":1365,"resize":"fit"},"thumb":{"w":150,"h":150,"resize":"crop"},"medium":{"w":1200,"h":800,"resize":"fit"}}}]},"extended_entities":{"media":[{"id":701830057237413888,"id_str":"701830057237413888","indices":[97,120],"media_url":"http:\/\/pbs.twimg.com\/media\/Cb1mt_ZUAAABfQH.jpg","media_url_https":"https:\/\/pbs.twimg.com\/media\/Cb1mt_ZUAAABfQH.jpg","url":"https:\/\/t.co\/z9YwnjRPBx","display_url":"pic.twitter.com\/z9YwnjRPBx","expanded_url":"http:\/\/twitter.com\/WPDiscover\/status\/701830058122457088\/photo\/1","type":"photo","sizes":{"small":{"w":680,"h":453,"resize":"fit"},"large":{"w":2048,"h":1365,"resize":"fit"},"thumb":{"w":150,"h":150,"resize":"crop"},"medium":{"w":1200,"h":800,"resize":"fit"}}}]},"favorited":false,"retweeted":false,"possibly_sensitive":false,"lang":"en"}]