{"wp_rem_user_dashboard_switchs":"on","wp_rem_create_listing_button":"on","wp_rem_create_property_page":"1910","wp_rem_member_dashboard":"1584","wp_rem_package_page":"1586","wp_rem_search_result_page":"1180","wp_rem_email_logs":"off","wp_rem_all_compare_buttons":"on","wp_rem_compare_list_page":"7507","wp_rem_properties_review_option":"off","review_flag_opts":["Fake content","Inappropriate content","Abusive content"],"wp_rem_property_no_custom_fields":"3","wp_rem_term_policy_switch":"on","wp_rem_term_policy_description":"Agreed \u0026lt;a href=\u0026quot;#\u0026quot;\u0026gt;Terms of Use\u0026lt;\/a\u0026gt; and \u0026lt;a href=\u0026quot;#\u0026quot;\u0026gt;Privacy Policy.\u0026lt;\/a\u0026gt;","wp_rem_use_smtp_mail":"on","wp_rem_use_smtp_auth":"on","wp_rem_smtp_host":"smtp.gmail.com","wp_rem_smtp_port":"465","wp_rem_secure_connection_type":"ssl","wp_rem_smtp_username":"chimpgroup.social@gmail.com","wp_rem_smtp_password":"chimp786@","wp_rem_wordwrap_length":"100","wp_rem_smtp_debugging":"on","wp_rem_smtp_sender_email":"chimpgroup.social@gmail.com","wp_rem_sender_name":"Chimp Group1","wp_rem_test_email":"baz@chimpgroup.com","wp_rem_frequency_annually":"off","wp_rem_frequency_biannually":"off","wp_rem_frequency_monthly":"off","wp_rem_frequency_fortnightly":"off","wp_rem_frequency_weekly":"off","wp_rem_frequency_daily":"off","wp_rem_member_review_option":"on","wp_rem_profile_images_ids":["6272","6273","6274","6275","6276","6277","6278","6279","6280","6281","6282","6283","6284","6285","6286","6287","6288","6289","6290","6291"],"wp_rem_profile_images_num":"","wp_rem_default_placeholder_image":"","member_title":["Estate members","Commercial Members","Letting Members"],"member_value":["estate-members","commercial-members","letting-members"],"wp_rem_dashboard_announce_title":"Welcome to your account","wp_rem_dashboard_announce_description":"My Account gives you quick access to settings and tools for managing your Account like [Change address] and [Change password] . You can [manage Property] settings , and access even more [Bookmarks] and [Packages controls] if you Company you also can [Manage Team].","wp_rem_announce_bg_color":"#1f65c6","wp_rem_member_dashboard_pagination":"20","wp_rem_activity_notifications_switch":"on","wp_rem_yelp_places_cats":["nightlife","restaurants","education"],"wp_rem_mortgage_min_year":"","wp_rem_mortgage_max_year":"","wp_rem_mortgage_static_text_block":"All calculation are based on tentative and estimated figure and shall not replace any financial advice.","wp_rem_property_static_envior_text":"Environmental Responsibility","wp_rem_property_static_text_block":"\u0026lt;p\u0026gt;We believe that protecting the environment is key to a high-performing, successful organisation. We’re committed to maintaining and improving the quality of our environment for our employees, residents and the wider community. This means reducing our contribution to climate change, pollution and use of the earth\u0027s scarce resources, by effectively managing energy use, resource use, waste and emissions\u0026lt;\/p\u0026gt;\u0026lt;ul\u0026gt;\u0026lt;li\u0026gt;Strive for intelligent and sustainable solutions in the new homes we build, focusing on energy and water efficiency, sustainable sources of heat and power, materials and air quality\/ventilation.\u0026lt;\/li\u0026gt;\u0026lt;li\u0026gt;Recycle, reduce and reuse in our business operations, from printing to lighting to office supplies.\u0026lt;\/li\u0026gt;\u0026lt;li\u0026gt;Encourage and support our staff to use low-carbon transport, offering bike storage, showers, a ‘Cycle to Work’scheme and oyster cards for work.\u0026lt;\/li\u0026gt;\u0026lt;li\u0026gt;Raise awareness among our residents on how they can reduce energy and water use at home and about the benefits of leading healthier, more sustainable lives.\u0026lt;\/li\u0026gt;\u0026lt;li\u0026gt;Measure and report our environmental performance.\u0026lt;\/li\u0026gt;\u0026lt;\/ul\u0026gt;","wp_rem_property_detail_page_view":"detail_view5","wp_rem_detail_view1_content_gallery":"on","wp_rem_detail_view1_social_networks":"off","wp_rem_detail_view1_bottom_member_info":"on","wp_rem_detail_view1_sidebar_map":"on","wp_rem_detail_view1_sidebar_gallery":"off","wp_rem_detail_view1_sidebar_member_info":"off","wp_rem_detail_view1_sidebar_contact_info":"on","wp_rem_detail_view1_sidebar_mortgage_calculator":"on","wp_rem_detail_view2_content_gallery":"off","wp_rem_detail_view2_social_networks":"off","wp_rem_detail_view2_bottom_member_info":"on","wp_rem_detail_view2_sidebar_map":"on","wp_rem_detail_view2_sidebar_gallery":"on","wp_rem_detail_view2_sidebar_member_info":"on","wp_rem_detail_view2_sidebar_contact_info":"off","wp_rem_detail_view2_sidebar_mortgage_calculator":"on","wp_rem_detail_view3_top_map":"on","wp_rem_detail_view3_top_slider":"on","wp_rem_detail_view3_sticky_navigation":"on","wp_rem_detail_view3_social_networks":"off","wp_rem_detail_view3_bottom_member_info":"off","wp_rem_detail_view3_sidebar_map":"on","wp_rem_detail_view3_sidebar_gallery":"on","wp_rem_detail_view3_sidebar_member_info":"off","wp_rem_detail_view3_sidebar_contact_info":"on","wp_rem_detail_view3_sidebar_mortgage_calculator":"on","wp_rem_detail_view4_top_map":"on","wp_rem_detail_view4_top_slider":"on","wp_rem_detail_view4_sticky_navigation":"on","wp_rem_detail_view4_social_networks":"off","wp_rem_detail_view4_bottom_member_info":"on","wp_rem_detail_view4_sidebar_map":"on","wp_rem_detail_view4_sidebar_gallery":"off","wp_rem_detail_view4_sidebar_member_info":"off","wp_rem_detail_view4_sidebar_contact_info":"on","wp_rem_detail_view4_sidebar_mortgage_calculator":"on","wp_rem_detail_view5_top_gallery_map":"on","wp_rem_detail_view5_sticky_navigation":"on","wp_rem_detail_view5_bottom_member_info":"on","wp_rem_detail_view5_sidebar_map":"off","wp_rem_detail_view5_sidebar_gallery":"off","wp_rem_detail_view5_sidebar_member_info":"off","wp_rem_detail_view5_sidebar_contact_info":"on","wp_rem_detail_view5_sidebar_mortgage_calculator":"off","wp_rem_currency_switch":"on","wp_rem_currency_type":"USD","wp_rem_currency_position":"left","wp_rem_currencies":[{"currency_name":"Pound","currency_symbol":"£","conversion_rate":"0.80"},{"currency_name":"Euro","currency_symbol":"€","conversion_rate":"0.94"}],"wp_rem_vat_switch":"on","wp_rem_payment_vat":"10","wp_rem_use_woocommerce_gateway":"off","wp_rem_paypal_gateway_logo":"","wp_rem_paypal_gateway_status":"on","wp_rem_paypal_sandbox":"on","wp_rem_paypal_email":"addy-facilitator@chimpgroup.com","wp_rem_dir_paypal_ipn_url":"http:\/\/serverwp.com\/homevillas\/wp-content\/plugins\/wp-realestate-manager\/payments\/listner.php","wp_rem_authorizedotnet_gateway_logo":"","wp_rem_authorizedotnet_gateway_status":"on","wp_rem_authorizenet_sandbox":"on","wp_rem_authorizenet_login":"","wp_rem_authorizenet_transaction_key":"","wp_rem_dir_authorizenet_ipn_url":"http:\/\/serverwp.com\/homevillas\/wp-content\/plugins\/wp-realestate-manager\/payments\/listner.php","wp_rem_pre_bank_transfer_logo":"","wp_rem_pre_bank_transfer_status":"on","wp_rem_bank_information":"World Bank","wp_rem_bank_account_id":"0011 202 32124567","wp_rem_other_information":"","wp_rem_skrill_gateway_logo":"","wp_rem_skrill_gateway_status":"on","wp_rem_skrill_email":"","wp_rem_skrill_ipn_url":"http:\/\/serverwp.com\/homevillas\/homevillas\/wp-content\/plugins\/wp-realestate-manager\/payments\/listner.php","wp_rem_map_marker_icon":"8127","wp_rem_map_cluster_icon":"8126","wp_rem_map_slider_view_icon":"6017","wp_rem_map_view_icon":"6018","wp_rem_map_street_view_icon":"6019","wp_rem_map_zoom_level":"12","wp_rem_distance_measure_by":"km","wp_rem_def_map_style":"map-box","wp_rem_map_custom_style":"[{\u0026quot;featureType\u0026quot;:\u0026quot;administrative\u0026quot;,\u0026quot;elementType\u0026quot;:\u0026quot;all\u0026quot;,\u0026quot;stylers\u0026quot;:[{\u0026quot;visibility\u0026quot;:\u0026quot;on\u0026quot;},{\u0026quot;saturation\u0026quot;:-100},{\u0026quot;lightness\u0026quot;:20}]},{\u0026quot;featureType\u0026quot;:\u0026quot;road\u0026quot;,\u0026quot;elementType\u0026quot;:\u0026quot;all\u0026quot;,\u0026quot;stylers\u0026quot;:[{\u0026quot;visibility\u0026quot;:\u0026quot;on\u0026quot;},{\u0026quot;saturation\u0026quot;:-100},{\u0026quot;lightness\u0026quot;:40}]},{\u0026quot;featureType\u0026quot;:\u0026quot;water\u0026quot;,\u0026quot;elementType\u0026quot;:\u0026quot;all\u0026quot;,\u0026quot;stylers\u0026quot;:[{\u0026quot;visibility\u0026quot;:\u0026quot;on\u0026quot;},{\u0026quot;saturation\u0026quot;:-10},{\u0026quot;lightness\u0026quot;:30}]},{\u0026quot;featureType\u0026quot;:\u0026quot;landscape.man_made\u0026quot;,\u0026quot;elementType\u0026quot;:\u0026quot;all\u0026quot;,\u0026quot;stylers\u0026quot;:[{\u0026quot;visibility\u0026quot;:\u0026quot;simplified\u0026quot;},{\u0026quot;saturation\u0026quot;:-60},{\u0026quot;lightness\u0026quot;:10}]},{\u0026quot;featureType\u0026quot;:\u0026quot;landscape.natural\u0026quot;,\u0026quot;elementType\u0026quot;:\u0026quot;all\u0026quot;,\u0026quot;stylers\u0026quot;:[{\u0026quot;visibility\u0026quot;:\u0026quot;simplified\u0026quot;},{\u0026quot;saturation\u0026quot;:-60},{\u0026quot;lightness\u0026quot;:60}]},{\u0026quot;featureType\u0026quot;:\u0026quot;poi\u0026quot;,\u0026quot;elementType\u0026quot;:\u0026quot;all\u0026quot;,\u0026quot;stylers\u0026quot;:[{\u0026quot;visibility\u0026quot;:\u0026quot;off\u0026quot;},{\u0026quot;saturation\u0026quot;:-100},{\u0026quot;lightness\u0026quot;:60}]},{\u0026quot;featureType\u0026quot;:\u0026quot;transit\u0026quot;,\u0026quot;elementType\u0026quot;:\u0026quot;all\u0026quot;,\u0026quot;stylers\u0026quot;:[{\u0026quot;visibility\u0026quot;:\u0026quot;off\u0026quot;},{\u0026quot;saturation\u0026quot;:-100},{\u0026quot;lightness\u0026quot;:60}]}]","wp_rem_post_loc_address":"London, United Kingdom","wp_rem_post_loc_latitude":"51.5073509","wp_rem_post_loc_longitude":"-0.12775829999998223","wp_rem_locations_levels":["country","state","city"],"wp_rem_map_geo_location":"on","wp_rem_map_auto_country_detection":"off","wp_rem_map_address_maximum_text_limit":"100","wp_rem_drawing_tools":"on","wp_rem_drawing_tools_line_color":"#222","wp_rem_drawing_tools_fill_color":"#bcbcbc","wp_rem_location_autocomplete":"on","wp_rem_default_radius_circle":"10","locations_fields_selector":["country","state","city"],"wp_rem_map_markers_data":{"image":["","","","","","","","","","","",""],"icon":["mapnearby-shopping_mall","mapnearby-school","mapnearby-bank","mapnearby-hospital","mapnearby-bakery","mapnearby-pharmacy","mapnearby-synagogue","mapnearby-night_club","mapnearby-hindu_temple","mapnearby-mosque","mapnearby-embassy","mapnearby-airport"],"icon_group":["mapnearby","mapnearby","mapnearby","mapnearby","mapnearby","mapnearby","mapnearby","mapnearby","mapnearby","mapnearby","mapnearby","mapnearby"],"icon_type":["icon","icon","icon","icon","icon","icon","icon","icon","icon","icon","icon","icon"],"map_image":["8308","8306","8324","8275","8235","8296","8322","8292","8273","8288","8258","8325"],"label":["Malls","School","Bank","Hospitals","Bakery","Pharmacy","Synagogue","Night Club","Temple","Mousque","Embassy","Airport"],"type":["shopping_mall","school","bank","hospital","bakery","pharmacy","synagogue","night_club","hindu_temple","mosque","embassy","airport"]},"wp_rem_twitter_autopost_switch":"on","wp_rem_facebook_autopost_switch":"on","wp_rem_linkedin_autopost_switch":"on","wp_rem_twitter_api_switch":"on","wp_rem_facebook_login_switch":"on","wp_rem_google_login_switch":"on","wp_rem_consumer_key":"xq91NhONYNYkuKk4zwSyvBpdj","wp_rem_consumer_secret":"WY4dd67OzMPfGvFeAOCkokksToIKDpHe92c9nL9puwpKbCDspD","wp_rem_access_token":"ir9tzQ2h5NWWdTjwXgGd9QzeCyWafqpb37zsG4kVM9FDg","wp_rem_access_token_secret":"3266903330-G1lI4SIaFfC3ffUL8Ti2uJDT64gbv3KGOd8fqrZ","wp_rem_facebook_app_id":"381282732205692","wp_rem_facebook_secret":"63b1eef9e6b07eaa218b909b565a0b87","wp_rem_facebook_access_token":"EAAFaxk3P5nwBAKzp5VL2kCPauvBEHRPRWiM6Ta1potQp3o6SmnD0GGb7kwU27ZCqA5RK7zYyUDZB9eU0EZCcOwtv0d6vwGItNhIhEZCU8ZCya1aGMMpoCElCNbpef9WT19WKQ3ell9LVF0aq7cTUmkmznqGqw8IwZD","wp_rem_google_client_id":"307125859622-isffjis4j1kh4emt5s2psbjmm2p4svbs.apps.googleusercontent.com","wp_rem_google_client_secret":"K0Ad_cA9eszCrU6YypfrLvn-","wp_rem_google_api_key":"AIzaSyAHmRzv4SBvZmbrpmtFuGiaYDBIrnBRUFU","wp_rem_google_login_redirect_url":"http:\/\/serverwp.com\/homevillas\/wp-login.php?loginGoogle=1","wp_rem_captcha_switch":"off","wp_rem_sitekey":"6LfzSxIUAAAAADmaB7gQqIXZ34ZdBgw5DthD79nx","wp_rem_secretkey":"6LfzSxIUAAAAABJiyYW5SjGqS6h0bU3O7EE4jycc","wp_rem_linkedin_app_id":"81cdblpqk34vo0","wp_rem_linkedin_secret":"mjL7Ssxwmf97SVE4","wp_rem_linkedin_access_token":"","wp_rem_yelp_app_id":"J7O80Ba-ZZl7LZePgkEVtA","wp_rem_yelp_secret":" BwjpAOcFszdGIo6R82S6SUghYfEMqsZBQ9PJJch7ERh2X2xG0Jao2X4XJQE6eV2C","wp_rem_yelp_access_token":"SjfqAx-e-dO74Oppd9FFbLx-nd1tZH0RlKcPYLJarAd0y9lTMhP8_DG78jEOM0De9qeu7cpoWY5FW0UnlwJN51JCQtLRKQA59gOuYf2RRpq16YjH4buQEtK7ggFZWHYx","wp_rem_walkscore_api_key":"765b0508002bc955c5fb3761d5e1ab9c","banner_title_input":"","banner_style_input":"top_banner","banner_type_input":"image","wp_rem_banner_field_image":"","banner_field_url_input":"","banner_target_input":"_self","adsense_code_input":[""],"wp_rem_banner_title":["Properties Banner","Properties Banner 2","Properties Banner 3","Properties Banner 4","Banner Properties","Property Properties","Agents Properties"],"wp_rem_banner_style":["property_banner","top_banner","sidebar_banner","sidebar_banner","top_banner","sidebar_banner","sidebar_banner"],"wp_rem_banner_type":["image","image","image","image","image","image","image"],"wp_rem_banner_image_array":["6216","6219","6218","6217","6217","6215","6221"],"wp_rem_banner_field_url":["https:\/\/themeforest.net\/item\/home-villa-real-estate-wordpress-theme\/19446059","https:\/\/themeforest.net\/item\/home-villa-real-estate-wordpress-theme\/19446059","https:\/\/themeforest.net\/item\/home-villa-real-estate-wordpress-theme\/19446059","https:\/\/themeforest.net\/item\/home-villa-real-estate-wordpress-theme\/19446059","https:\/\/themeforest.net\/item\/home-villa-real-estate-wordpress-theme\/19446059","https:\/\/themeforest.net\/item\/home-villa-real-estate-wordpress-theme\/19446059","https:\/\/themeforest.net\/item\/home-villa-real-estate-wordpress-theme\/19446059"],"wp_rem_banner_target":["_self","_self","_self","_self","_self","_self","_self"],"wp_rem_banner_adsense_code":["","","","","","",""],"wp_rem_banner_field_code_no":["810796","875645","923693","277206","724195","125039","340139"],"wp_rem_social_share":"on","wp_rem_facebook_share":"on","wp_rem_twitter_share":"on","wp_rem_google_plus_share":"on","wp_rem_pintrest_share":"on","wp_rem_tumblr_share":"on","wp_rem_dribbble_share":"on","wp_rem_instagram_share":"on","wp_rem_stumbleupon_share":"on","wp_rem_youtube_share":"off","wp_rem_share_share":"on","wp_rem_":"","_wpnonce-cs-import-users-page":"cdd5645258","_wp_http_referer":"\/homevillas\/wp-admin\/admin.php?page=wp_rem_settings","_wpnonce-cs-export-users-page":"4fe5e6f723","wp_rem_demo_user_login_switch":"on","wp_rem_demo_user_modification_allowed_switch":"on","wp_rem_demo_user_agency":"33","orders_color":["#ffba00","#7ad03a","#aa0000"],"orders_status":["Processing","Completed","Canceled"],"action":"plugin_option_save","wp_rem_linkedin_app_redirect_uri":"http:\/\/serverwp.com\/homevillas","fixed_price_opt":{"guide-price":"Guide Price","asking-price":"Asking Price","offers-in-region-of":"Offers in region of","offers-in-excess-of":"Offers in excess of","offer-over":"Offer Over","fixed-price":"Fixed price"},"wp_rem_extra_features_options":[],"wp_rem_packages_options":[],"wp_rem_feats_options":[]}